t,d0_x,d0_y,d0_z,d0_zerr,d0_velxy,d0_arm,d0_nav,d0_mpc,d0_solve_ms,d0_fallback,d0_hover,d0_poserr,d0_planratio,d0_clipn,d1_x,d1_y,d1_z,d1_zerr,d1_velxy,d1_arm,d1_nav,d1_mpc,d1_solve_ms,d1_fallback,d1_hover,d1_poserr,d1_planratio,d1_clipn,d2_x,d2_y,d2_z,d2_zerr,d2_velxy,d2_arm,d2_nav,d2_mpc,d2_solve_ms,d2_fallback,d2_hover,d2_poserr,d2_planratio,d2_clipn,d3_x,d3_y,d3_z,d3_zerr,d3_velxy,d3_arm,d3_nav,d3_mpc,d3_solve_ms,d3_fallback,d3_hover,d3_poserr,d3_planratio,d3_clipn,d4_x,d4_y,d4_z,d4_zerr,d4_velxy,d4_arm,d4_nav,d4_mpc,d4_solve_ms,d4_fallback,d4_hover,d4_poserr,d4_planratio,d4_clipn,d5_x,d5_y,d5_z,d5_zerr,d5_velxy,d5_arm,d5_nav,d5_mpc,d5_solve_ms,d5_fallback,d5_hover,d5_poserr,d5_planratio,d5_clipn,d6_x,d6_y,d6_z,d6_zerr,d6_velxy,d6_arm,d6_nav,d6_mpc,d6_solve_ms,d6_fallback,d6_hover,d6_poserr,d6_planratio,d6_clipn,d7_x,d7_y,d7_z,d7_zerr,d7_velxy,d7_arm,d7_nav,d7_mpc,d7_solve_ms,d7_fallback,d7_hover,d7_poserr,d7_planratio,d7_clipn,d8_x,d8_y,d8_z,d8_zerr,d8_velxy,d8_arm,d8_nav,d8_mpc,d8_solve_ms,d8_fallback,d8_hover,d8_poserr,d8_planratio,d8_clipn,min_spacing,formation_max_err,safety_violations,total_fallbacks,max_solve_ms,leader_x,leader_y,leader_vx,leader_vy
1.0,0.269,-0.192,-1.360,3.640,0.055,2,14,0,0.334,0,0,0.068,0.1450,0,-0.084,3.024,0.265,5.265,0.037,2,14,0,0.329,0,0,0.089,0.9359,0,0.262,-2.990,0.457,5.457,0.038,0,0,0,0.325,0,0,0.081,0.9362,0,2.809,-0.357,-0.799,4.201,0.095,0,0,0,0.412,0,0,0.192,0.9384,0,-3.210,0.120,0.913,5.913,0.008,0,0,0,0.364,0,0,0.039,0.9420,0,3.064,3.005,0.376,5.376,0.093,0,0,0,0.437,0,0,0.074,0.3035,0,-3.222,2.951,-0.400,4.600,0.049,0,0,0,0.432,0,0,0.128,0.2201,0,2.623,-3.049,-0.634,4.366,0.025,2,14,0,0.395,0,0,0.054,0.3433,0,-3.284,-3.325,-0.052,4.948,0.045,0,0,0,0.331,0,0,0.100,0.4108,0,2.602,0.432,0,0,0.437,0.000,0.000,0.000,0.000
2.0,0.304,-0.079,-1.751,3.249,0.019,2,14,0,0.333,0,0,0.053,0.1450,0,-0.070,2.907,-0.207,4.793,0.169,2,14,0,0.273,0,0,0.032,0.9359,0,0.186,-2.883,-0.048,4.952,0.022,2,14,0,0.323,0,0,0.097,0.9362,0,2.547,-0.310,-1.297,3.703,0.125,2,14,0,0.332,0,0,0.086,0.9384,0,-3.269,0.119,0.266,5.266,0.070,2,14,0,0.319,0,0,0.020,0.9420,0,3.190,3.058,-0.136,4.864,0.056,2,14,0,0.270,0,0,0.067,0.3035,0,-3.327,3.119,-0.896,4.104,0.050,2,14,0,0.302,0,0,0.092,0.2201,0,2.675,-3.084,-1.200,3.800,0.134,2,14,0,0.293,0,0,0.033,0.3433,0,-3.150,-3.234,-0.488,4.512,0.093,2,14,0,0.382,0,0,0.067,0.4108,0,2.300,0.549,0,0,0.382,0.000,0.000,0.000,0.000
3.0,0.309,-0.171,-2.880,2.120,0.050,2,14,0,0.389,0,0,0.047,0.1450,0,-0.104,2.924,-0.859,4.141,0.066,2,14,0,0.269,0,0,0.041,0.9359,0,0.206,-2.955,-0.617,4.383,0.067,2,14,0,0.323,0,0,0.036,0.9362,0,2.620,-0.336,-2.321,2.679,0.078,2,14,0,0.379,0,0,0.022,0.9384,0,-3.274,0.130,-0.259,4.741,0.042,2,14,0,0.360,0,1,0.029,0.9420,0,3.221,3.053,-0.828,4.172,0.091,2,14,0,0.302,0,0,0.094,0.3035,0,-3.313,3.065,-1.892,3.108,0.085,2,14,0,0.335,0,0,0.041,0.2201,0,2.708,-3.121,-2.353,2.647,0.053,2,14,0,0.482,0,0,0.065,0.3433,0,-3.193,-3.263,-1.543,3.457,0.056,2,14,0,0.332,0,0,0.011,0.4108,0,2.383,0.507,0,0,0.482,0.000,0.000,0.000,0.000
4.0,0.323,-0.142,-4.051,0.949,0.043,2,14,0,0.237,0,0,0.037,0.1450,0,-0.100,2.936,-2.055,2.945,0.058,2,14,0,0.367,0,0,0.034,0.9359,0,0.166,-2.982,-1.887,3.113,0.017,2,14,0,0.297,0,0,0.016,0.9362,0,2.601,-0.338,-3.513,1.487,0.068,2,14,0,0.210,0,0,0.026,0.9384,0,-3.262,0.100,-0.894,4.106,0.038,2,14,0,0.314,0,0,0.023,0.9420,0,3.147,3.026,-2.016,2.984,0.052,2,14,0,0.364,0,0,0.020,0.3035,0,-3.341,3.022,-3.182,1.818,0.028,2,14,0,0.300,0,0,0.016,0.2201,0,2.683,-3.113,-3.498,1.502,0.078,2,14,0,0.263,0,0,0.040,0.3433,0,-3.223,-3.244,-2.787,2.213,0.039,2,14,0,0.387,0,0,0.031,0.4108,0,2.350,0.523,0,0,0.387,0.000,0.000,0.000,0.000
5.0,0.318,-0.135,-4.551,0.449,0.101,2,14,0,0.204,0,0,0.035,0.1450,0,-0.053,2.989,-3.390,1.610,0.047,2,14,0,0.340,0,0,0.052,0.9359,0,0.153,-2.977,-3.256,1.744,0.065,2,14,0,0.347,0,0,0.030,0.9362,0,2.641,-0.376,-4.102,0.898,0.038,2,14,0,0.209,0,0,0.030,0.9384,0,-3.272,0.134,-2.243,2.757,0.077,2,14,0,0.329,0,0,0.030,0.9420,0,3.135,3.053,-3.351,1.649,0.045,2,14,0,0.375,0,0,0.019,0.3035,0,-3.312,3.046,-4.026,0.974,0.025,2,14,0,0.206,0,0,0.024,0.2201,0,2.604,-3.096,-4.142,0.858,0.062,2,14,0,0.198,0,0,0.044,0.3433,0,-3.193,-3.284,-3.865,1.135,0.042,2,14,0,0.205,0,0,0.019,0.4108,0,2.378,0.520,0,0,0.375,0.000,0.000,0.000,0.000
6.0,0.239,-0.103,-4.760,0.240,0.067,2,14,0,0.173,0,0,0.057,0.1450,0,-0.110,2.991,-4.090,0.910,0.068,2,14,0,0.204,0,0,0.069,0.9359,0,0.227,-2.981,-4.074,0.926,0.018,2,14,0,0.204,0,0,0.044,0.9362,0,2.640,-0.363,-4.287,0.713,0.032,2,14,0,0.170,0,0,0.022,0.9384,0,-3.229,0.163,-3.532,1.468,0.026,2,14,0,0.201,0,0,0.051,0.9420,0,3.056,3.054,-4.043,0.957,0.063,2,14,0,0.198,0,0,0.078,0.3035,0,-3.308,3.027,-4.164,0.836,0.063,2,14,0,0.252,0,0,0.019,0.2201,0,2.593,-3.089,-4.385,0.615,0.053,2,14,0,0.249,0,0,0.054,0.3433,0,-3.178,-3.238,-4.171,0.829,0.050,2,14,0,0.200,0,0,0.038,0.4108,0,2.389,0.511,0,0,0.252,0.000,0.000,0.000,0.000
7.0,0.266,-0.131,-4.833,0.167,0.032,2,14,0,0.209,0,0,0.023,0.1450,0,-0.075,2.994,-4.191,0.809,0.071,2,14,0,0.199,0,0,0.058,0.9359,0,0.202,-3.011,-4.208,0.792,0.076,2,14,0,0.204,0,0,0.039,0.9362,0,2.612,-0.369,-4.387,0.613,0.024,2,14,0,0.242,0,0,0.013,0.9384,0,-3.208,0.097,-4.187,0.813,0.019,2,14,0,0.206,0,0,0.043,0.9420,0,3.074,3.017,-4.184,0.816,0.026,2,14,0,0.241,0,0,0.058,0.3035,0,-3.373,3.035,-4.105,0.895,0.025,2,14,0,0.376,0,0,0.047,0.2201,0,2.603,-3.089,-4.494,0.506,0.029,2,14,0,0.200,0,0,0.043,0.3433,0,-3.193,-3.307,-4.106,0.894,0.037,2,14,0,0.276,0,0,0.040,0.4108,0,2.400,0.536,0,0,0.376,0.000,0.000,0.000,0.000
8.0,0.244,-0.104,-4.860,0.140,0.016,2,14,0,0.204,0,0,0.048,0.1450,0,-0.068,2.951,-4.092,0.908,0.025,2,14,0,0.198,0,0,0.015,0.9359,0,0.207,-2.996,-4.158,0.842,0.049,2,14,0,0.201,0,0,0.029,0.9362,0,2.612,-0.382,-4.460,0.540,0.052,2,14,0,0.251,0,0,0.026,0.9384,0,-3.287,0.102,-4.165,0.835,0.044,2,14,0,0.242,0,0,0.042,0.9420,0,3.102,2.992,-4.189,0.811,0.060,2,14,0,0.208,0,0,0.051,0.3035,0,-3.354,3.008,-4.127,0.873,0.050,2,14,0,0.243,0,0,0.032,0.2201,0,2.632,-3.114,-4.528,0.472,0.069,2,14,0,0.201,0,0,0.023,0.3433,0,-3.215,-3.296,-3.933,1.067,0.057,2,14,0,0.201,0,0,0.032,0.4108,0,2.418,0.545,0,0,0.251,0.000,0.000,0.000,0.000
9.0,0.251,-0.141,-5.021,-0.021,0.111,2,14,0,0.206,0,0,0.043,0.1450,0,-0.053,2.962,-3.977,1.023,0.044,2,14,0,0.197,0,0,0.030,0.9359,0,0.152,-2.972,-3.973,1.027,0.037,2,14,0,0.247,0,0,0.030,0.9362,0,2.649,-0.364,-4.431,0.569,0.042,2,14,0,0.250,0,0,0.031,0.9384,0,-3.246,0.100,-4.040,0.960,0.044,2,14,0,0.191,0,0,0.017,0.9420,0,3.114,2.997,-3.987,1.013,0.014,2,14,0,0.201,0,0,0.038,0.3035,0,-3.307,3.023,-4.154,0.846,0.021,2,14,0,0.177,0,0,0.020,0.2201,0,2.621,-3.112,-4.573,0.427,0.014,2,14,0,0.214,0,0,0.029,0.3433,0,-3.233,-3.283,-3.862,1.138,0.038,2,14,0,0.202,0,0,0.035,0.4108,0,2.480,0.506,0,0,0.250,0.000,0.000,0.000,0.000
10.0,0.277,-0.087,-4.981,0.019,0.045,2,14,0,0.204,0,0,0.044,0.1450,0,-0.059,2.968,-3.766,1.234,0.043,2,14,0,0.200,0,0,0.032,0.9359,0,0.155,-2.940,-3.824,1.176,0.043,2,14,0,0.176,0,0,0.048,0.9362,0,2.605,-0.349,-4.418,0.582,0.017,2,14,0,0.171,0,0,0.015,0.9384,0,-3.241,0.126,-3.927,1.073,0.021,2,14,0,0.206,0,0,0.013,0.9420,0,3.138,3.050,-3.841,1.159,0.014,2,14,0,0.175,0,0,0.018,0.3035,0,-3.313,3.054,-4.093,0.907,0.032,2,14,0,0.243,0,0,0.031,0.2201,0,2.646,-3.136,-4.586,0.414,0.052,2,14,0,0.199,0,0,0.039,0.3433,0,-3.238,-3.250,-3.883,1.117,0.021,2,14,0,0.177,0,0,0.039,0.4108,0,2.409,0.528,0,0,0.243,0.000,0.000,0.000,0.000
11.0,0.250,-0.103,-4.945,0.055,0.035,2,14,0,0.173,0,0,0.045,0.1450,0,-0.087,2.937,-3.668,1.332,0.041,2,14,0,0.250,0,0,0.021,0.9359,0,0.175,-2.974,-3.562,1.438,0.016,2,14,0,0.196,0,0,0.009,0.9362,0,2.610,-0.310,-4.493,0.507,0.032,2,14,0,0.177,0,0,0.048,0.9384,0,-3.270,0.100,-3.754,1.246,0.032,2,14,0,0.201,0,0,0.028,0.9420,0,3.156,3.036,-3.631,1.369,0.040,2,14,0,0.247,0,0,0.028,0.3035,0,-3.295,3.030,-4.139,0.861,0.047,2,14,0,0.179,0,0,0.032,0.2201,0,2.667,-3.130,-4.564,0.436,0.032,2,14,0,0.169,0,0,0.037,0.3433,0,-3.230,-3.280,-3.895,1.105,0.032,2,14,0,0.245,0,0,0.029,0.4108,0,2.413,0.498,0,0,0.250,0.000,0.000,0.000,0.000
12.0,0.307,-0.138,-4.990,0.010,0.033,2,14,0,0.208,0,0,0.021,0.1450,0,-0.037,2.951,-3.476,1.524,0.037,2,14,0,0.196,0,0,0.034,0.9359,0,0.140,-3.004,-3.463,1.537,0.058,2,14,0,0.198,0,0,0.049,0.9362,0,2.646,-0.375,-4.494,0.506,0.016,2,14,0,0.207,0,0,0.034,0.9384,0,-3.248,0.108,-3.601,1.399,0.022,2,14,0,0.170,0,0,0.009,0.9420,0,3.145,3.064,-3.498,1.502,0.050,2,14,0,0.165,0,0,0.034,0.3035,0,-3.328,3.015,-4.148,0.852,0.023,2,14,0,0.173,0,0,0.011,0.2201,0,2.629,-3.104,-4.656,0.344,0.024,2,14,0,0.202,0,0,0.016,0.3433,0,-3.163,-3.275,-3.900,1.100,0.039,2,14,0,0.202,0,0,0.038,0.4108,0,2.403,0.516,0,0,0.208,0.000,0.000,0.000,0.000
13.0,0.299,-0.119,-5.000,-0.000,0.017,2,14,0,0.253,0,0,0.015,0.1450,0,-0.078,2.926,-3.425,1.575,0.012,2,14,0,0.169,0,0,0.014,0.9359,0,0.218,-2.967,-3.310,1.690,0.014,2,14,0,0.198,0,0,0.037,0.9362,0,2.632,-0.359,-4.518,0.482,0.038,2,14,0,0.175,0,0,0.014,0.9384,0,-3.263,0.157,-3.393,1.607,0.025,2,14,0,0.201,0,0,0.042,0.9420,0,3.140,3.044,-3.434,1.566,0.045,2,14,0,0.196,0,0,0.016,0.3035,0,-3.298,3.043,-4.058,0.942,0.010,2,14,0,0.210,0,0,0.033,0.2201,0,2.616,-3.079,-4.627,0.373,0.023,2,14,0,0.207,0,0,0.036,0.3433,0,-3.185,-3.210,-3.879,1.121,0.095,2,14,0,0.196,0,0,0.063,0.4108,0,2.394,0.514,0,0,0.253,0.000,0.000,0.000,0.000
14.0,0.264,-0.114,-4.996,0.004,0.033,2,14,0,0.169,0,0,0.029,0.1450,0,-0.075,2.938,-3.425,1.575,0.038,2,14,0,0.263,0,0,0.006,0.9359,0,0.200,-2.982,-3.266,1.734,0.052,2,14,0,0.181,0,0,0.018,0.9362,0,2.628,-0.388,-4.449,0.551,0.041,2,14,0,0.201,0,0,0.032,0.9384,0,-3.223,0.141,-3.208,1.792,0.059,2,14,0,0.202,0,0,0.035,0.9420,0,3.099,3.035,-3.441,1.559,0.042,2,14,0,0.208,0,0,0.033,0.3035,0,-3.356,3.059,-4.091,0.909,0.071,2,14,0,0.247,0,0,0.044,0.2201,0,2.640,-3.081,-4.639,0.361,0.047,2,14,0,0.205,0,0,0.020,0.3433,0,-3.218,-3.257,-3.853,1.147,0.037,2,14,0,0.198,0,0,0.019,0.4108,0,2.443,0.537,0,0,0.263,0.000,0.000,0.000,0.000
15.0,0.279,-0.120,-4.976,0.024,0.013,2,14,0,0.209,0,0,0.014,0.1450,0,-0.059,2.931,-3.377,1.623,0.046,2,14,0,0.179,0,0,0.009,0.9359,0,0.194,-2.946,-3.242,1.758,0.040,2,14,0,0.165,0,0,0.037,0.9362,0,2.612,-0.366,-4.468,0.532,0.034,2,14,0,0.239,0,0,0.011,0.9384,0,-3.274,0.112,-3.059,1.941,0.023,2,14,0,0.172,0,0,0.026,0.9420,0,3.074,3.034,-3.472,1.528,0.060,2,14,0,0.207,0,0,0.056,0.3035,0,-3.376,3.030,-4.152,0.848,0.040,2,14,0,0.260,0,0,0.050,0.2201,0,2.632,-3.101,-4.623,0.377,0.050,2,14,0,0.175,0,0,0.016,0.3433,0,-3.204,-3.270,-3.830,1.170,0.025,2,14,0,0.161,0,0,0.002,0.4108,0,2.400,0.534,0,0,0.260,0.000,0.000,0.000,0.000
16.0,0.266,-0.124,-5.007,-0.007,0.023,2,14,0,0.216,0,0,0.022,0.1450,0,-0.061,2.926,-3.466,1.534,0.039,2,14,0,0.208,0,0,0.013,0.9359,0,0.171,-2.953,-3.260,1.740,0.031,2,14,0,0.202,0,0,0.029,0.9362,0,2.603,-0.371,-4.498,0.502,0.037,2,14,0,0.205,0,0,0.020,0.9384,0,-3.257,0.118,-3.016,1.984,0.026,2,14,0,0.303,0,0,0.009,0.9420,0,3.143,3.049,-3.485,1.515,0.031,2,14,0,0.170,0,0,0.017,0.3035,0,-3.340,3.027,-4.125,0.875,0.015,2,14,0,0.205,0,0,0.013,0.2201,0,2.634,-3.081,-4.609,0.391,0.025,2,14,0,0.201,0,0,0.022,0.3433,0,-3.205,-3.285,-3.907,1.093,0.045,2,14,0,0.174,0,0,0.018,0.4108,0,2.404,0.544,0,0,0.303,0.000,0.000,0.000,0.000
17.0,0.355,-0.142,-5.038,-0.038,0.062,2,14,0,0.213,0,0,0.067,0.1450,0,-0.033,2.945,-3.443,1.557,0.013,2,14,0,0.169,0,0,0.034,0.9359,0,0.206,-2.993,-3.186,1.814,0.019,2,14,0,0.202,0,0,0.026,0.9362,0,2.598,-0.378,-4.450,0.550,0.010,2,14,0,0.172,0,0,0.028,0.9384,0,-3.264,0.089,-3.042,1.958,0.044,2,14,0,0.201,0,0,0.032,0.9420,0,3.172,3.051,-3.466,1.534,0.057,2,14,0,0.177,0,0,0.046,0.3035,0,-3.327,3.007,-4.080,0.920,0.018,2,14,0,0.248,0,0,0.019,0.2201,0,2.643,-3.117,-4.604,0.396,0.016,2,14,0,0.204,0,0,0.018,0.3433,0,-3.226,-3.266,-3.934,1.066,0.019,2,14,0,0.164,0,0,0.024,0.4108,0,2.330,0.551,0,0,0.248,0.000,0.000,0.000,0.000
18.0,0.285,-0.143,-4.979,0.021,0.044,2,14,0,0.241,0,0,0.014,0.1450,0,-0.061,2.961,-3.448,1.552,0.040,2,14,0,0.259,0,0,0.025,0.9359,0,0.196,-2.987,-3.148,1.852,0.025,2,14,0,0.200,0,0,0.015,0.9362,0,2.635,-0.367,-4.450,0.550,0.030,2,14,0,0.250,0,0,0.019,0.9384,0,-3.214,0.107,-2.988,2.012,0.021,2,14,0,0.206,0,0,0.035,0.9420,0,3.182,3.029,-3.448,1.552,0.058,2,14,0,0.202,0,0,0.054,0.3035,0,-3.370,3.009,-4.126,0.874,0.045,2,14,0,0.207,0,0,0.047,0.2201,0,2.648,-3.084,-4.623,0.377,0.045,2,14,0,0.196,0,0,0.015,0.3433,0,-3.217,-3.266,-3.883,1.117,0.039,2,14,0,0.200,0,0,0.015,0.4108,0,2.419,0.517,0,0,0.259,0.000,0.000,0.000,0.000
19.0,0.285,-0.122,-4.987,0.013,0.012,2,14,0,0.169,0,0,0.008,0.1450,0,-0.108,2.963,-3.431,1.569,0.035,2,14,0,0.205,0,0,0.048,0.9359,0,0.192,-3.017,-3.182,1.818,0.023,2,14,0,0.166,0,0,0.038,0.9362,0,2.636,-0.366,-4.463,0.537,0.039,2,14,0,0.206,0,0,0.021,0.9384,0,-3.216,0.100,-2.996,2.004,0.061,2,14,0,0.199,0,0,0.036,0.9420,0,3.118,3.033,-3.424,1.576,0.008,2,14,0,0.171,0,0,0.012,0.3035,0,-3.311,3.041,-4.149,0.851,0.022,2,14,0,0.212,0,0,0.022,0.2201,0,2.647,-3.121,-4.662,0.338,0.026,2,14,0,0.201,0,0,0.022,0.3433,0,-3.236,-3.334,-3.916,1.084,0.066,2,14,0,0.176,0,0,0.073,0.4108,0,2.421,0.516,0,0,0.212,0.000,0.000,0.000,0.000
20.0,0.287,-0.082,-4.990,0.010,0.041,2,14,0,0.179,0,0,0.047,0.1450,0,-0.050,2.929,-3.428,1.572,0.007,2,14,0,0.166,0,0,0.018,0.9359,0,0.157,-3.001,-3.199,1.801,0.041,2,14,0,0.258,0,0,0.033,0.9362,0,2.596,-0.350,-4.465,0.535,0.019,2,14,0,0.198,0,0,0.023,0.9384,0,-3.283,0.139,-2.966,2.034,0.053,2,14,0,0.207,0,0,0.041,0.9420,0,3.098,3.045,-3.440,1.560,0.037,2,14,0,0.199,0,0,0.034,0.3035,0,-3.299,3.019,-4.145,0.855,0.011,2,14,0,0.177,0,0,0.028,0.2201,0,2.639,-3.135,-4.636,0.364,0.055,2,14,0,0.202,0,0,0.038,0.3433,0,-3.166,-3.277,-3.865,1.135,0.042,2,14,0,0.203,0,0,0.038,0.4108,0,2.383,0.535,0,0,0.258,0.000,0.000,0.000,0.000
21.0,0.299,-0.120,-5.036,-0.036,0.027,2,14,0,0.208,0,0,0.014,0.1450,0,-0.093,2.941,-3.308,1.692,0.034,2,14,0,0.167,0,0,0.026,0.9359,0,0.167,-2.963,-3.216,1.784,0.028,2,14,0,0.201,0,0,0.023,0.9362,0,2.576,-0.352,-4.465,0.535,0.042,2,14,0,0.207,0,0,0.043,0.9384,0,-3.267,0.100,-2.967,2.033,0.030,2,14,0,0.355,0,0,0.025,0.9420,0,3.108,3.058,-3.405,1.595,0.006,2,14,0,0.171,0,0,0.032,0.3035,0,-3.251,3.057,-4.058,0.942,0.041,2,14,0,0.211,0,0,0.081,0.2201,0,2.679,-3.097,-4.597,0.403,0.030,2,14,0,0.199,0,0,0.032,0.3433,0,-3.219,-3.214,-3.863,1.137,0.068,2,14,0,0.207,0,0,0.058,0.4108,0,2.359,0.552,0,0,0.355,0.000,0.000,0.000,0.000
22.0,0.255,-0.122,-4.920,0.080,0.053,2,14,0,0.210,0,0,0.036,0.1450,0,-0.044,2.937,-3.374,1.626,0.011,2,14,0,0.197,0,0,0.022,0.9359,0,0.162,-2.955,-3.188,1.812,0.017,2,14,0,0.206,0,0,0.032,0.9362,0,2.595,-0.345,-4.462,0.538,0.022,2,14,0,0.202,0,0,0.026,0.9384,0,-3.238,0.127,-2.941,2.059,0.027,2,14,0,0.236,0,0,0.015,0.9420,0,3.112,3.025,-3.452,1.548,0.036,2,14,0,0.169,0,0,0.020,0.3035,0,-3.317,3.039,-4.110,0.890,0.049,2,14,0,0.213,0,0,0.016,0.2201,0,2.628,-3.103,-4.640,0.360,0.019,2,14,0,0.203,0,0,0.017,0.3433,0,-3.229,-3.282,-3.887,1.113,0.025,2,14,0,0.199,0,0,0.029,0.4108,0,2.395,0.532,0,0,0.236,0.000,0.000,0.000,0.000
23.0,0.267,-0.146,-4.982,0.018,0.047,2,14,0,0.209,0,0,0.028,0.1450,0,-0.080,2.927,-3.409,1.591,0.012,2,14,0,0.199,0,0,0.016,0.9359,0,0.166,-2.974,-3.197,1.803,0.024,2,14,0,0.171,0,0,0.018,0.9362,0,2.659,-0.363,-4.480,0.520,0.048,2,14,0,0.246,0,0,0.042,0.9384,0,-3.271,0.137,-2.955,2.045,0.040,2,14,0,0.170,0,0,0.030,0.9420,0,3.142,3.023,-3.430,1.570,0.025,2,14,0,0.202,0,0,0.017,0.3035,0,-3.353,3.017,-4.079,0.921,0.043,2,14,0,0.207,0,0,0.027,0.2201,0,2.622,-3.087,-4.622,0.378,0.047,2,14,0,0.250,0,0,0.028,0.3433,0,-3.244,-3.299,-3.840,1.160,0.061,2,14,0,0.321,0,0,0.052,0.4108,0,2.454,0.498,0,0,0.321,0.000,0.000,0.000,0.000
24.0,0.265,-0.134,-4.951,0.049,0.034,2,14,0,0.203,0,0,0.024,0.1450,0,-0.129,2.966,-3.340,1.660,0.060,2,14,0,0.200,0,0,0.068,0.9359,0,0.195,-2.964,-3.148,1.852,0.028,2,14,0,0.164,0,0,0.019,0.9362,0,2.601,-0.335,-4.474,0.526,0.029,2,14,0,0.171,0,0,0.028,0.9384,0,-3.278,0.126,-2.941,2.059,0.045,2,14,0,0.235,0,0,0.032,0.9420,0,3.150,3.028,-3.448,1.552,0.025,2,14,0,0.206,0,0,0.021,0.3035,0,-3.333,3.019,-4.116,0.884,0.029,2,14,0,0.216,0,0,0.010,0.2201,0,2.664,-3.063,-4.650,0.350,0.036,2,14,0,0.202,0,0,0.040,0.3433,0,-3.208,-3.266,-3.845,1.155,0.031,2,14,0,0.168,0,0,0.005,0.4108,0,2.394,0.520,0,0,0.235,0.000,0.000,0.000,0.000
25.0,0.282,-0.164,-5.061,-0.061,0.018,2,14,0,0.203,0,0,0.035,0.1450,0,-0.079,2.921,-3.393,1.607,0.019,2,14,0,0.245,0,0,0.019,0.9359,0,0.197,-2.971,-3.201,1.799,0.039,2,14,0,0.169,0,0,0.018,0.9362,0,2.639,-0.330,-4.439,0.561,0.050,2,14,0,0.244,0,0,0.034,0.9384,0,-3.252,0.089,-2.985,2.015,0.033,2,14,0,0.207,0,0,0.027,0.9420,0,3.157,3.026,-3.468,1.532,0.036,2,14,0,0.167,0,0,0.029,0.3035,0,-3.346,3.016,-4.157,0.843,0.018,2,14,0,0.209,0,0,0.021,0.2201,0,2.642,-3.078,-4.624,0.376,0.042,2,14,0,0.166,0,0,0.022,0.3433,0,-3.240,-3.297,-3.903,1.097,0.040,2,14,0,0.166,0,0,0.045,0.4108,0,2.443,0.490,0,0,0.245,0.000,0.000,0.000,0.000
26.0,0.265,-0.171,-5.030,-0.030,0.066,2,14,0,0.181,0,0,0.049,0.1450,0,-0.066,2.944,-3.460,1.540,0.020,2,14,0,0.171,0,0,0.006,0.9359,0,0.210,-2.968,-3.255,1.745,0.011,2,14,0,0.199,0,0,0.029,0.9362,0,2.606,-0.353,-4.451,0.549,0.019,2,14,0,0.171,0,0,0.013,0.9384,0,-3.284,0.135,-2.987,2.013,0.077,2,14,0,0.197,0,0,0.040,0.9420,0,3.091,3.050,-3.477,1.523,0.007,2,14,0,0.166,0,0,0.040,0.3035,0,-3.353,2.982,-4.132,0.868,0.044,2,14,0,0.207,0,0,0.050,0.2201,0,2.706,-3.085,-4.623,0.377,0.035,2,14,0,0.255,0,0,0.061,0.3433,0,-3.213,-3.290,-3.881,1.119,0.032,2,14,0,0.199,0,0,0.024,0.4108,0,2.419,0.529,0,0,0.255,0.000,0.000,0.000,0.000
27.0,0.295,-0.123,-5.082,-0.082,0.007,2,14,0,0.204,0,0,0.009,0.1450,0,-0.045,2.919,-3.403,1.597,0.015,2,14,0,0.208,0,0,0.028,0.9359,0,0.171,-2.981,-3.229,1.771,0.022,2,14,0,0.200,0,0,0.012,0.9362,0,2.584,-0.356,-4.458,0.542,0.047,2,14,0,0.179,0,0,0.034,0.9384,0,-3.263,0.148,-2.913,2.087,0.056,2,14,0,0.200,0,0,0.036,0.9420,0,3.073,3.038,-3.473,1.527,0.087,2,14,0,0.203,0,0,0.058,0.3035,0,-3.332,3.048,-4.089,0.911,0.037,2,14,0,0.178,0,0,0.022,0.2201,0,2.613,-3.066,-4.623,0.377,0.042,2,14,0,0.215,0,0,0.046,0.3433,0,-3.205,-3.274,-3.813,1.187,0.021,2,14,0,0.240,0,0,0.006,0.4108,0,2.384,0.548,0,0,0.240,0.000,0.000,0.000,0.000
28.0,0.329,-0.136,-5.028,-0.028,0.037,2,14,0,0.183,0,0,0.041,0.1450,0,-0.079,2.976,-3.398,1.602,0.027,2,14,0,0.197,0,0,0.040,0.9359,0,0.180,-2.973,-3.199,1.801,0.028,2,14,0,0.202,0,0,0.009,0.9362,0,2.606,-0.358,-4.419,0.581,0.020,2,14,0,0.213,0,0,0.012,0.9384,0,-3.279,0.133,-2.939,2.061,0.012,2,14,0,0.169,0,0,0.034,0.9420,0,3.146,3.044,-3.499,1.501,0.020,2,14,0,0.205,0,0,0.020,0.3035,0,-3.351,3.023,-4.146,0.854,0.033,2,14,0,0.184,0,0,0.025,0.2201,0,2.598,-3.075,-4.620,0.380,0.071,2,14,0,0.199,0,0,0.055,0.3433,0,-3.160,-3.290,-3.888,1.112,0.062,2,14,0,0.209,0,0,0.049,0.4108,0,2.367,0.533,0,0,0.213,0.000,0.000,0.000,0.000
29.0,0.290,-0.123,-5.030,-0.030,0.018,2,14,0,0.207,0,0,0.007,0.1450,0,-0.070,2.977,-3.454,1.546,0.084,2,14,0,0.197,0,0,0.042,0.9359,0,0.212,-2.981,-3.255,1.745,0.052,2,14,0,0.176,0,0,0.030,0.9362,0,2.637,-0.387,-4.449,0.551,0.016,2,14,0,0.204,0,0,0.035,0.9384,0,-3.247,0.141,-3.026,1.974,0.037,2,14,0,0.204,0,0,0.025,0.9420,0,3.101,3.043,-3.477,1.523,0.034,2,14,0,0.176,0,0,0.031,0.3035,0,-3.303,3.017,-4.195,0.805,0.029,2,14,0,0.215,0,0,0.025,0.2201,0,2.650,-3.113,-4.624,0.376,0.025,2,14,0,0.167,0,0,0.015,0.3433,0,-3.233,-3.278,-3.891,1.109,0.046,2,14,0,0.207,0,0,0.033,0.4108,0,2.432,0.530,0,0,0.215,0.000,0.000,0.000,0.000
30.0,0.288,-0.101,-4.975,0.025,0.020,2,14,0,0.212,0,0,0.027,0.1450,0,-0.041,2.949,-3.375,1.625,0.049,2,14,0,0.213,0,0,0.030,0.9359,0,0.164,-2.962,-3.186,1.814,0.026,2,14,0,0.200,0,0,0.026,0.9362,0,2.589,-0.353,-4.435,0.565,0.035,2,14,0,0.203,0,0,0.029,0.9384,0,-3.218,0.081,-2.994,2.006,0.014,2,14,0,0.216,0,0,0.044,0.9420,0,3.144,3.054,-3.467,1.533,0.045,2,14,0,0.286,0,0,0.027,0.3035,0,-3.316,3.000,-4.110,0.890,0.050,2,14,0,0.216,0,0,0.029,0.2201,0,2.623,-3.118,-4.577,0.423,0.022,2,14,0,0.207,0,0,0.031,0.3433,0,-3.192,-3.202,-3.889,1.111,0.050,2,14,0,0.170,0,0,0.067,0.4108,0,2.377,0.542,0,0,0.286,0.000,0.000,0.000,0.000
31.0,0.272,-0.105,-4.976,0.024,0.053,2,14,0,0.204,0,0,0.029,0.1450,0,-0.054,2.909,-3.378,1.622,0.031,2,14,0,0.847,0,0,0.031,0.9359,0,0.162,-2.971,-3.145,1.855,0.046,2,14,0,0.166,0,0,0.022,0.9362,0,2.590,-0.381,-4.429,0.571,0.055,2,14,0,0.203,0,0,0.037,0.9384,0,-3.189,0.114,-3.008,1.992,0.068,2,14,0,0.205,0,0,0.059,0.9420,0,3.151,3.039,-3.423,1.577,0.012,2,14,0,0.237,0,0,0.021,0.3035,0,-3.316,3.009,-4.106,0.894,0.010,2,14,0,0.213,0,0,0.020,0.2201,0,2.654,-3.135,-4.569,0.431,0.030,2,14,0,0.166,0,0,0.037,0.3433,0,-3.189,-3.232,-3.893,1.107,0.068,2,14,0,0.199,0,0,0.041,0.4108,0,2.398,0.559,0,0,0.847,0.000,0.000,0.000,0.000
32.0,0.292,-0.134,-4.990,0.010,0.031,2,14,0,0.242,0,0,0.007,0.1450,0,-0.094,2.956,-3.395,1.605,0.047,2,14,0,0.249,0,0,0.034,0.9359,0,0.149,-2.976,-3.234,1.766,0.051,2,14,0,0.197,0,0,0.034,0.9362,0,2.585,-0.329,-4.429,0.571,0.011,2,14,0,0.206,0,0,0.044,0.9384,0,-3.207,0.108,-3.005,1.995,0.081,2,14,0,0.238,0,0,0.044,0.9420,0,3.111,3.031,-3.479,1.521,0.046,2,14,0,0.308,0,0,0.017,0.3035,0,-3.267,3.054,-4.053,0.947,0.073,2,14,0,0.248,0,0,0.066,0.2201,0,2.653,-3.083,-4.631,0.369,0.052,2,14,0,0.197,0,0,0.018,0.3433,0,-3.197,-3.267,-3.829,1.171,0.028,2,14,0,0.199,0,0,0.008,0.4108,0,2.369,0.529,0,0,0.308,0.000,0.000,0.000,0.000
33.0,0.267,-0.115,-4.985,0.015,0.035,2,14,0,0.171,0,0,0.026,0.1450,0,-0.088,2.922,-3.440,1.560,0.030,2,14,0,0.198,0,0,0.026,0.9359,0,0.208,-3.005,-3.214,1.786,0.020,2,14,0,0.173,0,0,0.035,0.9362,0,2.601,-0.361,-4.467,0.533,0.026,2,14,0,0.265,0,0,0.017,0.9384,0,-3.301,0.137,-3.025,1.975,0.018,2,14,0,0.207,0,0,0.057,0.9420,0,3.160,3.016,-3.512,1.488,0.006,2,14,0,0.200,0,0,0.034,0.3035,0,-3.365,3.000,-4.107,0.893,0.027,2,14,0,0.215,0,0,0.046,0.2201,0,2.668,-3.090,-4.622,0.378,0.026,2,14,0,0.186,0,0,0.023,0.3433,0,-3.234,-3.282,-3.847,1.153,0.046,2,14,0,0.203,0,0,0.034,0.4108,0,2.404,0.538,0,0,0.265,0.000,0.000,0.000,0.000
34.0,0.314,-0.116,-5.015,-0.015,0.037,2,14,0,0.206,0,0,0.029,0.1450,0,-0.114,2.945,-3.391,1.609,0.079,2,14,0,0.204,0,0,0.049,0.9359,0,0.194,-2.987,-3.196,1.804,0.019,2,14,0,0.166,0,0,0.013,0.9362,0,2.596,-0.366,-4.506,0.494,0.027,2,14,0,0.182,0,0,0.023,0.9384,0,-3.290,0.084,-2.971,2.029,0.055,2,14,0,0.209,0,0,0.053,0.9420,0,3.171,3.024,-3.440,1.560,0.029,2,14,0,0.233,0,0,0.041,0.3035,0,-3.305,3.013,-4.239,0.761,0.042,2,14,0,0.206,0,0,0.025,0.2201,0,2.668,-3.114,-4.666,0.334,0.035,2,14,0,0.168,0,0,0.027,0.3433,0,-3.168,-3.275,-3.872,1.128,0.052,2,14,0,0.216,0,0,0.038,0.4108,0,2.351,0.545,0,0,0.233,0.000,0.000,0.000,0.000
35.0,0.287,-0.147,-5.002,-0.002,0.017,2,14,0,0.209,0,0,0.017,0.1450,0,-0.049,2.940,-3.340,1.660,0.025,2,14,0,0.217,0,0,0.019,0.9359,0,0.183,-2.999,-3.265,1.735,0.040,2,14,0,0.167,0,0,0.020,0.9362,0,2.612,-0.325,-4.468,0.532,0.036,2,14,0,0.204,0,0,0.034,0.9384,0,-3.225,0.133,-2.929,2.071,0.016,2,14,0,0.176,0,0,0.027,0.9420,0,3.151,3.002,-3.438,1.562,0.069,2,14,0,0.167,0,0,0.040,0.3035,0,-3.330,3.016,-4.179,0.821,0.025,2,14,0,0.218,0,0,0.011,0.2201,0,2.614,-3.091,-4.721,0.279,0.041,2,14,0,0.202,0,0,0.033,0.3433,0,-3.200,-3.251,-3.876,1.124,0.006,2,14,0,0.318,0,0,0.017,0.4108,0,2.393,0.506,0,0,0.318,0.000,0.000,0.000,0.000
36.0,0.358,-0.137,-4.980,0.020,0.046,2,14,0,0.212,0,0,0.069,0.1450,0,-0.086,2.955,-3.408,1.592,0.021,2,14,0,0.208,0,0,0.026,0.9359,0,0.168,-2.960,-3.215,1.785,0.049,2,14,0,0.172,0,0,0.026,0.9362,0,2.609,-0.326,-4.460,0.540,0.058,2,14,0,0.215,0,0,0.033,0.9384,0,-3.224,0.126,-2.963,2.037,0.073,2,14,0,0.287,0,0,0.027,0.9420,0,3.123,3.033,-3.485,1.515,0.031,2,14,0,0.175,0,0,0.008,0.3035,0,-3.357,3.047,-4.084,0.916,0.041,2,14,0,0.215,0,0,0.037,0.2201,0,2.619,-3.123,-4.701,0.299,0.024,2,14,0,0.258,0,0,0.037,0.3433,0,-3.224,-3.260,-3.917,1.083,0.037,2,14,0,0.218,0,0,0.023,0.4108,0,2.318,0.509,0,0,0.287,0.000,0.000,0.000,0.000
37.0,0.297,-0.127,-4.942,0.058,0.056,2,14,0,0.170,0,0,0.009,0.1450,0,-0.092,2.910,-3.459,1.541,0.006,2,14,0,0.241,0,0,0.036,0.9359,0,0.170,-2.974,-3.249,1.751,0.053,2,14,0,0.234,0,0,0.015,0.9362,0,2.655,-0.330,-4.493,0.507,0.047,2,14,0,0.185,0,0,0.045,0.9384,0,-3.269,0.064,-2.932,2.068,0.050,2,14,0,0.248,0,0,0.056,0.9420,0,3.062,3.018,-3.481,1.519,0.048,2,14,0,0.203,0,0,0.069,0.3035,0,-3.356,3.010,-4.126,0.874,0.010,2,14,0,0.220,0,0,0.033,0.2201,0,2.638,-3.134,-4.600,0.400,0.047,2,14,0,0.171,0,0,0.037,0.3433,0,-3.201,-3.255,-3.847,1.153,0.036,2,14,0,0.199,0,0,0.012,0.4108,0,2.409,0.477,0,0,0.248,0.000,0.000,0.000,0.000
38.0,0.273,-0.115,-5.004,-0.004,0.021,2,14,0,0.188,0,0,0.020,0.1450,0,-0.090,2.929,-3.390,1.610,0.039,2,14,0,0.260,0,0,0.026,0.9359,0,0.152,-2.981,-3.275,1.725,0.011,2,14,0,0.169,0,0,0.030,0.9362,0,2.604,-0.352,-4.481,0.519,0.040,2,14,0,0.201,0,0,0.014,0.9384,0,-3.259,0.113,-2.972,2.028,0.020,2,14,0,0.200,0,0,0.011,0.9420,0,3.106,3.008,-3.469,1.531,0.043,2,14,0,0.207,0,0,0.035,0.3035,0,-3.326,3.034,-4.101,0.899,0.010,2,14,0,0.211,0,0,0.008,0.2201,0,2.665,-3.093,-4.631,0.369,0.026,2,14,0,0.197,0,0,0.019,0.3433,0,-3.171,-3.250,-3.873,1.127,0.042,2,14,0,0.202,0,0,0.037,0.4108,0,2.401,0.529,0,0,0.260,0.000,0.000,0.000,0.000
39.0,0.279,-0.110,-5.042,-0.042,0.045,2,14,0,0.207,0,0,0.021,0.1450,0,-0.061,2.913,-3.380,1.620,0.031,2,14,0,0.210,0,0,0.025,0.9359,0,0.171,-2.986,-3.266,1.734,0.042,2,14,0,0.230,0,0,0.013,0.9362,0,2.650,-0.345,-4.511,0.489,0.022,2,14,0,0.209,0,0,0.035,0.9384,0,-3.279,0.151,-2.946,2.054,0.050,2,14,0,0.198,0,0,0.047,0.9420,0,3.144,3.027,-3.445,1.555,0.038,2,14,0,0.201,0,0,0.016,0.3035,0,-3.353,3.021,-4.091,0.909,0.025,2,14,0,0.177,0,0,0.026,0.2201,0,2.668,-3.103,-4.650,0.350,0.066,2,14,0,0.197,0,0,0.025,0.3433,0,-3.189,-3.266,-3.843,1.157,0.013,2,14,0,0.198,0,0,0.012,0.4108,0,2.441,0.491,0,0,0.230,0.000,0.000,0.000,0.000
40.0,0.294,-0.132,-5.010,-0.010,0.037,2,14,0,0.247,0,0,0.007,0.1450,0,-0.072,2.924,-3.400,1.600,0.054,2,14,0,0.199,0,0,0.015,0.9359,0,0.200,-2.983,-3.159,1.841,0.014,2,14,0,0.169,0,0,0.017,0.9362,0,2.663,-0.368,-4.492,0.508,0.041,2,14,0,0.175,0,0,0.046,0.9384,0,-3.273,0.107,-2.980,2.020,0.047,2,14,0,0.238,0,0,0.026,0.9420,0,3.102,3.052,-3.476,1.524,0.024,2,14,0,0.196,0,0,0.032,0.3035,0,-3.330,3.051,-4.114,0.886,0.025,2,14,0,0.206,0,0,0.025,0.2201,0,2.671,-3.072,-4.575,0.425,0.028,2,14,0,0.240,0,0,0.034,0.3433,0,-3.188,-3.272,-3.921,1.079,0.053,2,14,0,0.215,0,0,0.018,0.4108,0,2.436,0.499,0,0,0.247,0.000,0.000,0.000,0.000
41.0,0.220,-0.129,-5.020,-0.020,0.055,2,14,0,0.217,0,0,0.067,0.1450,0,-0.063,2.924,-3.393,1.607,0.044,2,14,0,0.240,0,0,0.014,0.9359,0,0.207,-2.989,-3.200,1.800,0.020,2,14,0,0.168,0,0,0.025,0.9362,0,2.650,-0.348,-4.458,0.542,0.060,2,14,0,0.769,0,0,0.036,0.9384,0,-3.343,0.117,-2.993,2.007,0.073,2,14,0,0.212,0,0,0.095,0.9420,0,3.139,3.037,-3.431,1.569,0.007,2,14,0,0.197,0,0,0.009,0.3035,0,-3.324,3.002,-4.115,0.885,0.047,2,14,0,0.218,0,0,0.025,0.2201,0,2.682,-3.084,-4.569,0.431,0.043,2,14,0,0.342,0,0,0.039,0.3433,0,-3.247,-3.255,-3.867,1.133,0.061,2,14,0,0.196,0,0,0.048,0.4108,0,2.504,0.494,0,0,0.769,0.000,0.000,0.000,0.000
42.0,0.337,-0.139,-5.002,-0.002,0.013,2,14,0,0.214,0,0,0.049,0.1450,0,-0.065,2.933,-3.426,1.574,0.030,2,14,0,0.199,0,0,0.005,0.9359,0,0.243,-3.009,-3.254,1.746,0.093,2,14,0,0.205,0,0,0.068,0.9362,0,2.597,-0.392,-4.459,0.541,0.024,2,14,0,0.179,0,0,0.040,0.9384,0,-3.207,0.117,-2.956,2.044,0.031,2,14,0,0.238,0,0,0.039,0.9420,0,3.178,3.065,-3.405,1.595,0.083,2,14,0,0.201,0,0,0.058,0.3035,0,-3.305,3.022,-4.121,0.879,0.041,2,14,0,0.176,0,0,0.022,0.2201,0,2.641,-3.090,-4.583,0.417,0.029,2,14,0,0.206,0,0,0.011,0.3433,0,-3.240,-3.261,-3.859,1.141,0.038,2,14,0,0.212,0,0,0.037,0.4108,0,2.339,0.562,0,0,0.238,0.000,0.000,0.000,0.000
43.0,0.296,-0.119,-5.058,-0.058,0.035,2,14,0,0.186,0,0,0.012,0.1450,0,-0.054,2.926,-3.403,1.597,0.014,2,14,0,0.169,0,0,0.017,0.9359,0,0.215,-2.996,-3.164,1.836,0.029,2,14,0,0.196,0,0,0.037,0.9362,0,2.545,-0.382,-4.442,0.558,0.061,2,14,0,0.236,0,0,0.077,0.9384,0,-3.219,0.145,-2.926,2.074,0.066,2,14,0,0.201,0,0,0.041,0.9420,0,3.151,3.030,-3.476,1.524,0.049,2,14,0,0.167,0,0,0.022,0.3035,0,-3.359,3.019,-4.101,0.899,0.052,2,14,0,0.208,0,0,0.033,0.2201,0,2.636,-3.092,-4.648,0.352,0.023,2,14,0,0.198,0,0,0.013,0.3433,0,-3.218,-3.278,-3.884,1.116,0.054,2,14,0,0.197,0,0,0.018,0.4108,0,2.347,0.594,0,0,0.236,0.000,0.000,0.000,0.000
44.0,0.267,-0.102,-5.025,-0.025,0.046,2,14,0,0.237,0,0,0.035,0.1450,0,-0.011,2.954,-3.393,1.607,0.054,2,14,0,0.197,0,0,0.059,0.9359,0,0.150,-2.972,-3.198,1.802,0.045,2,14,0,0.262,0,0,0.033,0.9362,0,2.552,-0.337,-4.445,0.555,0.104,2,14,0,0.208,0,0,0.069,0.9384,0,-3.186,0.151,-2.948,2.052,0.081,2,14,0,0.163,0,0,0.071,0.9420,0,3.107,3.044,-3.502,1.498,0.037,2,14,0,0.206,0,0,0.025,0.3035,0,-3.313,3.025,-4.084,0.916,0.052,2,14,0,0.209,0,0,0.013,0.2201,0,2.654,-3.073,-4.678,0.322,0.004,2,14,0,0.165,0,0,0.026,0.3433,0,-3.168,-3.305,-3.867,1.133,0.075,2,14,0,0.202,0,0,0.051,0.4108,0,2.369,0.561,0,0,0.262,0.000,0.000,0.000,0.000
45.0,0.328,-0.132,-5.014,-0.014,0.037,2,14,0,0.212,0,0,0.039,0.1450,0,-0.042,2.941,-3.388,1.612,0.026,2,14,0,0.168,0,0,0.025,0.9359,0,0.165,-3.004,-3.183,1.817,0.016,2,14,0,0.205,0,0,0.029,0.9362,0,2.615,-0.347,-4.484,0.516,0.053,2,14,0,0.168,0,0,0.011,0.9384,0,-3.236,0.101,-2.984,2.016,0.028,2,14,0,0.197,0,0,0.020,0.9420,0,3.101,3.016,-3.480,1.520,0.049,2,14,0,0.204,0,0,0.035,0.3035,0,-3.330,3.066,-4.120,0.880,0.010,2,14,0,0.210,0,0,0.040,0.2201,0,2.621,-3.076,-4.636,0.364,0.035,2,14,0,0.201,0,0,0.034,0.3433,0,-3.205,-3.287,-3.922,1.078,0.058,2,14,0,0.172,0,0,0.020,0.4108,0,2.357,0.519,0,0,0.212,0.000,0.000,0.000,0.000
46.0,0.319,-0.119,-5.002,-0.002,0.037,2,14,0,0.182,0,0,0.033,0.1450,0,-0.074,2.971,-3.415,1.585,0.021,2,14,0,0.169,0,0,0.034,0.9359,0,0.206,-2.966,-3.224,1.776,0.009,2,14,0,0.174,0,0,0.027,0.9362,0,2.603,-0.378,-4.491,0.509,0.039,2,14,0,0.172,0,0,0.026,0.9384,0,-3.272,0.104,-2.975,2.025,0.018,2,14,0,0.212,0,0,0.027,0.9420,0,3.162,3.040,-3.466,1.534,0.010,2,14,0,0.200,0,0,0.031,0.3035,0,-3.345,3.018,-4.130,0.870,0.036,2,14,0,0.208,0,0,0.020,0.2201,0,2.623,-3.107,-4.580,0.420,0.043,2,14,0,0.205,0,0,0.025,0.3433,0,-3.141,-3.268,-3.874,1.126,0.041,2,14,0,0.208,0,0,0.062,0.4108,0,2.354,0.549,0,0,0.212,0.000,0.000,0.000,0.000
47.0,0.316,-0.162,-4.956,0.044,0.059,2,14,0,0.204,0,0,0.043,0.1450,0,0.002,2.930,-3.360,1.640,0.049,2,14,0,0.205,0,0,0.068,0.9359,0,0.195,-2.961,-3.192,1.808,0.046,2,14,0,0.201,0,0,0.023,0.9362,0,2.647,-0.356,-4.487,0.513,0.037,2,14,0,0.203,0,0,0.029,0.9384,0,-3.295,0.149,-2.949,2.051,0.034,2,14,0,0.170,0,0,0.056,0.9420,0,3.116,3.045,-3.485,1.515,0.055,2,14,0,0.198,0,0,0.017,0.3035,0,-3.343,2.993,-4.083,0.917,0.042,2,14,0,0.176,0,0,0.037,0.2201,0,2.650,-3.120,-4.665,0.335,0.018,2,14,0,0.197,0,0,0.020,0.3433,0,-3.217,-3.239,-3.862,1.138,0.050,2,14,0,0.200,0,0,0.033,0.4108,0,2.386,0.502,0,0,0.205,0.000,0.000,0.000,0.000
48.0,0.237,-0.121,-4.979,0.021,0.022,2,14,0,0.172,0,0,0.051,0.1450,0,-0.099,2.934,-3.388,1.612,0.035,2,14,0,0.203,0,0,0.032,0.9359,0,0.150,-2.965,-3.190,1.810,0.028,2,14,0,0.166,0,0,0.034,0.9362,0,2.649,-0.340,-4.485,0.515,0.058,2,14,0,0.180,0,0,0.037,0.9384,0,-3.253,0.136,-2.974,2.026,0.043,2,14,0,0.202,0,0,0.021,0.9420,0,3.157,3.009,-3.457,1.543,0.025,2,14,0,0.180,0,0,0.034,0.3035,0,-3.340,3.020,-4.102,0.898,0.029,2,14,0,0.209,0,0,0.015,0.2201,0,2.659,-3.080,-4.651,0.349,0.023,2,14,0,0.249,0,0,0.022,0.3433,0,-3.226,-3.273,-3.894,1.106,0.045,2,14,0,0.222,0,0,0.024,0.4108,0,2.472,0.489,0,0,0.249,0.000,0.000,0.000,0.000
49.0,0.265,-0.096,-5.026,-0.026,0.069,2,14,0,0.259,0,0,0.040,0.1450,0,-0.127,2.932,-3.398,1.602,0.077,2,14,0,0.222,0,0,0.061,0.9359,0,0.148,-2.979,-3.221,1.779,0.034,2,14,0,0.212,0,0,0.034,0.9362,0,2.609,-0.335,-4.427,0.573,0.028,2,14,0,0.209,0,0,0.024,0.9384,0,-3.242,0.113,-2.996,2.004,0.020,2,14,0,0.175,0,0,0.007,0.9420,0,3.104,3.036,-3.474,1.526,0.041,2,14,0,0.196,0,0,0.027,0.3035,0,-3.277,3.045,-4.168,0.832,0.065,2,14,0,0.173,0,0,0.053,0.2201,0,2.704,-3.096,-4.573,0.427,0.037,2,14,0,0.198,0,0,0.057,0.3433,0,-3.201,-3.296,-3.838,1.162,0.026,2,14,0,0.172,0,0,0.027,0.4108,0,2.430,0.515,0,0,0.259,0.000,0.000,0.000,0.000
50.0,0.285,-0.097,-5.044,-0.044,0.067,2,14,0,0.204,0,0,0.033,0.1450,0,-0.050,2.901,-3.433,1.567,0.088,2,14,0,0.290,0,0,0.042,0.9359,0,0.204,-2.950,-3.229,1.771,0.040,2,14,0,0.168,0,0,0.037,0.9362,0,2.630,-0.360,-4.460,0.540,0.026,2,14,0,0.206,0,0,0.013,0.9384,0,-3.230,0.123,-3.007,1.993,0.024,2,14,0,0.271,0,0,0.019,0.9420,0,3.104,3.054,-3.444,1.556,0.039,2,14,0,0.205,0,0,0.033,0.3035,0,-3.284,3.060,-4.116,0.884,0.064,2,14,0,0.205,0,0,0.055,0.2201,0,2.641,-3.088,-4.608,0.392,0.023,2,14,0,0.167,0,0,0.011,0.3433,0,-3.187,-3.289,-3.901,1.099,0.038,2,14,0,0.203,0,0,0.026,0.4108,0,2.432,0.516,0,0,0.290,0.000,0.000,0.000,0.000
51.0,0.307,-0.159,-5.030,-0.030,0.051,2,14,0,0.175,0,0,0.035,0.1450,0,-0.083,2.973,-3.404,1.596,0.045,2,14,0,0.170,0,0,0.039,0.9359,0,0.183,-2.965,-3.231,1.769,0.066,2,14,0,0.203,0,0,0.015,0.9362,0,2.645,-0.345,-4.470,0.530,0.053,2,14,0,0.176,0,0,0.029,0.9384,0,-3.206,0.098,-3.018,1.982,0.049,2,14,0,0.199,0,0,0.046,0.9420,0,3.164,3.032,-3.461,1.539,0.018,2,14,0,0.174,0,0,0.033,0.3035,0,-3.294,3.030,-4.107,0.893,0.044,2,14,0,0.178,0,0,0.033,0.2201,0,2.562,-3.055,-4.619,0.381,0.079,2,14,0,0.234,0,0,0.094,0.3433,0,-3.226,-3.243,-3.867,1.133,0.005,2,14,0,0.168,0,0,0.033,0.4108,0,2.411,0.495,0,0,0.234,0.000,0.000,0.000,0.000
52.0,0.295,-0.125,-4.985,0.015,0.056,2,14,0,0.175,0,0,0.009,0.1450,0,-0.073,2.962,-3.344,1.656,0.024,2,14,0,0.167,0,0,0.026,0.9359,0,0.169,-2.982,-3.171,1.829,0.015,2,14,0,0.177,0,0,0.014,0.9362,0,2.642,-0.359,-4.465,0.535,0.013,2,14,0,0.207,0,0,0.024,0.9384,0,-3.205,0.104,-2.967,2.033,0.031,2,14,0,0.199,0,0,0.043,0.9420,0,3.157,2.997,-3.469,1.531,0.052,2,14,0,0.181,0,0,0.045,0.3035,0,-3.324,3.049,-4.137,0.863,0.053,2,14,0,0.177,0,0,0.023,0.2201,0,2.657,-3.092,-4.638,0.362,0.027,2,14,0,0.200,0,0,0.013,0.3433,0,-3.194,-3.286,-3.880,1.120,0.014,2,14,0,0.205,0,0,0.019,0.4108,0,2.416,0.507,0,0,0.207,0.000,0.000,0.000,0.000
53.0,0.251,-0.174,-4.989,0.011,0.040,2,14,0,0.175,0,0,0.058,0.1450,0,-0.125,2.958,-3.392,1.608,0.052,2,14,0,0.200,0,0,0.062,0.9359,0,0.167,-3.013,-3.164,1.836,0.039,2,14,0,0.242,0,0,0.036,0.9362,0,2.611,-0.336,-4.445,0.555,0.008,2,14,0,0.240,0,0,0.022,0.9384,0,-3.266,0.120,-3.015,1.985,0.019,2,14,0,0.250,0,0,0.016,0.9420,0,3.137,3.026,-3.471,1.529,0.034,2,14,0,0.197,0,0,0.011,0.3035,0,-3.319,3.029,-4.117,0.883,0.048,2,14,0,0.266,0,0,0.008,0.2201,0,2.616,-3.124,-4.643,0.357,0.068,2,14,0,0.236,0,0,0.042,0.3433,0,-3.188,-3.250,-3.853,1.147,0.019,2,14,0,0.213,0,0,0.023,0.4108,0,2.427,0.514,0,0,0.266,0.000,0.000,0.000,0.000
54.0,0.296,-0.135,-4.998,0.002,0.017,2,14,0,0.179,0,0,0.009,0.1450,0,-0.033,2.933,-3.412,1.588,0.027,2,14,0,0.173,0,0,0.034,0.9359,0,0.219,-2.971,-3.204,1.796,0.035,2,14,0,0.214,0,0,0.038,0.9362,0,2.631,-0.368,-4.448,0.552,0.023,2,14,0,0.244,0,0,0.017,0.9384,0,-3.275,0.095,-2.964,2.036,0.041,2,14,0,0.200,0,0,0.034,0.9420,0,3.131,3.047,-3.476,1.524,0.050,2,14,0,0.204,0,0,0.014,0.3035,0,-3.388,3.032,-4.158,0.842,0.034,2,14,0,0.208,0,0,0.062,0.2201,0,2.671,-3.126,-4.599,0.401,0.040,2,14,0,0.199,0,0,0.039,0.3433,0,-3.191,-3.264,-3.869,1.131,0.035,2,14,0,0.263,0,0,0.015,0.4108,0,2.410,0.522,0,0,0.263,0.000,0.000,0.000,0.000
55.0,0.306,-0.141,-4.968,0.032,0.060,2,14,0,0.244,0,0,0.022,0.1450,0,-0.012,2.917,-3.467,1.533,0.081,2,14,0,0.200,0,0,0.059,0.9359,0,0.189,-3.013,-3.190,1.810,0.022,2,14,0,0.203,0,0,0.033,0.9362,0,2.585,-0.352,-4.522,0.478,0.028,2,14,0,0.249,0,0,0.032,0.9384,0,-3.249,0.104,-2.963,2.037,0.052,2,14,0,0.202,0,0,0.013,0.9420,0,3.088,3.027,-3.450,1.550,0.021,2,14,0,0.210,0,0,0.042,0.3035,0,-3.353,3.000,-4.153,0.847,0.027,2,14,0,0.174,0,0,0.037,0.2201,0,2.678,-3.100,-4.577,0.423,0.030,2,14,0,0.171,0,0,0.032,0.3433,0,-3.177,-3.250,-3.802,1.198,0.019,2,14,0,0.255,0,0,0.031,0.4108,0,2.332,0.544,0,0,0.255,0.000,0.000,0.000,0.000
56.0,0.285,-0.129,-5.010,-0.010,0.024,2,14,0,0.172,0,0,0.002,0.1450,0,-0.069,2.935,-3.404,1.596,0.017,2,14,0,0.205,0,0,0.005,0.9359,0,0.195,-2.977,-3.215,1.785,0.048,2,14,0,0.201,0,0,0.014,0.9362,0,2.607,-0.364,-4.502,0.498,0.057,2,14,0,0.180,0,0,0.013,0.9384,0,-3.254,0.119,-2.950,2.050,0.041,2,14,0,0.190,0,0,0.009,0.9420,0,3.117,3.025,-3.467,1.533,0.069,2,14,0,0.169,0,0,0.018,0.3035,0,-3.334,3.009,-4.099,0.901,0.033,2,14,0,0.209,0,0,0.018,0.2201,0,2.665,-3.096,-4.669,0.331,0.011,2,14,0,0.197,0,0,0.018,0.3433,0,-3.146,-3.271,-3.837,1.163,0.038,2,14,0,0.215,0,0,0.056,0.4108,0,2.388,0.536,0,0,0.215,0.000,0.000,0.000,0.000
57.0,0.325,-0.121,-5.004,-0.004,0.013,2,14,0,0.206,0,0,0.036,0.1450,0,-0.100,2.957,-3.368,1.632,0.065,2,14,0,0.167,0,0,0.039,0.9359,0,0.212,-2.988,-3.230,1.770,0.026,2,14,0,0.163,0,0,0.030,0.9362,0,2.621,-0.365,-4.479,0.521,0.012,2,14,0,0.208,0,0,0.008,0.9384,0,-3.250,0.131,-2.965,2.035,0.025,2,14,0,0.204,0,0,0.015,0.9420,0,3.135,3.016,-3.457,1.543,0.023,2,14,0,0.176,0,0,0.018,0.3035,0,-3.292,3.026,-4.128,0.872,0.028,2,14,0,0.212,0,0,0.035,0.2201,0,2.639,-3.104,-4.638,0.362,0.022,2,14,0,0.199,0,0,0.008,0.3433,0,-3.213,-3.234,-3.885,1.115,0.035,2,14,0,0.280,0,0,0.036,0.4108,0,2.368,0.526,0,0,0.280,0.000,0.000,0.000,0.000
58.0,0.283,-0.106,-5.010,-0.010,0.041,2,14,0,0.170,0,0,0.024,0.1450,0,-0.123,2.953,-3.407,1.593,0.057,2,14,0,0.201,0,0,0.058,0.9359,0,0.216,-3.029,-3.185,1.815,0.054,2,14,0,0.174,0,0,0.059,0.9362,0,2.678,-0.324,-4.394,0.606,0.032,2,14,0,0.170,0,0,0.069,0.9384,0,-3.293,0.094,-2.997,2.003,0.035,2,14,0,0.171,0,0,0.048,0.9420,0,3.167,3.017,-3.455,1.545,0.051,2,14,0,0.207,0,0,0.042,0.3035,0,-3.308,3.017,-4.178,0.822,0.038,2,14,0,0.204,0,0,0.021,0.2201,0,2.662,-3.131,-4.656,0.344,0.039,2,14,0,0.235,0,0,0.036,0.3433,0,-3.280,-3.277,-3.890,1.110,0.063,2,14,0,0.171,0,0,0.076,0.4108,0,2.483,0.456,0,0,0.235,0.000,0.000,0.000,0.000
59.0,0.230,-0.111,-5.010,-0.010,0.041,2,14,0,0.207,0,0,0.060,0.1450,0,-0.037,2.929,-3.388,1.612,0.004,2,14,0,0.168,0,0,0.030,0.9359,0,0.203,-2.996,-3.187,1.813,0.024,2,14,0,0.206,0,0,0.027,0.9362,0,2.628,-0.315,-4.502,0.498,0.065,2,14,0,0.200,0,0,0.043,0.9384,0,-3.287,0.128,-2.984,2.016,0.059,2,14,0,0.204,0,0,0.041,0.9420,0,3.118,3.033,-3.448,1.552,0.019,2,14,0,0.249,0,0,0.013,0.3035,0,-3.348,3.009,-4.078,0.922,0.038,2,14,0,0.211,0,0,0.028,0.2201,0,2.632,-3.123,-4.615,0.385,0.019,2,14,0,0.199,0,0,0.028,0.3433,0,-3.214,-3.260,-3.908,1.092,0.010,2,14,0,0.206,0,0,0.012,0.4108,0,2.459,0.488,0,0,0.249,0.000,0.000,0.000,0.000
60.0,0.274,-0.130,-5.019,-0.019,0.017,2,14,0,0.251,0,0,0.014,0.1450,0,-0.051,2.940,-3.405,1.595,0.047,2,14,0,0.207,0,0,0.018,0.9359,0,0.207,-2.950,-3.194,1.806,0.008,2,14,0,0.177,0,0,0.038,0.9362,0,2.590,-0.390,-4.545,0.455,0.033,2,14,0,0.206,0,0,0.042,0.9384,0,-3.260,0.123,-2.952,2.048,0.044,2,14,0,0.209,0,0,0.015,0.9420,0,3.163,3.016,-3.540,1.460,0.025,2,14,0,0.200,0,0,0.036,0.3035,0,-3.274,3.008,-4.050,0.950,0.010,2,14,0,0.208,0,0,0.056,0.2201,0,2.648,-3.078,-4.610,0.390,0.044,2,14,0,0.199,0,0,0.020,0.3433,0,-3.218,-3.272,-3.903,1.097,0.026,2,14,0,0.203,0,0,0.016,0.4108,0,2.378,0.565,0,0,0.251,0.000,0.000,0.000,0.000
61.0,0.307,-0.137,-5.028,-0.028,0.004,2,14,0,0.210,0,0,0.021,0.1450,0,-0.029,2.909,-3.437,1.563,0.045,2,14,0,0.176,0,0,0.048,0.9359,0,0.182,-2.969,-3.160,1.840,0.023,2,14,0,0.171,0,0,0.012,0.9362,0,2.628,-0.396,-4.430,0.570,0.062,2,14,0,0.204,0,0,0.040,0.9384,0,-3.216,0.121,-2.970,2.030,0.051,2,14,0,0.278,0,0,0.032,0.9420,0,3.177,3.039,-3.423,1.577,0.056,2,14,0,0.206,0,0,0.050,0.3035,0,-3.357,3.023,-4.112,0.888,0.022,2,14,0,0.249,0,0,0.031,0.2201,0,2.643,-3.069,-4.606,0.394,0.058,2,14,0,0.257,0,0,0.030,0.3433,0,-3.213,-3.269,-3.892,1.108,0.023,2,14,0,0.202,0,0,0.012,0.4108,0,2.410,0.544,0,0,0.278,0.000,0.000,0.000,0.000
62.0,0.307,-0.127,-5.045,-0.045,0.069,2,14,0,0.211,0,0,0.022,0.1450,0,-0.075,2.929,-3.423,1.577,0.041,2,14,0,0.199,0,0,0.014,0.9359,0,0.168,-2.979,-3.194,1.806,0.017,2,14,0,0.171,0,0,0.014,0.9362,0,2.596,-0.348,-4.457,0.543,0.037,2,14,0,0.205,0,0,0.024,0.9384,0,-3.236,0.140,-2.939,2.061,0.031,2,14,0,0.200,0,0,0.027,0.9420,0,3.103,3.013,-3.490,1.510,0.039,2,14,0,0.170,0,0,0.033,0.3035,0,-3.369,3.002,-4.125,0.875,0.002,2,14,0,0.177,0,0,0.048,0.2201,0,2.606,-3.118,-4.632,0.368,0.011,2,14,0,0.202,0,0,0.043,0.3433,0,-3.180,-3.293,-3.866,1.134,0.049,2,14,0,0.198,0,0,0.036,0.4108,0,2.374,0.533,0,0,0.211,0.000,0.000,0.000,0.000
63.0,0.293,-0.151,-4.962,0.038,0.024,2,14,0,0.246,0,0,0.022,0.1450,0,-0.069,2.953,-3.432,1.568,0.036,2,14,0,0.202,0,0,0.017,0.9359,0,0.158,-2.989,-3.283,1.717,0.038,2,14,0,0.234,0,0,0.026,0.9362,0,2.600,-0.360,-4.478,0.522,0.019,2,14,0,0.212,0,0,0.018,0.9384,0,-3.261,0.124,-3.017,1.983,0.030,2,14,0,0.201,0,0,0.016,0.9420,0,3.130,3.031,-3.513,1.487,0.029,2,14,0,0.201,0,0,0.004,0.3035,0,-3.298,2.982,-4.126,0.874,0.053,2,14,0,0.210,0,0,0.052,0.2201,0,2.608,-3.068,-4.696,0.304,0.096,2,14,0,0.249,0,0,0.053,0.3433,0,-3.177,-3.261,-3.881,1.119,0.023,2,14,0,0.197,0,0,0.026,0.4108,0,2.367,0.538,0,0,0.249,0.000,0.000,0.000,0.000
64.0,0.305,-0.163,-5.016,-0.016,0.052,2,14,0,0.171,0,0,0.038,0.1450,0,-0.099,2.909,-3.420,1.580,0.041,2,14,0,0.264,0,0,0.043,0.9359,0,0.145,-2.999,-3.168,1.832,0.006,2,14,0,0.172,0,0,0.040,0.9362,0,2.611,-0.348,-4.442,0.558,0.020,2,14,0,0.180,0,0,0.012,0.9384,0,-3.215,0.118,-3.020,1.980,0.029,2,14,0,0.220,0,0,0.033,0.9420,0,3.114,3.033,-3.462,1.538,0.030,2,14,0,0.243,0,0,0.016,0.3035,0,-3.331,3.023,-4.181,0.819,0.013,2,14,0,0.207,0,0,0.005,0.2201,0,2.615,-3.117,-4.608,0.392,0.028,2,14,0,0.196,0,0,0.037,0.3433,0,-3.223,-3.255,-3.932,1.068,0.023,2,14,0,0.199,0,0,0.024,0.4108,0,2.383,0.522,0,0,0.264,0.000,0.000,0.000,0.000
65.0,0.269,-0.108,-4.943,0.057,0.038,2,14,0,0.215,0,0,0.029,0.1450,0,-0.058,2.921,-3.399,1.601,0.031,2,14,0,0.197,0,0,0.020,0.9359,0,0.182,-2.979,-3.251,1.749,0.010,2,14,0,0.201,0,0,0.001,0.9362,0,2.584,-0.358,-4.533,0.467,0.023,2,14,0,0.203,0,0,0.033,0.9384,0,-3.226,0.076,-2.944,2.056,0.050,2,14,0,0.238,0,0,0.046,0.9420,0,3.107,3.026,-3.424,1.576,0.039,2,14,0,0.201,0,0,0.026,0.3035,0,-3.340,3.079,-4.148,0.852,0.058,2,14,0,0.177,0,0,0.055,0.2201,0,2.664,-3.081,-4.581,0.419,0.016,2,14,0,0.167,0,0,0.024,0.3433,0,-3.227,-3.269,-3.815,1.185,0.039,2,14,0,0.203,0,0,0.024,0.4108,0,2.365,0.549,0,0,0.238,0.000,0.000,0.000,0.000
66.0,0.255,-0.122,-4.996,0.004,0.057,2,14,0,0.205,0,0,0.035,0.1450,0,-0.089,2.931,-3.453,1.547,0.020,2,14,0,0.166,0,0,0.024,0.9359,0,0.163,-2.998,-3.207,1.793,0.017,2,14,0,0.283,0,0,0.027,0.9362,0,2.650,-0.380,-4.464,0.536,0.019,2,14,0,0.170,0,0,0.039,0.9384,0,-3.216,0.097,-2.929,2.071,0.056,2,14,0,0.233,0,0,0.038,0.9420,0,3.159,3.055,-3.439,1.561,0.025,2,14,0,0.203,0,0,0.037,0.3035,0,-3.353,3.040,-4.122,0.878,0.051,2,14,0,0.251,0,0,0.030,0.2201,0,2.682,-3.107,-4.679,0.321,0.057,2,14,0,0.195,0,0,0.037,0.3433,0,-3.238,-3.254,-3.799,1.201,0.057,2,14,0,0.204,0,0,0.038,0.4108,0,2.467,0.517,0,0,0.283,0.000,0.000,0.000,0.000
67.0,0.308,-0.183,-5.062,-0.062,0.047,2,14,0,0.178,0,0,0.058,0.1450,0,-0.059,2.947,-3.343,1.657,0.036,2,14,0,0.199,0,0,0.015,0.9359,0,0.173,-2.990,-3.210,1.790,0.031,2,14,0,0.238,0,0,0.014,0.9362,0,2.669,-0.381,-4.511,0.489,0.035,2,14,0,0.203,0,0,0.056,0.9384,0,-3.250,0.131,-2.993,2.007,0.019,2,14,0,0.164,0,0,0.015,0.9420,0,3.151,3.034,-3.454,1.546,0.027,2,14,0,0.198,0,0,0.020,0.3035,0,-3.341,3.007,-4.125,0.875,0.032,2,14,0,0.180,0,0,0.024,0.2201,0,2.649,-3.116,-4.645,0.355,0.015,2,14,0,0.253,0,0,0.016,0.3433,0,-3.206,-3.263,-3.868,1.132,0.003,2,14,0,0.185,0,0,0.005,0.4108,0,2.432,0.505,0,0,0.253,0.000,0.000,0.000,0.000
68.0,0.308,-0.128,-5.000,-0.000,0.050,2,14,0,0.210,0,0,0.020,0.1450,0,-0.108,2.944,-3.376,1.624,0.060,2,14,0,0.166,0,0,0.041,0.9359,0,0.191,-2.967,-3.203,1.797,0.025,2,14,0,0.169,0,0,0.014,0.9362,0,2.585,-0.358,-4.478,0.522,0.036,2,14,0,0.172,0,0,0.033,0.9384,0,-3.211,0.134,-2.985,2.015,0.039,2,14,0,0.166,0,0,0.040,0.9420,0,3.138,3.053,-3.498,1.502,0.054,2,14,0,0.202,0,0,0.022,0.3035,0,-3.334,3.063,-4.093,0.907,0.035,2,14,0,0.178,0,0,0.037,0.2201,0,2.616,-3.106,-4.645,0.355,0.015,2,14,0,0.237,0,0,0.031,0.3433,0,-3.208,-3.254,-3.843,1.157,0.040,2,14,0,0.201,0,0,0.014,0.4108,0,2.347,0.548,0,0,0.237,0.000,0.000,0.000,0.000
69.0,0.278,-0.102,-4.931,0.069,0.043,2,14,0,0.205,0,0,0.029,0.1450,0,-0.085,2.930,-3.379,1.621,0.027,2,14,0,0.272,0,0,0.019,0.9359,0,0.185,-2.972,-3.216,1.784,0.017,2,14,0,0.203,0,0,0.008,0.9362,0,2.628,-0.324,-4.435,0.565,0.050,2,14,0,0.207,0,0,0.036,0.9384,0,-3.259,0.093,-3.007,1.993,0.027,2,14,0,0.203,0,0,0.024,0.9420,0,3.164,3.028,-3.442,1.558,0.031,2,14,0,0.206,0,0,0.035,0.3035,0,-3.271,3.034,-4.111,0.889,0.034,2,14,0,0.212,0,0,0.056,0.2201,0,2.627,-3.126,-4.627,0.373,0.045,2,14,0,0.300,0,0,0.035,0.3433,0,-3.207,-3.270,-3.793,1.207,0.013,2,14,0,0.198,0,0,0.003,0.4108,0,2.412,0.493,0,0,0.300,0.000,0.000,0.000,0.000
70.0,0.313,-0.105,-4.978,0.022,0.039,2,14,0,0.208,0,0,0.033,0.1450,0,-0.022,2.942,-3.396,1.604,0.033,2,14,0,0.201,0,0,0.042,0.9359,0,0.176,-3.016,-3.212,1.788,0.032,2,14,0,0.204,0,0,0.037,0.9362,0,2.590,-0.359,-4.484,0.516,0.039,2,14,0,0.206,0,0,0.028,0.9384,0,-3.306,0.115,-3.018,1.982,0.054,2,14,0,0.169,0,0,0.058,0.9420,0,3.089,3.025,-3.472,1.528,0.029,2,14,0,0.240,0,0,0.039,0.3035,0,-3.306,3.004,-4.079,0.921,0.039,2,14,0,0.203,0,0,0.031,0.2201,0,2.601,-3.109,-4.646,0.354,0.060,2,14,0,0.236,0,0,0.048,0.3433,0,-3.139,-3.283,-3.894,1.106,0.049,2,14,0,0.170,0,0,0.067,0.4108,0,2.344,0.545,0,0,0.240,0.000,0.000,0.000,0.000
71.0,0.299,-0.124,-5.032,-0.032,0.035,2,14,0,0.210,0,0,0.014,0.1450,0,-0.056,2.941,-3.396,1.604,0.047,2,14,0,0.207,0,0,0.012,0.9359,0,0.204,-3.020,-3.230,1.770,0.051,2,14,0,0.168,0,0,0.046,0.9362,0,2.632,-0.343,-4.433,0.567,0.031,2,14,0,0.243,0,0,0.020,0.9384,0,-3.287,0.090,-2.969,2.031,0.079,2,14,0,0.289,0,0,0.049,0.9420,0,3.097,3.012,-3.490,1.510,0.096,2,14,0,0.202,0,0,0.042,0.3035,0,-3.313,3.042,-4.102,0.898,0.015,2,14,0,0.181,0,0,0.021,0.2201,0,2.669,-3.101,-4.633,0.367,0.053,2,14,0,0.208,0,0,0.025,0.3433,0,-3.192,-3.297,-3.858,1.142,0.026,2,14,0,0.202,0,0,0.031,0.4108,0,2.418,0.503,0,0,0.289,0.000,0.000,0.000,0.000
72.0,0.279,-0.152,-4.980,0.020,0.016,2,14,0,0.200,0,0,0.024,0.1450,0,-0.049,2.910,-3.412,1.588,0.048,2,14,0,0.205,0,0,0.034,0.9359,0,0.204,-2.989,-3.269,1.731,0.041,2,14,0,0.203,0,0,0.025,0.9362,0,2.635,-0.367,-4.538,0.462,0.017,2,14,0,0.207,0,0,0.019,0.9384,0,-3.274,0.127,-2.931,2.069,0.032,2,14,0,0.201,0,0,0.027,0.9420,0,3.140,3.026,-3.521,1.479,0.009,2,14,0,0.179,0,0,0.013,0.3035,0,-3.345,2.986,-4.147,0.853,0.034,2,14,0,0.179,0,0,0.044,0.2201,0,2.630,-3.103,-4.629,0.371,0.064,2,14,0,0.208,0,0,0.020,0.3433,0,-3.246,-3.244,-3.892,1.108,0.058,2,14,0,0.168,0,0,0.049,0.4108,0,2.407,0.518,0,0,0.208,0.000,0.000,0.000,0.000
73.0,0.278,-0.135,-5.015,-0.015,0.028,2,14,0,0.170,0,0,0.012,0.1450,0,-0.055,2.946,-3.417,1.583,0.011,2,14,0,0.175,0,0,0.015,0.9359,0,0.229,-2.960,-3.179,1.821,0.058,2,14,0,0.170,0,0,0.051,0.9362,0,2.620,-0.332,-4.486,0.514,0.016,2,14,0,0.173,0,0,0.025,0.9384,0,-3.262,0.133,-2.967,2.033,0.063,2,14,0,0.205,0,0,0.024,0.9420,0,3.164,3.061,-3.475,1.525,0.026,2,14,0,0.208,0,0,0.042,0.3035,0,-3.275,3.009,-4.139,0.861,0.015,2,14,0,0.178,0,0,0.053,0.2201,0,2.653,-3.067,-4.707,0.293,0.033,2,14,0,0.169,0,0,0.031,0.3433,0,-3.169,-3.266,-3.924,1.076,0.009,2,14,0,0.202,0,0,0.034,0.4108,0,2.409,0.505,0,0,0.208,0.000,0.000,0.000,0.000
74.0,0.340,-0.107,-4.967,0.033,0.038,2,14,0,0.175,0,0,0.056,0.1450,0,-0.073,2.958,-3.374,1.626,0.021,2,14,0,0.167,0,0,0.022,0.9359,0,0.200,-2.959,-3.192,1.808,0.051,2,14,0,0.202,0,0,0.027,0.9362,0,2.592,-0.347,-4.489,0.511,0.039,2,14,0,0.180,0,0,0.028,0.9384,0,-3.235,0.100,-2.995,2.005,0.020,2,14,0,0.199,0,0,0.019,0.9420,0,3.135,3.066,-3.422,1.578,0.040,2,14,0,0.170,0,0,0.034,0.3035,0,-3.332,3.032,-4.158,0.842,0.043,2,14,0,0.217,0,0,0.007,0.2201,0,2.646,-3.081,-4.658,0.342,0.018,2,14,0,0.198,0,0,0.016,0.3433,0,-3.199,-3.272,-3.868,1.132,0.044,2,14,0,0.172,0,0,0.007,0.4108,0,2.314,0.536,0,0,0.217,0.000,0.000,0.000,0.000
75.0,0.262,-0.099,-4.986,0.014,0.050,2,14,0,0.245,0,0,0.041,0.1450,0,-0.099,2.936,-3.398,1.602,0.047,2,14,0,0.239,0,0,0.033,0.9359,0,0.167,-3.012,-3.122,1.878,0.025,2,14,0,0.206,0,0,0.034,0.9362,0,2.639,-0.369,-4.406,0.594,0.051,2,14,0,0.196,0,0,0.024,0.9384,0,-3.252,0.115,-2.916,2.084,0.065,2,14,0,0.214,0,0,0.003,0.9420,0,3.072,3.012,-3.455,1.545,0.030,2,14,0,0.272,0,0,0.059,0.3035,0,-3.364,2.999,-4.179,0.821,0.047,2,14,0,0.247,0,0,0.046,0.2201,0,2.647,-3.115,-4.643,0.357,0.022,2,14,0,0.208,0,0,0.017,0.3433,0,-3.176,-3.288,-3.890,1.110,0.052,2,14,0,0.237,0,0,0.035,0.4108,0,2.462,0.516,0,0,0.272,0.000,0.000,0.000,0.000
76.0,0.272,-0.104,-5.034,-0.034,0.072,2,14,0,0.171,0,0,0.033,0.1450,0,-0.071,2.953,-3.449,1.551,0.060,2,14,0,0.168,0,0,0.018,0.9359,0,0.176,-2.993,-3.167,1.833,0.033,2,14,0,0.209,0,0,0.014,0.9362,0,2.615,-0.376,-4.445,0.555,0.022,2,14,0,0.377,0,0,0.018,0.9384,0,-3.263,0.102,-2.938,2.062,0.041,2,14,0,0.200,0,0,0.021,0.9420,0,3.108,3.016,-3.504,1.496,0.086,2,14,0,0.206,0,0,0.030,0.3035,0,-3.285,3.050,-4.126,0.874,0.043,2,14,0,0.206,0,0,0.049,0.2201,0,2.641,-3.099,-4.700,0.300,0.036,2,14,0,0.208,0,0,0.008,0.3433,0,-3.172,-3.272,-3.884,1.116,0.030,2,14,0,0.485,0,0,0.031,0.4108,0,2.431,0.538,0,0,0.485,0.000,0.000,0.000,0.000
77.0,0.281,-0.134,-4.986,0.014,0.024,2,14,0,0.211,0,0,0.010,0.1450,0,-0.103,2.936,-3.422,1.578,0.074,2,14,0,0.202,0,0,0.038,0.9359,0,0.149,-2.972,-3.228,1.772,0.059,2,14,0,0.199,0,0,0.035,0.9362,0,2.565,-0.345,-4.447,0.553,0.070,2,14,0,0.216,0,0,0.055,0.9384,0,-3.235,0.116,-2.955,2.045,0.011,2,14,0,0.197,0,0,0.011,0.9420,0,3.093,3.027,-3.443,1.557,0.032,2,14,0,0.186,0,0,0.038,0.3035,0,-3.344,3.007,-4.157,0.843,0.013,2,14,0,0.216,0,0,0.025,0.2201,0,2.634,-3.111,-4.637,0.363,0.035,2,14,0,0.206,0,0,0.020,0.3433,0,-3.205,-3.214,-3.827,1.173,0.049,2,14,0,0.232,0,0,0.054,0.4108,0,2.356,0.556,0,0,0.232,0.000,0.000,0.000,0.000
78.0,0.315,-0.147,-5.036,-0.036,0.041,2,14,0,0.170,0,0,0.033,0.1450,0,-0.118,2.946,-3.370,1.630,0.036,2,14,0,0.208,0,0,0.051,0.9359,0,0.184,-2.936,-3.189,1.811,0.059,2,14,0,0.163,0,0,0.045,0.9362,0,2.621,-0.357,-4.418,0.582,0.037,2,14,0,0.206,0,0,0.004,0.9384,0,-3.244,0.127,-3.056,1.944,0.037,2,14,0,0.220,0,0,0.011,0.9420,0,3.150,3.012,-3.443,1.557,0.032,2,14,0,0.209,0,0,0.031,0.3035,0,-3.332,2.987,-4.177,0.823,0.048,2,14,0,0.173,0,0,0.040,0.2201,0,2.686,-3.068,-4.584,0.416,0.058,2,14,0,0.209,0,0,0.049,0.3433,0,-3.238,-3.261,-3.816,1.184,0.039,2,14,0,0.182,0,0,0.035,0.4108,0,2.397,0.521,0,0,0.220,0.000,0.000,0.000,0.000
79.0,0.285,-0.101,-5.014,-0.014,0.033,2,14,0,0.216,0,0,0.029,0.1450,0,-0.056,2.935,-3.408,1.592,0.017,2,14,0,0.237,0,0,0.012,0.9359,0,0.199,-3.016,-3.206,1.794,0.042,2,14,0,0.167,0,0,0.039,0.9362,0,2.599,-0.380,-4.467,0.533,0.063,2,14,0,0.210,0,0,0.029,0.9384,0,-3.234,0.121,-3.013,1.987,0.022,2,14,0,0.220,0,0,0.014,0.9420,0,3.164,3.055,-3.389,1.611,0.032,2,14,0,0.240,0,0,0.041,0.3035,0,-3.329,3.008,-4.113,0.887,0.044,2,14,0,0.262,0,0,0.018,0.2201,0,2.671,-3.063,-4.563,0.437,0.070,2,14,0,0.222,0,0,0.045,0.3433,0,-3.185,-3.286,-3.859,1.141,0.006,2,14,0,0.167,0,0,0.025,0.4108,0,2.395,0.552,0,0,0.262,0.000,0.000,0.000,0.000
80.0,0.290,-0.110,-4.998,0.002,0.015,2,14,0,0.210,0,0,0.019,0.1450,0,-0.049,2.938,-3.407,1.593,0.036,2,14,0,0.174,0,0,0.019,0.9359,0,0.184,-3.001,-3.208,1.792,0.043,2,14,0,0.181,0,0,0.021,0.9362,0,2.641,-0.374,-4.470,0.530,0.023,2,14,0,0.522,0,0,0.028,0.9384,0,-3.202,0.110,-3.003,1.997,0.045,2,14,0,0.168,0,0,0.046,0.9420,0,3.123,3.077,-3.432,1.568,0.066,2,14,0,0.361,0,0,0.045,0.3035,0,-3.375,3.033,-4.096,0.904,0.029,2,14,0,0.209,0,0,0.049,0.2201,0,2.676,-3.120,-4.689,0.311,0.025,2,14,0,0.165,0,0,0.035,0.3433,0,-3.262,-3.292,-3.880,1.120,0.079,2,14,0,0.198,0,0,0.064,0.4108,0,2.424,0.518,0,0,0.522,0.000,0.000,0.000,0.000
81.0,0.316,-0.122,-4.956,0.044,0.018,2,14,0,0.171,0,0,0.027,0.1450,0,-0.064,2.921,-3.410,1.590,0.014,2,14,0,0.209,0,0,0.016,0.9359,0,0.156,-2.970,-3.183,1.817,0.019,2,14,0,0.201,0,0,0.026,0.9362,0,2.609,-0.367,-4.493,0.507,0.031,2,14,0,0.206,0,0,0.013,0.9384,0,-3.265,0.092,-2.996,2.004,0.024,2,14,0,0.169,0,0,0.028,0.9420,0,3.159,3.032,-3.512,1.488,0.032,2,14,0,0.196,0,0,0.029,0.3035,0,-3.363,3.039,-4.149,0.851,0.030,2,14,0,0.176,0,0,0.039,0.2201,0,2.630,-3.084,-4.668,0.332,0.013,2,14,0,0.241,0,0,0.020,0.3433,0,-3.227,-3.266,-3.943,1.057,0.071,2,14,0,0.176,0,0,0.026,0.4108,0,2.353,0.536,0,0,0.241,0.000,0.000,0.000,0.000
82.0,0.298,-0.153,-5.020,-0.020,0.025,2,14,0,0.175,0,0,0.025,0.1450,0,-0.097,2.924,-3.423,1.577,0.037,2,14,0,0.196,0,0,0.033,0.9359,0,0.178,-2.964,-3.212,1.788,0.029,2,14,0,0.174,0,0,0.017,0.9362,0,2.616,-0.353,-4.431,0.569,0.021,2,14,0,0.215,0,0,0.004,0.9384,0,-3.308,0.117,-2.950,2.050,0.046,2,14,0,0.200,0,0,0.060,0.9420,0,3.147,3.024,-3.473,1.527,0.059,2,14,0,0.205,0,0,0.022,0.3035,0,-3.330,3.019,-4.124,0.876,0.010,2,14,0,0.253,0,0,0.007,0.2201,0,2.614,-3.084,-4.598,0.402,0.057,2,14,0,0.167,0,0,0.037,0.3433,0,-3.193,-3.300,-3.924,1.076,0.025,2,14,0,0.206,0,0,0.033,0.4108,0,2.401,0.522,0,0,0.253,0.000,0.000,0.000,0.000
83.0,0.295,-0.160,-5.036,-0.036,0.013,2,14,0,0.203,0,0,0.029,0.1450,0,-0.029,2.940,-3.375,1.625,0.013,2,14,0,0.196,0,0,0.037,0.9359,0,0.192,-2.968,-3.225,1.775,0.018,2,14,0,0.172,0,0,0.016,0.9362,0,2.633,-0.334,-4.428,0.572,0.047,2,14,0,0.250,0,0,0.029,0.9384,0,-3.228,0.147,-2.907,2.093,0.018,2,14,0,0.200,0,0,0.035,0.9420,0,3.149,3.057,-3.468,1.532,0.037,2,14,0,0.198,0,0,0.031,0.3035,0,-3.331,3.024,-4.121,0.879,0.034,2,14,0,0.176,0,0,0.005,0.2201,0,2.648,-3.075,-4.623,0.377,0.029,2,14,0,0.175,0,0,0.023,0.3433,0,-3.185,-3.291,-3.848,1.152,0.067,2,14,0,0.195,0,0,0.030,0.4108,0,2.422,0.496,0,0,0.250,0.000,0.000,0.000,0.000
84.0,0.256,-0.149,-5.057,-0.057,0.061,2,14,0,0.207,0,0,0.039,0.1450,0,-0.031,2.972,-3.374,1.626,0.088,2,14,0,0.203,0,0,0.051,0.9359,0,0.145,-2.965,-3.205,1.795,0.033,2,14,0,0.177,0,0,0.041,0.9362,0,2.589,-0.351,-4.490,0.510,0.043,2,14,0,0.173,0,0,0.030,0.9384,0,-3.247,0.171,-2.958,2.042,0.080,2,14,0,0.167,0,0,0.055,0.9420,0,3.127,3.054,-3.454,1.546,0.014,2,14,0,0.235,0,0,0.019,0.3035,0,-3.316,2.995,-4.108,0.892,0.026,2,14,0,0.183,0,0,0.033,0.2201,0,2.623,-3.130,-4.613,0.387,0.048,2,14,0,0.227,0,0,0.039,0.3433,0,-3.206,-3.224,-3.808,1.192,0.036,2,14,0,0.193,0,0,0.045,0.4108,0,2.409,0.541,0,0,0.235,0.000,0.000,0.000,0.000
85.0,0.308,-0.091,-5.058,-0.058,0.046,2,14,0,0.253,0,0,0.044,0.1450,0,-0.088,2.957,-3.338,1.662,0.042,2,14,0,0.252,0,0,0.031,0.9359,0,0.165,-2.970,-3.191,1.809,0.022,2,14,0,0.205,0,0,0.020,0.9362,0,2.630,-0.395,-4.470,0.530,0.046,2,14,0,0.203,0,0,0.039,0.9384,0,-3.233,0.089,-2.932,2.068,0.022,2,14,0,0.196,0,0,0.029,0.9420,0,3.165,3.058,-3.454,1.546,0.048,2,14,0,0.239,0,0,0.042,0.3035,0,-3.326,3.003,-4.098,0.902,0.025,2,14,0,0.207,0,0,0.023,0.2201,0,2.661,-3.116,-4.661,0.339,0.047,2,14,0,0.201,0,0,0.023,0.3433,0,-3.180,-3.275,-3.861,1.139,0.008,2,14,0,0.215,0,0,0.024,0.4108,0,2.415,0.541,0,0,0.253,0.000,0.000,0.000,0.000
86.0,0.276,-0.094,-4.982,0.018,0.072,2,14,0,0.209,0,0,0.038,0.1450,0,-0.055,2.957,-3.395,1.605,0.011,2,14,0,0.168,0,0,0.022,0.9359,0,0.223,-2.970,-3.253,1.747,0.005,2,14,0,0.168,0,0,0.040,0.9362,0,2.648,-0.394,-4.483,0.517,0.092,2,14,0,0.252,0,0,0.047,0.9384,0,-3.257,0.091,-2.942,2.058,0.038,2,14,0,0.173,0,0,0.028,0.9420,0,3.116,3.014,-3.476,1.524,0.008,2,14,0,0.208,0,0,0.024,0.3035,0,-3.281,3.007,-4.113,0.887,0.037,2,14,0,0.177,0,0,0.049,0.2201,0,2.632,-3.113,-4.543,0.457,0.045,2,14,0,0.199,0,0,0.019,0.3433,0,-3.237,-3.279,-3.883,1.117,0.036,2,14,0,0.177,0,0,0.036,0.4108,0,2.442,0.529,0,0,0.252,0.000,0.000,0.000,0.000
87.0,0.292,-0.113,-4.985,0.015,0.016,2,14,0,0.259,0,0,0.017,0.1450,0,-0.028,2.982,-3.450,1.550,0.083,2,14,0,0.203,0,0,0.062,0.9359,0,0.237,-2.993,-3.205,1.795,0.075,2,14,0,0.229,0,0,0.056,0.9362,0,2.636,-0.335,-4.468,0.532,0.014,2,14,0,0.200,0,0,0.027,0.9384,0,-3.276,0.095,-2.926,2.074,0.029,2,14,0,0.209,0,0,0.035,0.9420,0,3.130,3.024,-3.494,1.506,0.043,2,14,0,0.212,0,0,0.011,0.3035,0,-3.314,3.052,-4.136,0.864,0.023,2,14,0,0.248,0,0,0.028,0.2201,0,2.672,-3.074,-4.608,0.392,0.040,2,14,0,0.203,0,0,0.034,0.3433,0,-3.149,-3.265,-3.880,1.120,0.019,2,14,0,0.207,0,0,0.052,0.4108,0,2.411,0.495,0,0,0.259,0.000,0.000,0.000,0.000
88.0,0.329,-0.118,-4.964,0.036,0.050,2,14,0,0.267,0,0,0.043,0.1450,0,-0.108,2.924,-3.417,1.583,0.038,2,14,0,0.170,0,0,0.042,0.9359,0,0.167,-2.991,-3.215,1.785,0.007,2,14,0,0.172,0,0,0.018,0.9362,0,2.620,-0.348,-4.444,0.556,0.024,2,14,0,0.170,0,0,0.009,0.9384,0,-3.216,0.100,-2.953,2.047,0.044,2,14,0,0.197,0,0,0.036,0.9420,0,3.058,3.064,-3.471,1.529,0.017,2,14,0,0.241,0,0,0.074,0.3035,0,-3.327,3.075,-4.070,0.930,0.049,2,14,0,0.173,0,0,0.049,0.2201,0,2.649,-3.107,-4.613,0.387,0.010,2,14,0,0.169,0,0,0.008,0.3433,0,-3.210,-3.233,-3.871,1.129,0.031,2,14,0,0.315,0,0,0.036,0.4108,0,2.360,0.516,0,0,0.315,0.000,0.000,0.000,0.000
89.0,0.304,-0.126,-4.991,0.009,0.050,2,14,0,0.201,0,0,0.016,0.1450,0,-0.082,2.898,-3.469,1.531,0.041,2,14,0,0.173,0,0,0.042,0.9359,0,0.214,-2.973,-3.217,1.783,0.055,2,14,0,0.165,0,0,0.033,0.9362,0,2.599,-0.359,-4.488,0.512,0.013,2,14,0,0.212,0,0,0.019,0.9384,0,-3.196,0.146,-2.975,2.025,0.060,2,14,0,0.174,0,0,0.060,0.9420,0,3.083,3.033,-3.544,1.456,0.092,2,14,0,0.198,0,0,0.051,0.3035,0,-3.363,3.059,-4.143,0.857,0.040,2,14,0,0.259,0,0,0.049,0.2201,0,2.648,-3.112,-4.555,0.445,0.057,2,14,0,0.197,0,0,0.014,0.3433,0,-3.203,-3.250,-3.882,1.118,0.031,2,14,0,0.202,0,0,0.018,0.4108,0,2.361,0.538,0,0,0.259,0.000,0.000,0.000,0.000
90.0,0.251,-0.109,-4.986,0.014,0.061,2,14,0,0.172,0,0,0.044,0.1450,0,-0.087,2.940,-3.383,1.617,0.008,2,14,0,0.219,0,0,0.020,0.9359,0,0.145,-2.989,-3.181,1.819,0.014,2,14,0,0.199,0,0,0.038,0.9362,0,2.592,-0.368,-4.481,0.519,0.068,2,14,0,0.205,0,0,0.028,0.9384,0,-3.247,0.082,-2.984,2.016,0.004,2,14,0,0.170,0,0,0.033,0.9420,0,3.139,3.065,-3.486,1.514,0.018,2,14,0,0.208,0,0,0.032,0.3035,0,-3.340,2.989,-4.099,0.901,0.039,2,14,0,0.211,0,0,0.040,0.2201,0,2.681,-3.096,-4.639,0.361,0.036,2,14,0,0.216,0,0,0.033,0.3433,0,-3.242,-3.267,-3.870,1.130,0.030,2,14,0,0.163,0,0,0.038,0.4108,0,2.408,0.549,0,0,0.219,0.000,0.000,0.000,0.000
91.0,0.298,-0.146,-4.967,0.033,0.036,2,14,0,0.208,0,0,0.019,0.1450,0,-0.074,2.936,-3.370,1.630,0.002,2,14,0,0.204,0,0,0.006,0.9359,0,0.170,-2.980,-3.203,1.797,0.087,2,14,0,0.202,0,0,0.015,0.9362,0,2.590,-0.365,-4.447,0.553,0.034,2,14,0,0.200,0,0,0.029,0.9384,0,-3.296,0.143,-3.019,1.981,0.051,2,14,0,0.273,0,0,0.055,0.9420,0,3.081,3.065,-3.398,1.602,0.056,2,14,0,0.202,0,0,0.059,0.3035,0,-3.325,3.018,-4.084,0.916,0.026,2,14,0,0.220,0,0,0.008,0.2201,0,2.651,-3.083,-4.694,0.306,0.035,2,14,0,0.208,0,0,0.016,0.3433,0,-3.198,-3.321,-3.837,1.163,0.053,2,14,0,0.293,0,0,0.053,0.4108,0,2.361,0.549,0,0,0.293,0.000,0.000,0.000,0.000
92.0,0.254,-0.131,-4.980,0.020,0.019,2,14,0,0.205,0,0,0.032,0.1450,0,-0.122,2.937,-3.412,1.588,0.085,2,14,0,0.171,0,0,0.055,0.9359,0,0.141,-2.984,-3.200,1.800,0.020,2,14,0,0.229,0,0,0.041,0.9362,0,2.616,-0.335,-4.517,0.483,0.035,2,14,0,0.177,0,0,0.023,0.9384,0,-3.279,0.106,-2.982,2.018,0.053,2,14,0,0.281,0,0,0.034,0.9420,0,3.127,3.055,-3.450,1.550,0.047,2,14,0,0.181,0,0,0.023,0.3035,0,-3.314,3.061,-4.042,0.958,0.019,2,14,0,0.210,0,0,0.037,0.2201,0,2.628,-3.099,-4.549,0.451,0.034,2,14,0,0.215,0,0,0.020,0.3433,0,-3.204,-3.327,-3.839,1.161,0.066,2,14,0,0.279,0,0,0.059,0.4108,0,2.416,0.509,0,0,0.281,0.000,0.000,0.000,0.000
93.0,0.259,-0.148,-5.013,-0.013,0.070,2,14,0,0.214,0,0,0.035,0.1450,0,-0.095,2.981,-3.397,1.603,0.045,2,14,0,0.204,0,0,0.051,0.9359,0,0.187,-2.971,-3.160,1.840,0.024,2,14,0,0.239,0,0,0.009,0.9362,0,2.628,-0.368,-4.428,0.572,0.023,2,14,0,0.203,0,0,0.013,0.9384,0,-3.203,0.101,-2.960,2.040,0.026,2,14,0,0.205,0,0,0.048,0.9420,0,3.087,3.014,-3.444,1.556,0.042,2,14,0,0.171,0,0,0.047,0.3035,0,-3.264,3.011,-4.173,0.827,0.098,2,14,0,0.179,0,0,0.065,0.2201,0,2.649,-3.126,-4.635,0.365,0.039,2,14,0,0.200,0,0,0.028,0.3433,0,-3.163,-3.273,-3.862,1.138,0.036,2,14,0,0.207,0,0,0.040,0.4108,0,2.450,0.524,0,0,0.239,0.000,0.000,0.000,0.000
94.0,0.323,-0.123,-5.003,-0.003,0.025,2,14,0,0.205,0,0,0.033,0.1450,0,-0.005,2.933,-3.328,1.672,0.019,2,14,0,0.200,0,0,0.061,0.9359,0,0.200,-2.933,-3.208,1.792,0.056,2,14,0,0.166,0,0,0.050,0.9362,0,2.638,-0.355,-4.472,0.528,0.033,2,14,0,0.176,0,0,0.020,0.9384,0,-3.266,0.139,-2.996,2.004,0.025,2,14,0,0.200,0,0,0.027,0.9420,0,3.168,3.024,-3.488,1.512,0.049,2,14,0,0.219,0,0,0.039,0.3035,0,-3.330,3.019,-4.150,0.850,0.019,2,14,0,0.207,0,0,0.008,0.2201,0,2.605,-3.095,-4.634,0.366,0.034,2,14,0,0.240,0,0,0.041,0.3433,0,-3.160,-3.255,-3.890,1.110,0.060,2,14,0,0.254,0,0,0.046,0.4108,0,2.386,0.507,0,0,0.254,0.000,0.000,0.000,0.000
95.0,0.326,-0.140,-5.049,-0.049,0.089,2,14,0,0.178,0,0,0.042,0.1450,0,-0.043,2.901,-3.365,1.635,0.052,2,14,0,0.179,0,0,0.043,0.9359,0,0.160,-2.986,-3.208,1.792,0.005,2,14,0,0.204,0,0,0.023,0.9362,0,2.613,-0.352,-4.429,0.571,0.012,2,14,0,0.168,0,0,0.007,0.9384,0,-3.231,0.121,-2.963,2.037,0.012,2,14,0,0.207,0,0,0.017,0.9420,0,3.154,3.065,-3.449,1.551,0.035,2,14,0,0.256,0,0,0.039,0.3035,0,-3.344,3.018,-4.120,0.880,0.038,2,14,0,0.210,0,0,0.019,0.2201,0,2.633,-3.088,-4.613,0.387,0.033,2,14,0,0.209,0,0,0.017,0.3433,0,-3.236,-3.251,-3.882,1.118,0.054,2,14,0,0.235,0,0,0.038,0.4108,0,2.379,0.524,0,0,0.256,0.000,0.000,0.000,0.000
96.0,0.259,-0.110,-5.008,-0.008,0.064,2,14,0,0.211,0,0,0.035,0.1450,0,-0.015,2.921,-3.375,1.625,0.053,2,14,0,0.211,0,0,0.056,0.9359,0,0.145,-2.994,-3.215,1.785,0.011,2,14,0,0.205,0,0,0.039,0.9362,0,2.625,-0.340,-4.489,0.511,0.016,2,14,0,0.201,0,0,0.019,0.9384,0,-3.257,0.095,-2.975,2.025,0.028,2,14,0,0.208,0,0,0.023,0.9420,0,3.168,3.025,-3.431,1.569,0.015,2,14,0,0.204,0,0,0.039,0.3035,0,-3.349,3.036,-4.143,0.857,0.049,2,14,0,0.183,0,0,0.024,0.2201,0,2.675,-3.091,-4.629,0.371,0.031,2,14,0,0.199,0,0,0.028,0.3433,0,-3.240,-3.257,-3.874,1.126,0.066,2,14,0,0.215,0,0,0.039,0.4108,0,2.433,0.506,0,0,0.215,0.000,0.000,0.000,0.000
97.0,0.306,-0.120,-4.985,0.015,0.012,2,14,0,0.206,0,0,0.019,0.1450,0,-0.092,2.933,-3.403,1.597,0.029,2,14,0,0.169,0,0,0.026,0.9359,0,0.182,-3.013,-3.214,1.786,0.060,2,14,0,0.173,0,0,0.034,0.9362,0,2.643,-0.384,-4.502,0.498,0.034,2,14,0,0.205,0,0,0.037,0.9384,0,-3.246,0.145,-2.997,2.003,0.034,2,14,0,0.246,0,0,0.028,0.9420,0,3.129,3.010,-3.501,1.499,0.043,2,14,0,0.200,0,0,0.023,0.3035,0,-3.369,3.015,-4.082,0.918,0.028,2,14,0,0.176,0,0,0.043,0.2201,0,2.705,-3.080,-4.642,0.358,0.066,2,14,0,0.171,0,0,0.060,0.3433,0,-3.210,-3.278,-3.941,1.059,0.022,2,14,0,0.196,0,0,0.012,0.4108,0,2.401,0.524,0,0,0.246,0.000,0.000,0.000,0.000
98.0,0.311,-0.120,-5.005,-0.005,0.053,2,14,0,0.187,0,0,0.024,0.1450,0,-0.069,2.934,-3.400,1.600,0.007,2,14,0,0.162,0,0,0.003,0.9359,0,0.251,-3.029,-3.217,1.783,0.049,2,14,0,0.172,0,0,0.082,0.9362,0,2.617,-0.336,-4.496,0.504,0.013,2,14,0,0.249,0,0,0.022,0.9384,0,-3.234,0.144,-2.906,2.094,0.020,2,14,0,0.203,0,0,0.031,0.9420,0,3.113,3.023,-3.469,1.531,0.011,2,14,0,0.203,0,0,0.017,0.3035,0,-3.295,3.015,-4.129,0.871,0.021,2,14,0,0.189,0,0,0.033,0.2201,0,2.611,-3.082,-4.639,0.361,0.032,2,14,0,0.172,0,0,0.039,0.3433,0,-3.158,-3.221,-3.866,1.134,0.043,2,14,0,0.168,0,0,0.064,0.4108,0,2.372,0.509,0,0,0.249,0.000,0.000,0.000,0.000
99.0,0.299,-0.114,-4.970,0.030,0.028,2,14,0,0.207,0,0,0.020,0.1450,0,-0.067,2.945,-3.415,1.585,0.014,2,14,0,0.177,0,0,0.007,0.9359,0,0.202,-3.001,-3.272,1.728,0.065,2,14,0,0.166,0,0,0.029,0.9362,0,2.590,-0.376,-4.527,0.473,0.044,2,14,0,0.211,0,0,0.034,0.9384,0,-3.186,0.103,-2.910,2.090,0.048,2,14,0,0.180,0,0,0.062,0.9420,0,3.131,3.010,-3.436,1.564,0.055,2,14,0,0.211,0,0,0.025,0.3035,0,-3.258,3.030,-4.122,0.878,0.063,2,14,0,0.184,0,0,0.069,0.2201,0,2.590,-3.103,-4.659,0.341,0.057,2,14,0,0.197,0,0,0.057,0.3433,0,-3.184,-3.270,-3.868,1.132,0.016,2,14,0,0.246,0,0,0.016,0.4108,0,2.348,0.556,0,0,0.246,0.000,0.000,0.000,0.000
100.0,0.267,-0.135,-5.042,-0.042,0.036,2,14,0,0.180,0,0,0.022,0.1450,0,-0.059,2.974,-3.406,1.594,0.020,2,14,0,0.203,0,0,0.037,0.9359,0,0.191,-2.973,-3.227,1.773,0.020,2,14,0,0.170,0,0,0.011,0.9362,0,2.626,-0.376,-4.453,0.547,0.023,2,14,0,0.210,0,0,0.020,0.9384,0,-3.221,0.086,-2.919,2.081,0.041,2,14,0,0.201,0,0,0.041,0.9420,0,3.121,2.995,-3.566,1.434,0.019,2,14,0,0.328,0,0,0.038,0.3035,0,-3.331,3.037,-4.135,0.865,0.042,2,14,0,0.210,0,0,0.012,0.2201,0,2.635,-3.090,-4.597,0.403,0.022,2,14,0,0.164,0,0,0.014,0.3433,0,-3.201,-3.278,-3.874,1.126,0.066,2,14,0,0.207,0,0,0.012,0.4108,0,2.444,0.530,0,0,0.328,0.000,0.000,0.000,0.000
101.0,0.261,-0.165,-5.003,-0.003,0.029,2,14,0,0.174,0,0,0.044,0.1450,0,-0.091,2.909,-3.380,1.620,0.025,2,14,0,0.177,0,0,0.035,0.9359,0,0.135,-2.992,-3.209,1.791,0.041,2,14,0,0.201,0,0,0.048,0.9362,0,2.628,-0.348,-4.411,0.589,0.008,2,14,0,0.209,0,0,0.014,0.9384,0,-3.268,0.114,-2.999,2.001,0.036,2,14,0,0.196,0,0,0.020,0.9420,0,3.138,3.044,-3.519,1.481,0.017,2,14,0,0.172,0,0,0.012,0.3035,0,-3.325,2.985,-4.094,0.906,0.020,2,14,0,0.206,0,0,0.041,0.2201,0,2.664,-3.101,-4.609,0.391,0.015,2,14,0,0.235,0,0,0.016,0.3433,0,-3.272,-3.243,-3.875,1.125,0.072,2,14,0,0.167,0,0,0.073,0.4108,0,2.447,0.509,0,0,0.235,0.000,0.000,0.000,0.000
102.0,0.256,-0.165,-5.002,-0.002,0.059,2,14,0,0.183,0,0,0.048,0.1450,0,-0.128,2.899,-3.320,1.680,0.098,2,14,0,0.257,0,0,0.074,0.9359,0,0.113,-3.005,-3.181,1.819,0.067,2,14,0,0.206,0,0,0.073,0.9362,0,2.609,-0.357,-4.410,0.590,0.017,2,14,0,0.292,0,0,0.009,0.9384,0,-3.260,0.084,-2.987,2.013,0.054,2,14,0,0.236,0,0,0.036,0.9420,0,3.106,3.073,-3.463,1.537,0.053,2,14,0,0.201,0,0,0.047,0.3035,0,-3.354,3.003,-4.160,0.840,0.039,2,14,0,0.245,0,0,0.035,0.2201,0,2.698,-3.113,-4.639,0.361,0.027,2,14,0,0.169,0,0,0.052,0.3433,0,-3.236,-3.298,-3.889,1.111,0.087,2,14,0,0.207,0,0,0.046,0.4108,0,2.433,0.530,0,0,0.292,0.000,0.000,0.000,0.000
103.0,0.313,-0.157,-4.971,0.029,0.049,2,14,0,0.174,0,0,0.038,0.1450,0,-0.069,2.927,-3.424,1.576,0.016,2,14,0,0.164,0,0,0.010,0.9359,0,0.176,-2.934,-3.175,1.825,0.068,2,14,0,0.205,0,0,0.047,0.9362,0,2.607,-0.330,-4.432,0.568,0.037,2,14,0,0.181,0,0,0.030,0.9384,0,-3.240,0.108,-3.029,1.971,0.027,2,14,0,0.200,0,0,0.012,0.9420,0,3.122,3.068,-3.403,1.597,0.047,2,14,0,0.211,0,0,0.036,0.3035,0,-3.372,3.012,-4.148,0.852,0.072,2,14,0,0.247,0,0,0.047,0.2201,0,2.642,-3.133,-4.580,0.420,0.044,2,14,0,0.205,0,0,0.035,0.3433,0,-3.163,-3.316,-3.855,1.145,0.082,2,14,0,0.227,0,0,0.064,0.4108,0,2.363,0.513,0,0,0.247,0.000,0.000,0.000,0.000
104.0,0.330,-0.094,-4.970,0.030,0.057,2,14,0,0.244,0,0,0.054,0.1450,0,-0.057,2.941,-3.420,1.580,0.033,2,14,0,0.199,0,0,0.010,0.9359,0,0.154,-2.984,-3.227,1.773,0.056,2,14,0,0.196,0,0,0.031,0.9362,0,2.608,-0.396,-4.472,0.528,0.061,2,14,0,0.173,0,0,0.041,0.9384,0,-3.295,0.155,-2.928,2.072,0.039,2,14,0,0.472,0,0,0.059,0.9420,0,3.172,3.048,-3.425,1.575,0.036,2,14,0,0.206,0,0,0.045,0.3035,0,-3.265,3.016,-4.113,0.887,0.086,2,14,0,0.208,0,0,0.063,0.2201,0,2.649,-3.085,-4.606,0.394,0.010,2,14,0,0.239,0,0,0.014,0.3433,0,-3.183,-3.255,-3.827,1.173,0.016,2,14,0,0.165,0,0,0.024,0.4108,0,2.351,0.557,0,0,0.472,0.000,0.000,0.000,0.000
105.0,0.251,-0.083,-5.010,-0.010,0.055,2,14,0,0.168,0,0,0.059,0.1450,0,-0.045,2.962,-3.397,1.603,0.038,2,14,0,0.203,0,0,0.033,0.9359,0,0.262,-2.937,-3.200,1.800,0.073,2,14,0,0.199,0,0,0.091,0.9362,0,2.640,-0.328,-4.471,0.529,0.040,2,14,0,0.207,0,0,0.037,0.9384,0,-3.291,0.095,-2.981,2.019,0.078,2,14,0,0.203,0,0,0.050,0.9420,0,3.121,3.004,-3.476,1.524,0.061,2,14,0,0.203,0,0,0.032,0.3035,0,-3.332,3.017,-4.139,0.861,0.024,2,14,0,0.212,0,0,0.010,0.2201,0,2.630,-3.079,-4.672,0.328,0.046,2,14,0,0.165,0,0,0.027,0.3433,0,-3.193,-3.211,-3.829,1.171,0.078,2,14,0,0.196,0,0,0.059,0.4108,0,2.461,0.487,0,0,0.212,0.000,0.000,0.000,0.000
106.0,0.316,-0.136,-5.008,-0.008,0.041,2,14,0,0.173,0,0,0.028,0.1450,0,-0.011,2.954,-3.428,1.572,0.117,2,14,0,0.203,0,0,0.063,0.9359,0,0.146,-3.006,-3.225,1.775,0.019,2,14,0,0.195,0,0,0.045,0.9362,0,2.580,-0.316,-4.467,0.533,0.072,2,14,0,0.209,0,0,0.057,0.9384,0,-3.193,0.138,-2.971,2.029,0.065,2,14,0,0.204,0,0,0.059,0.9420,0,3.127,3.043,-3.444,1.556,0.027,2,14,0,0.203,0,0,0.010,0.3035,0,-3.337,3.045,-4.087,0.913,0.031,2,14,0,0.209,0,0,0.022,0.2201,0,2.701,-3.092,-4.595,0.405,0.031,2,14,0,0.200,0,0,0.052,0.3433,0,-3.211,-3.221,-3.825,1.175,0.060,2,14,0,0.166,0,0,0.048,0.4108,0,2.335,0.526,0,0,0.209,0.000,0.000,0.000,0.000
107.0,0.285,-0.109,-4.992,0.008,0.016,2,14,0,0.218,0,0,0.020,0.1450,0,-0.046,2.937,-3.403,1.597,0.006,2,14,0,0.203,0,0,0.020,0.9359,0,0.210,-3.023,-3.180,1.820,0.028,2,14,0,0.161,0,0,0.051,0.9362,0,2.637,-0.335,-4.422,0.578,0.010,2,14,0,0.206,0,0,0.030,0.9384,0,-3.265,0.145,-3.012,1.988,0.030,2,14,0,0.205,0,0,0.035,0.9420,0,3.124,3.049,-3.426,1.574,0.023,2,14,0,0.201,0,0,0.017,0.3035,0,-3.338,3.035,-4.148,0.852,0.033,2,14,0,0.210,0,0,0.013,0.2201,0,2.625,-3.072,-4.657,0.343,0.048,2,14,0,0.286,0,0,0.034,0.3433,0,-3.192,-3.259,-3.889,1.111,0.014,2,14,0,0.175,0,0,0.014,0.4108,0,2.431,0.493,0,0,0.286,0.000,0.000,0.000,0.000
108.0,0.258,-0.122,-4.996,0.004,0.044,2,14,0,0.183,0,0,0.031,0.1450,0,-0.094,2.961,-3.417,1.583,0.021,2,14,0,0.203,0,0,0.036,0.9359,0,0.218,-3.008,-3.200,1.800,0.043,2,14,0,0.197,0,0,0.045,0.9362,0,2.632,-0.303,-4.416,0.584,0.065,2,14,0,0.204,0,0,0.057,0.9384,0,-3.223,0.142,-2.996,2.004,0.045,2,14,0,0.180,0,0,0.036,0.9420,0,3.127,3.004,-3.459,1.541,0.030,2,14,0,0.170,0,0,0.028,0.3035,0,-3.329,2.998,-4.045,0.955,0.051,2,14,0,0.175,0,0,0.028,0.2201,0,2.658,-3.139,-4.633,0.367,0.025,2,14,0,0.241,0,0,0.042,0.3433,0,-3.233,-3.237,-3.895,1.105,0.024,2,14,0,0.239,0,0,0.042,0.4108,0,2.450,0.477,0,0,0.241,0.000,0.000,0.000,0.000
109.0,0.312,-0.150,-4.992,0.008,0.006,2,14,0,0.178,0,0,0.029,0.1450,0,-0.083,2.909,-3.393,1.607,0.037,2,14,0,0.252,0,0,0.031,0.9359,0,0.179,-2.961,-3.213,1.787,0.031,2,14,0,0.203,0,0,0.021,0.9362,0,2.607,-0.368,-4.468,0.532,0.003,2,14,0,0.175,0,0,0.014,0.9384,0,-3.292,0.123,-2.958,2.042,0.042,2,14,0,0.244,0,0,0.045,0.9420,0,3.105,3.039,-3.517,1.483,0.034,2,14,0,0.527,0,0,0.026,0.3035,0,-3.330,3.039,-4.062,0.938,0.008,2,14,0,0.206,0,0,0.013,0.2201,0,2.628,-3.123,-4.691,0.309,0.037,2,14,0,0.206,0,0,0.031,0.3433,0,-3.187,-3.297,-3.857,1.143,0.019,2,14,0,0.208,0,0,0.032,0.4108,0,2.365,0.538,0,0,0.527,0.000,0.000,0.000,0.000
110.0,0.311,-0.172,-5.009,-0.009,0.028,2,14,0,0.180,0,0,0.047,0.1450,0,-0.071,2.926,-3.390,1.610,0.041,2,14,0,0.170,0,0,0.013,0.9359,0,0.197,-2.995,-3.231,1.769,0.039,2,14,0,0.168,0,0,0.022,0.9362,0,2.641,-0.357,-4.468,0.532,0.017,2,14,0,0.245,0,0,0.023,0.9384,0,-3.265,0.086,-2.972,2.028,0.030,2,14,0,0.169,0,0,0.035,0.9420,0,3.192,3.034,-3.536,1.464,0.062,2,14,0,0.198,0,0,0.061,0.3035,0,-3.374,3.069,-4.142,0.858,0.081,2,14,0,0.208,0,0,0.065,0.2201,0,2.613,-3.113,-4.662,0.338,0.036,2,14,0,0.237,0,0,0.038,0.3433,0,-3.174,-3.228,-3.859,1.141,0.047,2,14,0,0.630,0,0,0.050,0.4108,0,2.399,0.507,0,0,0.630,0.000,0.000,0.000,0.000
111.0,0.300,-0.159,-4.975,0.025,0.046,2,14,0,0.194,0,0,0.033,0.1450,0,-0.098,2.947,-3.355,1.645,0.022,2,14,0,0.259,0,0,0.032,0.9359,0,0.202,-2.954,-3.246,1.754,0.023,2,14,0,0.198,0,0,0.034,0.9362,0,2.608,-0.369,-4.443,0.557,0.048,2,14,0,0.201,0,0,0.015,0.9384,0,-3.296,0.081,-2.917,2.083,0.055,2,14,0,0.199,0,0,0.060,0.9420,0,3.074,3.031,-3.464,1.536,0.022,2,14,0,0.174,0,0,0.055,0.3035,0,-3.269,3.052,-4.184,0.816,0.034,2,14,0,0.209,0,0,0.063,0.2201,0,2.637,-3.111,-4.657,0.343,0.084,2,14,0,0.199,0,0,0.018,0.3433,0,-3.173,-3.266,-3.869,1.131,0.034,2,14,0,0.200,0,0,0.031,0.4108,0,2.378,0.538,0,0,0.259,0.000,0.000,0.000,0.000
112.0,0.274,-0.136,-4.960,0.040,0.019,2,14,0,0.175,0,0,0.015,0.1450,0,-0.073,2.943,-3.435,1.565,0.044,2,14,0,0.200,0,0,0.010,0.9359,0,0.185,-2.966,-3.160,1.840,0.030,2,14,0,0.199,0,0,0.015,0.9362,0,2.648,-0.368,-4.472,0.528,0.009,2,14,0,0.201,0,0,0.031,0.9384,0,-3.248,0.077,-2.997,2.003,0.028,2,14,0,0.205,0,0,0.040,0.9420,0,3.134,3.057,-3.457,1.543,0.037,2,14,0,0.203,0,0,0.024,0.3035,0,-3.307,3.029,-4.130,0.870,0.032,2,14,0,0.254,0,0,0.020,0.2201,0,2.634,-3.099,-4.694,0.306,0.008,2,14,0,0.198,0,0,0.014,0.3433,0,-3.199,-3.292,-3.877,1.123,0.008,2,14,0,0.201,0,0,0.022,0.4108,0,2.434,0.509,0,0,0.254,0.000,0.000,0.000,0.000
113.0,0.260,-0.148,-5.063,-0.063,0.038,2,14,0,0.203,0,0,0.034,0.1450,0,-0.054,2.918,-3.386,1.614,0.006,2,14,0,0.172,0,0,0.022,0.9359,0,0.162,-3.002,-3.192,1.808,0.044,2,14,0,0.169,0,0,0.030,0.9362,0,2.633,-0.332,-4.515,0.485,0.015,2,14,0,0.249,0,0,0.029,0.9384,0,-3.239,0.072,-2.961,2.039,0.083,2,14,0,0.237,0,0,0.047,0.9420,0,3.145,3.039,-3.422,1.578,0.016,2,14,0,0.169,0,0,0.016,0.3035,0,-3.316,3.074,-4.147,0.853,0.056,2,14,0,0.211,0,0,0.050,0.2201,0,2.670,-3.098,-4.635,0.365,0.046,2,14,0,0.166,0,0,0.024,0.3433,0,-3.239,-3.272,-3.871,1.129,0.020,2,14,0,0.198,0,0,0.036,0.4108,0,2.442,0.495,0,0,0.249,0.000,0.000,0.000,0.000
114.0,0.321,-0.138,-4.987,0.013,0.033,2,14,0,0.245,0,0,0.034,0.1450,0,-0.089,2.918,-3.403,1.597,0.015,2,14,0,0.273,0,0,0.027,0.9359,0,0.146,-2.983,-3.229,1.771,0.037,2,14,0,0.168,0,0,0.036,0.9362,0,2.611,-0.347,-4.542,0.458,0.044,2,14,0,0.207,0,0,0.012,0.9384,0,-3.216,0.120,-2.989,2.011,0.041,2,14,0,0.169,0,0,0.032,0.9420,0,3.134,3.021,-3.465,1.535,0.034,2,14,0,0.205,0,0,0.016,0.3035,0,-3.271,3.042,-4.155,0.845,0.077,2,14,0,0.178,0,0,0.058,0.2201,0,2.652,-3.099,-4.581,0.419,0.019,2,14,0,0.247,0,0,0.005,0.3433,0,-3.228,-3.290,-3.881,1.119,0.016,2,14,0,0.198,0,0,0.032,0.4108,0,2.342,0.521,0,0,0.273,0.000,0.000,0.000,0.000
115.0,0.277,-0.138,-4.986,0.014,0.005,2,14,0,0.177,0,0,0.014,0.1450,0,-0.094,2.930,-3.431,1.569,0.042,2,14,0,0.168,0,0,0.028,0.9359,0,0.192,-2.966,-3.212,1.788,0.037,2,14,0,0.198,0,0,0.017,0.9362,0,2.652,-0.359,-4.531,0.469,0.053,2,14,0,0.245,0,0,0.034,0.9384,0,-3.236,0.106,-3.001,1.999,0.040,2,14,0,0.219,0,0,0.017,0.9420,0,3.137,3.004,-3.457,1.543,0.028,2,14,0,0.543,0,0,0.031,0.3035,0,-3.367,2.983,-4.121,0.879,0.023,2,14,0,0.209,0,0,0.059,0.2201,0,2.655,-3.082,-4.589,0.411,0.038,2,14,0,0.246,0,0,0.018,0.3433,0,-3.228,-3.304,-3.827,1.173,0.037,2,14,0,0.201,0,0,0.043,0.4108,0,2.429,0.500,0,0,0.543,0.000,0.000,0.000,0.000
116.0,0.302,-0.110,-4.993,0.007,0.006,2,14,0,0.172,0,0,0.023,0.1450,0,-0.081,2.942,-3.426,1.574,0.009,2,14,0,0.206,0,0,0.015,0.9359,0,0.207,-2.976,-3.215,1.785,0.015,2,14,0,0.171,0,0,0.025,0.9362,0,2.566,-0.385,-4.515,0.485,0.078,2,14,0,0.207,0,0,0.059,0.9384,0,-3.226,0.127,-2.988,2.012,0.022,2,14,0,0.172,0,0,0.025,0.9420,0,3.092,3.061,-3.488,1.512,0.018,2,14,0,0.206,0,0,0.045,0.3035,0,-3.378,3.029,-4.109,0.891,0.074,2,14,0,0.257,0,0,0.051,0.2201,0,2.636,-3.116,-4.646,0.354,0.009,2,14,0,0.167,0,0,0.020,0.3433,0,-3.198,-3.251,-3.834,1.166,0.012,2,14,0,0.169,0,0,0.017,0.4108,0,2.330,0.580,0,0,0.257,0.000,0.000,0.000,0.000
117.0,0.279,-0.107,-5.005,-0.005,0.020,2,14,0,0.168,0,0,0.025,0.1450,0,-0.031,2.978,-3.411,1.589,0.033,2,14,0,0.165,0,0,0.053,0.9359,0,0.159,-2.980,-3.176,1.824,0.041,2,14,0,0.200,0,0,0.023,0.9362,0,2.606,-0.352,-4.499,0.501,0.030,2,14,0,0.206,0,0,0.013,0.9384,0,-3.243,0.132,-2.954,2.046,0.026,2,14,0,0.207,0,0,0.017,0.9420,0,3.141,3.051,-3.483,1.517,0.033,2,14,0,0.208,0,0,0.021,0.3035,0,-3.303,2.996,-4.129,0.871,0.029,2,14,0,0.172,0,0,0.038,0.2201,0,2.633,-3.109,-4.613,0.387,0.032,2,14,0,0.198,0,0,0.016,0.3433,0,-3.194,-3.261,-3.870,1.130,0.046,2,14,0,0.198,0,0,0.012,0.4108,0,2.394,0.528,0,0,0.208,0.000,0.000,0.000,0.000
118.0,0.282,-0.138,-5.012,-0.012,0.038,2,14,0,0.248,0,0,0.012,0.1450,0,-0.055,2.927,-3.463,1.537,0.026,2,14,0,0.202,0,0,0.015,0.9359,0,0.160,-2.984,-3.188,1.812,0.031,2,14,0,0.199,0,0,0.023,0.9362,0,2.633,-0.361,-4.431,0.569,0.033,2,14,0,0.208,0,0,0.016,0.9384,0,-3.247,0.111,-2.913,2.087,0.017,2,14,0,0.174,0,0,0.005,0.9420,0,3.122,3.031,-3.458,1.542,0.007,2,14,0,0.236,0,0,0.008,0.3035,0,-3.263,3.020,-4.087,0.913,0.059,2,14,0,0.230,0,0,0.063,0.2201,0,2.639,-3.087,-4.661,0.339,0.069,2,14,0,0.259,0,0,0.014,0.3433,0,-3.282,-3.262,-3.891,1.109,0.038,2,14,0,0.176,0,0,0.078,0.4108,0,2.432,0.514,0,0,0.259,0.000,0.000,0.000,0.000
119.0,0.302,-0.155,-5.024,-0.024,0.014,2,14,0,0.202,0,0,0.029,0.1450,0,-0.100,2.905,-3.429,1.571,0.041,2,14,0,0.249,0,0,0.046,0.9359,0,0.181,-2.981,-3.204,1.796,0.005,2,14,0,0.358,0,0,0.001,0.9362,0,2.585,-0.386,-4.449,0.551,0.038,2,14,0,0.175,0,0,0.044,0.9384,0,-3.254,0.137,-2.933,2.067,0.016,2,14,0,0.203,0,0,0.021,0.9420,0,3.089,3.009,-3.434,1.566,0.039,2,14,0,0.207,0,0,0.047,0.3035,0,-3.322,3.017,-4.136,0.864,0.013,2,14,0,0.213,0,0,0.010,0.2201,0,2.662,-3.079,-4.611,0.389,0.049,2,14,0,0.168,0,0,0.026,0.3433,0,-3.262,-3.302,-3.857,1.143,0.073,2,14,0,0.201,0,0,0.069,0.4108,0,2.365,0.567,0,0,0.358,0.000,0.000,0.000,0.000
120.0,0.279,-0.131,-4.979,0.021,0.018,2,14,0,0.208,0,0,0.009,0.1450,0,-0.074,2.937,-3.443,1.557,0.020,2,14,0,0.167,0,0,0.007,0.9359,0,0.199,-2.994,-3.213,1.787,0.042,2,14,0,0.287,0,0,0.020,0.9362,0,2.566,-0.339,-4.495,0.505,0.030,2,14,0,0.168,0,0,0.055,0.9384,0,-3.286,0.118,-2.997,2.003,0.053,2,14,0,0.243,0,0,0.039,0.9420,0,3.147,3.033,-3.479,1.521,0.018,2,14,0,0.222,0,0,0.016,0.3035,0,-3.347,3.045,-4.134,0.866,0.030,2,14,0,0.188,0,0,0.028,0.2201,0,2.622,-3.083,-4.625,0.375,0.026,2,14,0,0.198,0,0,0.029,0.3433,0,-3.195,-3.274,-3.888,1.112,0.040,2,14,0,0.176,0,0,0.009,0.4108,0,2.347,0.551,0,0,0.287,0.000,0.000,0.000,0.000
121.0,0.287,-0.134,-5.042,-0.042,0.043,2,14,0,0.177,0,0,0.005,0.1450,0,-0.033,2.935,-3.414,1.586,0.026,2,14,0,0.200,0,0,0.033,0.9359,0,0.212,-2.981,-3.225,1.775,0.030,2,14,0,0.166,0,0,0.031,0.9362,0,2.637,-0.336,-4.466,0.534,0.021,2,14,0,0.168,0,0,0.028,0.9384,0,-3.239,0.119,-3.001,1.999,0.021,2,14,0,0.199,0,0,0.009,0.9420,0,3.136,3.054,-3.437,1.563,0.031,2,14,0,0.236,0,0,0.021,0.3035,0,-3.328,3.047,-4.100,0.900,0.020,2,14,0,0.214,0,0,0.022,0.2201,0,2.728,-3.107,-4.637,0.363,0.087,2,14,0,0.207,0,0,0.082,0.3433,0,-3.161,-3.275,-3.883,1.117,0.039,2,14,0,0.236,0,0,0.042,0.4108,0,2.428,0.495,0,0,0.236,0.000,0.000,0.000,0.000
122.0,0.263,-0.135,-5.057,-0.057,0.060,2,14,0,0.279,0,0,0.028,0.1450,0,-0.040,2.905,-3.379,1.621,0.028,2,14,0,0.167,0,0,0.041,0.9359,0,0.198,-3.002,-3.240,1.760,0.039,2,14,0,0.176,0,0,0.027,0.9362,0,2.661,-0.320,-4.480,0.520,0.063,2,14,0,0.202,0,0,0.057,0.9384,0,-3.297,0.087,-2.958,2.042,0.056,2,14,0,0.166,0,0,0.058,0.9420,0,3.150,3.027,-3.421,1.579,0.052,2,14,0,0.203,0,0,0.024,0.3035,0,-3.339,3.020,-4.122,0.878,0.015,2,14,0,0.213,0,0,0.014,0.2201,0,2.723,-3.079,-4.681,0.319,0.098,2,14,0,0.205,0,0,0.080,0.3433,0,-3.148,-3.270,-3.899,1.101,0.069,2,14,0,0.202,0,0,0.057,0.4108,0,2.473,0.466,0,0,0.279,0.000,0.000,0.000,0.000
123.0,0.330,-0.120,-5.077,-0.077,0.034,2,14,0,0.207,0,0,0.043,0.1450,0,-0.111,2.955,-3.397,1.603,0.045,2,14,0,0.199,0,0,0.047,0.9359,0,0.239,-2.972,-3.230,1.770,0.060,2,14,0,0.201,0,0,0.057,0.9362,0,2.631,-0.355,-4.456,0.544,0.022,2,14,0,0.172,0,0,0.012,0.9384,0,-3.192,0.099,-3.003,1.997,0.042,2,14,0,0.205,0,0,0.059,0.9420,0,3.109,3.073,-3.412,1.588,0.025,2,14,0,0.196,0,0,0.043,0.3035,0,-3.302,3.036,-4.180,0.820,0.035,2,14,0,0.241,0,0,0.027,0.2201,0,2.599,-3.104,-4.652,0.348,0.034,2,14,0,0.195,0,0,0.048,0.3433,0,-3.205,-3.230,-3.850,1.150,0.055,2,14,0,0.207,0,0,0.037,0.4108,0,2.394,0.513,0,0,0.241,0.000,0.000,0.000,0.000
124.0,0.317,-0.093,-5.010,-0.010,0.070,2,14,0,0.213,0,0,0.047,0.1450,0,-0.049,2.961,-3.354,1.646,0.013,2,14,0,0.217,0,0,0.028,0.9359,0,0.193,-2.966,-3.283,1.717,0.047,2,14,0,0.199,0,0,0.018,0.9362,0,2.623,-0.343,-4.464,0.536,0.014,2,14,0,0.176,0,0,0.016,0.9384,0,-3.226,0.162,-3.047,1.953,0.007,2,14,0,0.170,0,0,0.049,0.9420,0,3.110,3.023,-3.411,1.589,0.057,2,14,0,0.236,0,0,0.026,0.3035,0,-3.307,3.075,-4.145,0.855,0.022,2,14,0,0.216,0,0,0.052,0.2201,0,2.590,-3.108,-4.625,0.375,0.098,2,14,0,0.169,0,0,0.060,0.3433,0,-3.196,-3.255,-3.872,1.128,0.037,2,14,0,0.181,0,0,0.016,0.4108,0,2.383,0.510,0,0,0.236,0.000,0.000,0.000,0.000
125.0,0.267,-0.075,-4.931,0.069,0.054,2,14,0,0.204,0,0,0.058,0.1450,0,-0.124,2.961,-3.440,1.560,0.079,2,14,0,0.394,0,0,0.064,0.9359,0,0.166,-2.984,-3.229,1.771,0.033,2,14,0,0.199,0,0,0.015,0.9362,0,2.645,-0.340,-4.468,0.532,0.057,2,14,0,0.210,0,0,0.032,0.9384,0,-3.243,0.123,-2.958,2.042,0.031,2,14,0,0.205,0,0,0.009,0.9420,0,3.164,2.996,-3.447,1.553,0.051,2,14,0,0.206,0,0,0.052,0.3035,0,-3.319,2.994,-4.136,0.864,0.029,2,14,0,0.209,0,0,0.033,0.2201,0,2.592,-3.084,-4.618,0.382,0.061,2,14,0,0.233,0,0,0.058,0.3433,0,-3.214,-3.272,-3.934,1.066,0.019,2,14,0,0.166,0,0,0.012,0.4108,0,2.437,0.492,0,0,0.394,0.000,0.000,0.000,0.000
126.0,0.260,-0.127,-4.987,0.013,0.056,2,14,0,0.176,0,0,0.028,0.1450,0,-0.047,2.962,-3.465,1.535,0.006,2,14,0,0.193,0,0,0.031,0.9359,0,0.164,-2.964,-3.173,1.827,0.038,2,14,0,0.236,0,0,0.025,0.9362,0,2.583,-0.358,-4.474,0.526,0.027,2,14,0,0.196,0,0,0.035,0.9384,0,-3.236,0.135,-2.959,2.041,0.024,2,14,0,0.203,0,0,0.021,0.9420,0,3.094,3.016,-3.506,1.494,0.029,2,14,0,0.219,0,0,0.041,0.3035,0,-3.360,3.011,-4.082,0.918,0.036,2,14,0,0.208,0,0,0.036,0.2201,0,2.628,-3.122,-4.633,0.367,0.023,2,14,0,0.238,0,0,0.029,0.3433,0,-3.169,-3.272,-3.907,1.093,0.003,2,14,0,0.185,0,0,0.033,0.4108,0,2.390,0.550,0,0,0.238,0.000,0.000,0.000,0.000
127.0,0.327,-0.168,-4.988,0.012,0.058,2,14,0,0.171,0,0,0.055,0.1450,0,-0.054,2.910,-3.416,1.584,0.023,2,14,0,0.266,0,0,0.030,0.9359,0,0.199,-2.987,-3.178,1.822,0.022,2,14,0,0.198,0,0,0.018,0.9362,0,2.593,-0.381,-4.520,0.480,0.030,2,14,0,0.277,0,0,0.034,0.9384,0,-3.268,0.102,-2.971,2.029,0.014,2,14,0,0.174,0,0,0.024,0.9420,0,3.136,3.012,-3.456,1.544,0.027,2,14,0,0.167,0,0,0.022,0.3035,0,-3.354,3.050,-4.127,0.873,0.022,2,14,0,0.175,0,0,0.036,0.2201,0,2.645,-3.114,-4.618,0.382,0.008,2,14,0,0.198,0,0,0.015,0.3433,0,-3.192,-3.249,-3.838,1.162,0.024,2,14,0,0.171,0,0,0.021,0.4108,0,2.323,0.558,0,0,0.277,0.000,0.000,0.000,0.000
128.0,0.319,-0.149,-4.959,0.041,0.047,2,14,0,0.206,0,0,0.037,0.1450,0,-0.049,2.942,-3.334,1.666,0.059,2,14,0,0.199,0,0,0.020,0.9359,0,0.128,-2.991,-3.205,1.795,0.061,2,14,0,0.208,0,0,0.055,0.9362,0,2.620,-0.352,-4.503,0.497,0.024,2,14,0,0.174,0,0,0.007,0.9384,0,-3.265,0.092,-2.992,2.008,0.049,2,14,0,0.197,0,0,0.031,0.9420,0,3.103,3.037,-3.470,1.530,0.043,2,14,0,0.167,0,0,0.028,0.3035,0,-3.324,3.070,-4.147,0.853,0.051,2,14,0,0.207,0,0,0.044,0.2201,0,2.688,-3.107,-4.653,0.347,0.065,2,14,0,0.259,0,0,0.042,0.3433,0,-3.204,-3.288,-3.879,1.121,0.037,2,14,0,0.205,0,0,0.019,0.4108,0,2.355,0.517,0,0,0.259,0.000,0.000,0.000,0.000
129.0,0.291,-0.125,-5.040,-0.040,0.002,2,14,0,0.249,0,0,0.004,0.1450,0,-0.042,2.935,-3.347,1.653,0.022,2,14,0,0.175,0,0,0.025,0.9359,0,0.153,-2.954,-3.220,1.780,0.042,2,14,0,0.174,0,0,0.039,0.9362,0,2.626,-0.341,-4.434,0.566,0.009,2,14,0,0.171,0,0,0.018,0.9384,0,-3.246,0.113,-2.948,2.052,0.015,2,14,0,0.174,0,0,0.004,0.9420,0,3.169,3.046,-3.472,1.528,0.028,2,14,0,0.215,0,0,0.040,0.3035,0,-3.388,3.053,-4.109,0.891,0.044,2,14,0,0.386,0,0,0.067,0.2201,0,2.722,-3.072,-4.635,0.365,0.087,2,14,0,0.413,0,0,0.080,0.3433,0,-3.245,-3.273,-3.921,1.079,0.043,2,14,0,0.235,0,0,0.042,0.4108,0,2.422,0.507,0,0,0.413,0.000,0.000,0.000,0.000
130.0,0.265,-0.113,-5.044,-0.044,0.013,2,14,0,0.169,0,0,0.028,0.1450,0,-0.046,2.927,-3.441,1.559,0.051,2,14,0,0.205,0,0,0.024,0.9359,0,0.210,-2.983,-3.254,1.746,0.020,2,14,0,0.201,0,0,0.028,0.9362,0,2.657,-0.367,-4.489,0.511,0.019,2,14,0,0.449,0,0,0.039,0.9384,0,-3.247,0.097,-2.905,2.095,0.009,2,14,0,0.203,0,0,0.019,0.9420,0,3.205,3.038,-3.423,1.577,0.086,2,14,0,0.202,0,0,0.076,0.3035,0,-3.377,2.983,-4.163,0.837,0.074,2,14,0,0.207,0,0,0.066,0.2201,0,2.647,-3.094,-4.647,0.353,0.051,2,14,0,0.245,0,0,0.005,0.3433,0,-3.218,-3.278,-3.837,1.163,0.021,2,14,0,0.200,0,0,0.017,0.4108,0,2.469,0.502,0,0,0.449,0.000,0.000,0.000,0.000
131.0,0.234,-0.140,-5.041,-0.041,0.072,2,14,0,0.202,0,0,0.058,0.1450,0,-0.080,2.901,-3.364,1.636,0.068,2,14,0,0.226,0,0,0.037,0.9359,0,0.205,-2.973,-3.253,1.747,0.047,2,14,0,0.168,0,0,0.024,0.9362,0,2.629,-0.375,-4.446,0.554,0.047,2,14,0,0.201,0,0,0.021,0.9384,0,-3.286,0.111,-2.958,2.042,0.023,2,14,0,0.200,0,0,0.038,0.9420,0,3.123,3.003,-3.443,1.557,0.063,2,14,0,0.199,0,0,0.033,0.3035,0,-3.327,2.995,-4.059,0.941,0.040,2,14,0,0.210,0,0,0.032,0.2201,0,2.626,-3.102,-4.554,0.446,0.022,2,14,0,0.167,0,0,0.021,0.3433,0,-3.211,-3.287,-3.830,1.170,0.027,2,14,0,0.203,0,0,0.020,0.4108,0,2.479,0.528,0,0,0.226,0.000,0.000,0.000,0.000
132.0,0.294,-0.120,-5.034,-0.034,0.026,2,14,0,0.341,0,0,0.011,0.1450,0,-0.072,2.947,-3.370,1.630,0.024,2,14,0,0.169,0,0,0.010,0.9359,0,0.148,-3.002,-3.185,1.815,0.041,2,14,0,0.179,0,0,0.040,0.9362,0,2.583,-0.367,-4.404,0.596,0.031,2,14,0,0.203,0,0,0.036,0.9384,0,-3.248,0.113,-3.006,1.994,0.020,2,14,0,0.167,0,0,0.004,0.9420,0,3.116,3.058,-3.462,1.538,0.017,2,14,0,0.175,0,0,0.027,0.3035,0,-3.310,3.033,-4.050,0.950,0.027,2,14,0,0.222,0,0,0.018,0.2201,0,2.608,-3.068,-4.551,0.449,0.042,2,14,0,0.165,0,0,0.048,0.3433,0,-3.250,-3.284,-3.891,1.109,0.059,2,14,0,0.173,0,0,0.050,0.4108,0,2.387,0.555,0,0,0.341,0.000,0.000,0.000,0.000
133.0,0.282,-0.146,-5.055,-0.055,0.020,2,14,0,0.173,0,0,0.015,0.1450,0,-0.067,2.954,-3.360,1.640,0.017,2,14,0,0.218,0,0,0.018,0.9359,0,0.204,-2.987,-3.212,1.788,0.031,2,14,0,0.200,0,0,0.025,0.9362,0,2.600,-0.359,-4.480,0.520,0.009,2,14,0,0.164,0,0,0.018,0.9384,0,-3.245,0.151,-2.984,2.016,0.048,2,14,0,0.199,0,0,0.035,0.9420,0,3.124,3.025,-3.466,1.534,0.025,2,14,0,0.210,0,0,0.010,0.3035,0,-3.299,3.040,-4.115,0.885,0.052,2,14,0,0.242,0,0,0.032,0.2201,0,2.614,-3.088,-4.605,0.395,0.038,2,14,0,0.166,0,0,0.034,0.3433,0,-3.164,-3.264,-3.873,1.127,0.017,2,14,0,0.195,0,0,0.039,0.4108,0,2.397,0.537,0,0,0.242,0.000,0.000,0.000,0.000
134.0,0.309,-0.133,-4.958,0.042,0.027,2,14,0,0.209,0,0,0.021,0.1450,0,-0.105,2.940,-3.369,1.631,0.071,2,14,0,0.200,0,0,0.041,0.9359,0,0.144,-2.990,-3.193,1.807,0.040,2,14,0,0.200,0,0,0.041,0.9362,0,2.615,-0.362,-4.462,0.538,0.015,2,14,0,0.202,0,0,0.005,0.9384,0,-3.280,0.123,-2.954,2.046,0.050,2,14,0,0.202,0,0,0.035,0.9420,0,3.152,3.023,-3.471,1.529,0.020,2,14,0,0.209,0,0,0.022,0.3035,0,-3.356,3.034,-4.144,0.856,0.041,2,14,0,0.251,0,0,0.031,0.2201,0,2.613,-3.111,-4.654,0.346,0.048,2,14,0,0.173,0,0,0.037,0.3433,0,-3.169,-3.254,-3.849,1.151,0.043,2,14,0,0.210,0,0,0.038,0.4108,0,2.370,0.528,0,0,0.251,0.000,0.000,0.000,0.000
135.0,0.241,-0.089,-4.984,0.016,0.012,2,14,0,0.179,0,0,0.060,0.1450,0,-0.066,2.940,-3.391,1.609,0.013,2,14,0,0.214,0,0,0.004,0.9359,0,0.199,-2.941,-3.131,1.869,0.043,2,14,0,0.208,0,0,0.043,0.9362,0,2.626,-0.319,-4.433,0.567,0.039,2,14,0,0.167,0,0,0.040,0.9384,0,-3.255,0.089,-2.999,2.001,0.034,2,14,0,0.206,0,0,0.028,0.9420,0,3.134,3.032,-3.443,1.557,0.028,2,14,0,0.173,0,0,0.004,0.3035,0,-3.377,3.035,-4.108,0.892,0.023,2,14,0,0.177,0,0,0.051,0.2201,0,2.660,-3.098,-4.603,0.397,0.034,2,14,0,0.198,0,0,0.011,0.3433,0,-3.183,-3.225,-3.894,1.106,0.038,2,14,0,0.204,0,0,0.046,0.4108,0,2.459,0.491,0,0,0.214,0.000,0.000,0.000,0.000
136.0,0.256,-0.098,-5.039,-0.039,0.077,2,14,0,0.187,0,0,0.046,0.1450,0,-0.060,2.910,-3.377,1.623,0.056,2,14,0,0.268,0,0,0.028,0.9359,0,0.210,-2.970,-3.209,1.791,0.038,2,14,0,0.198,0,0,0.031,0.9362,0,2.617,-0.353,-4.429,0.571,0.034,2,14,0,0.176,0,0,0.005,0.9384,0,-3.207,0.095,-2.974,2.026,0.059,2,14,0,0.166,0,0,0.047,0.9420,0,3.109,3.019,-3.483,1.517,0.023,2,14,0,0.226,0,0,0.024,0.3035,0,-3.290,2.991,-4.128,0.872,0.060,2,14,0,0.210,0,0,0.051,0.2201,0,2.668,-3.067,-4.695,0.305,0.085,2,14,0,0.203,0,0,0.039,0.3433,0,-3.204,-3.229,-3.894,1.106,0.051,2,14,0,0.198,0,0,0.039,0.4108,0,2.451,0.521,0,0,0.268,0.000,0.000,0.000,0.000
137.0,0.266,-0.155,-5.000,0.000,0.033,2,14,0,0.201,0,0,0.035,0.1450,0,-0.077,2.913,-3.374,1.626,0.021,2,14,0,0.252,0,0,0.027,0.9359,0,0.185,-3.004,-3.284,1.716,0.007,2,14,0,0.167,0,0,0.024,0.9362,0,2.554,-0.330,-4.426,0.574,0.060,2,14,0,0.243,0,0,0.070,0.9384,0,-3.223,0.133,-2.940,2.060,0.082,2,14,0,0.201,0,0,0.030,0.9420,0,3.104,3.021,-3.518,1.482,0.048,2,14,0,0.199,0,0,0.031,0.3035,0,-3.293,3.031,-4.145,0.855,0.062,2,14,0,0.209,0,0,0.034,0.2201,0,2.694,-3.077,-4.688,0.312,0.068,2,14,0,0.208,0,0,0.052,0.3433,0,-3.228,-3.289,-3.902,1.098,0.034,2,14,0,0.167,0,0,0.032,0.4108,0,2.365,0.555,0,0,0.252,0.000,0.000,0.000,0.000
138.0,0.327,-0.139,-4.969,0.031,0.062,2,14,0,0.203,0,0,0.040,0.1450,0,-0.053,2.931,-3.363,1.637,0.045,2,14,0,0.206,0,0,0.016,0.9359,0,0.206,-2.949,-3.129,1.871,0.026,2,14,0,0.165,0,0,0.038,0.9362,0,2.611,-0.348,-4.456,0.544,0.031,2,14,0,0.203,0,0,0.012,0.9384,0,-3.270,0.139,-2.976,2.024,0.046,2,14,0,0.204,0,0,0.032,0.9420,0,3.136,3.030,-3.484,1.516,0.015,2,14,0,0.216,0,0,0.005,0.3035,0,-3.300,3.068,-4.089,0.911,0.055,2,14,0,0.217,0,0,0.051,0.2201,0,2.672,-3.105,-4.593,0.407,0.056,2,14,0,0.198,0,0,0.028,0.3433,0,-3.204,-3.295,-3.905,1.095,0.061,2,14,0,0.462,0,0,0.029,0.4108,0,2.350,0.522,0,0,0.462,0.000,0.000,0.000,0.000
139.0,0.310,-0.165,-4.943,0.057,0.050,2,14,0,0.171,0,0,0.041,0.1450,0,-0.080,2.976,-3.396,1.604,0.036,2,14,0,0.173,0,0,0.041,0.9359,0,0.198,-2.985,-3.173,1.827,0.070,2,14,0,0.197,0,0,0.017,0.9362,0,2.667,-0.353,-4.471,0.529,0.064,2,14,0,0.210,0,0,0.049,0.9384,0,-3.279,0.153,-2.954,2.046,0.072,2,14,0,0.202,0,0,0.048,0.9420,0,3.140,3.073,-3.507,1.493,0.043,2,14,0,0.205,0,0,0.041,0.3035,0,-3.344,3.037,-4.128,0.872,0.033,2,14,0,0.214,0,0,0.021,0.2201,0,2.637,-3.141,-4.646,0.354,0.051,2,14,0,0.202,0,0,0.044,0.3433,0,-3.183,-3.293,-3.835,1.165,0.014,2,14,0,0.169,0,0,0.031,0.4108,0,2.411,0.486,0,0,0.214,0.000,0.000,0.000,0.000
140.0,0.299,-0.152,-4.969,0.031,0.064,2,14,0,0.176,0,0,0.025,0.1450,0,-0.047,2.935,-3.427,1.573,0.009,2,14,0,0.202,0,0,0.020,0.9359,0,0.160,-2.968,-3.200,1.800,0.008,2,14,0,0.239,0,0,0.023,0.9362,0,2.622,-0.387,-4.516,0.484,0.036,2,14,0,0.177,0,0,0.029,0.9384,0,-3.213,0.090,-3.016,1.984,0.004,2,14,0,0.210,0,0,0.043,0.9420,0,3.140,3.019,-3.478,1.522,0.027,2,14,0,0.241,0,0,0.018,0.3035,0,-3.353,3.019,-4.139,0.861,0.026,2,14,0,0.207,0,0,0.028,0.2201,0,2.584,-3.146,-4.668,0.332,0.076,2,14,0,0.166,0,0,0.079,0.3433,0,-3.203,-3.250,-3.838,1.162,0.029,2,14,0,0.207,0,0,0.019,0.4108,0,2.379,0.540,0,0,0.241,0.000,0.000,0.000,0.000
141.0,0.263,-0.137,-5.013,-0.013,0.030,2,14,0,0.207,0,0,0.027,0.1450,0,-0.059,2.962,-3.414,1.586,0.015,2,14,0,0.200,0,0,0.025,0.9359,0,0.159,-2.998,-3.169,1.831,0.031,2,14,0,0.209,0,0,0.030,0.9362,0,2.585,-0.373,-4.470,0.530,0.022,2,14,0,0.253,0,0,0.037,0.9384,0,-3.228,0.116,-2.951,2.049,0.059,2,14,0,0.197,0,0,0.021,0.9420,0,3.071,3.010,-3.522,1.478,0.016,2,14,0,0.174,0,0,0.060,0.3035,0,-3.303,3.015,-4.170,0.830,0.043,2,14,0,0.210,0,0,0.025,0.2201,0,2.628,-3.112,-4.606,0.394,0.055,2,14,0,0.199,0,0,0.025,0.3433,0,-3.228,-3.286,-3.890,1.110,0.007,2,14,0,0.173,0,0,0.029,0.4108,0,2.396,0.558,0,0,0.253,0.000,0.000,0.000,0.000
142.0,0.275,-0.089,-5.010,-0.010,0.046,2,14,0,0.206,0,0,0.042,0.1450,0,-0.109,2.943,-3.368,1.632,0.036,2,14,0,0.168,0,0,0.042,0.9359,0,0.194,-2.947,-3.199,1.801,0.016,2,14,0,0.238,0,0,0.034,0.9362,0,2.615,-0.383,-4.497,0.503,0.012,2,14,0,0.199,0,0,0.025,0.9384,0,-3.296,0.115,-2.914,2.086,0.056,2,14,0,0.208,0,0,0.050,0.9420,0,3.105,3.031,-3.467,1.533,0.039,2,14,0,0.238,0,0,0.026,0.3035,0,-3.309,3.020,-4.152,0.848,0.025,2,14,0,0.254,0,0,0.018,0.2201,0,2.672,-3.093,-4.658,0.342,0.020,2,14,0,0.171,0,0,0.025,0.3433,0,-3.159,-3.279,-3.878,1.122,0.044,2,14,0,0.212,0,0,0.043,0.4108,0,2.413,0.543,0,0,0.254,0.000,0.000,0.000,0.000
143.0,0.284,-0.110,-4.984,0.016,0.059,2,14,0,0.202,0,0,0.022,0.1450,0,-0.073,2.906,-3.401,1.599,0.037,2,14,0,0.202,0,0,0.031,0.9359,0,0.200,-2.965,-3.182,1.818,0.051,2,14,0,0.168,0,0,0.025,0.9362,0,2.645,-0.331,-4.436,0.564,0.026,2,14,0,0.203,0,0,0.038,0.9384,0,-3.283,0.099,-2.988,2.012,0.037,2,14,0,0.200,0,0,0.039,0.9420,0,3.172,3.037,-3.447,1.553,0.036,2,14,0,0.175,0,0,0.042,0.3035,0,-3.331,3.011,-4.097,0.903,0.033,2,14,0,0.179,0,0,0.016,0.2201,0,2.641,-3.122,-4.683,0.317,0.017,2,14,0,0.284,0,0,0.024,0.3433,0,-3.214,-3.269,-3.922,1.078,0.032,2,14,0,0.203,0,0,0.008,0.4108,0,2.434,0.485,0,0,0.284,0.000,0.000,0.000,0.000
144.0,0.265,-0.123,-4.999,0.001,0.005,2,14,0,0.171,0,0,0.024,0.1450,0,-0.097,2.888,-3.401,1.599,0.052,2,14,0,0.208,0,0,0.057,0.9359,0,0.105,-2.956,-3.207,1.793,0.115,2,14,0,0.249,0,0,0.082,0.9362,0,2.632,-0.370,-4.471,0.529,0.015,2,14,0,0.203,0,0,0.018,0.9384,0,-3.273,0.119,-3.006,1.994,0.031,2,14,0,0.201,0,0,0.026,0.9420,0,3.118,2.995,-3.468,1.532,0.049,2,14,0,0.168,0,0,0.038,0.3035,0,-3.370,3.040,-4.109,0.891,0.068,2,14,0,0.255,0,0,0.045,0.2201,0,2.642,-3.074,-4.622,0.378,0.048,2,14,0,0.203,0,0,0.024,0.3433,0,-3.192,-3.221,-3.892,1.108,0.046,2,14,0,0.194,0,0,0.048,0.4108,0,2.437,0.522,0,0,0.255,0.000,0.000,0.000,0.000
145.0,0.329,-0.170,-5.019,-0.019,0.040,2,14,0,0.173,0,0,0.057,0.1450,0,-0.077,2.923,-3.387,1.613,0.073,2,14,0,0.203,0,0,0.019,0.9359,0,0.211,-3.036,-3.263,1.737,0.051,2,14,0,0.236,0,0,0.062,0.9362,0,2.634,-0.387,-4.455,0.545,0.052,2,14,0,0.207,0,0,0.033,0.9384,0,-3.228,0.108,-2.932,2.068,0.023,2,14,0,0.167,0,0,0.022,0.9420,0,3.090,3.036,-3.429,1.571,0.073,2,14,0,0.166,0,0,0.042,0.3035,0,-3.333,3.014,-4.064,0.936,0.029,2,14,0,0.212,0,0,0.014,0.2201,0,2.645,-3.126,-4.650,0.350,0.027,2,14,0,0.165,0,0,0.026,0.3433,0,-3.235,-3.288,-3.857,1.143,0.041,2,14,0,0.164,0,0,0.037,0.4108,0,2.383,0.533,0,0,0.236,0.000,0.000,0.000,0.000
146.0,0.303,-0.155,-5.035,-0.035,0.040,2,14,0,0.178,0,0,0.030,0.1450,0,-0.040,2.999,-3.373,1.627,0.058,2,14,0,0.197,0,0,0.068,0.9359,0,0.171,-2.975,-3.273,1.727,0.019,2,14,0,0.176,0,0,0.012,0.9362,0,2.609,-0.347,-4.416,0.584,0.031,2,14,0,0.181,0,0,0.014,0.9384,0,-3.204,0.122,-2.917,2.083,0.056,2,14,0,0.203,0,0,0.044,0.9420,0,3.170,3.009,-3.475,1.525,0.055,2,14,0,0.203,0,0,0.047,0.3035,0,-3.311,3.006,-4.133,0.867,0.029,2,14,0,0.179,0,0,0.026,0.2201,0,2.595,-3.106,-4.648,0.352,0.052,2,14,0,0.202,0,0,0.053,0.3433,0,-3.230,-3.256,-3.798,1.202,0.023,2,14,0,0.165,0,0,0.030,0.4108,0,2.395,0.523,0,0,0.203,0.000,0.000,0.000,0.000
147.0,0.284,-0.126,-5.017,-0.017,0.021,2,14,0,0.214,0,0,0.004,0.1450,0,-0.052,2.970,-3.367,1.633,0.044,2,14,0,0.200,0,0,0.035,0.9359,0,0.199,-3.009,-3.216,1.784,0.044,2,14,0,0.172,0,0,0.034,0.9362,0,2.599,-0.354,-4.421,0.579,0.031,2,14,0,0.223,0,0,0.019,0.9384,0,-3.245,0.131,-3.050,1.950,0.023,2,14,0,0.203,0,0,0.015,0.9420,0,3.113,3.057,-3.494,1.506,0.015,2,14,0,0.205,0,0,0.029,0.3035,0,-3.327,3.038,-4.135,0.865,0.020,2,14,0,0.211,0,0,0.012,0.2201,0,2.635,-3.089,-4.585,0.415,0.030,2,14,0,0.165,0,0,0.016,0.3433,0,-3.201,-3.286,-3.882,1.118,0.037,2,14,0,0.203,0,0,0.018,0.4108,0,2.401,0.535,0,0,0.223,0.000,0.000,0.000,0.000
148.0,0.235,-0.164,-4.965,0.035,0.051,2,14,0,0.209,0,0,0.062,0.1450,0,-0.039,2.943,-3.406,1.594,0.052,2,14,0,0.236,0,0,0.030,0.9359,0,0.200,-2.962,-3.259,1.741,0.023,2,14,0,0.204,0,0,0.025,0.9362,0,2.612,-0.374,-4.416,0.584,0.011,2,14,0,0.203,0,0,0.017,0.9384,0,-3.264,0.095,-3.000,2.000,0.031,2,14,0,0.199,0,0,0.027,0.9420,0,3.145,3.023,-3.453,1.547,0.012,2,14,0,0.209,0,0,0.018,0.3035,0,-3.357,3.026,-4.070,0.930,0.015,2,14,0,0.179,0,0,0.031,0.2201,0,2.681,-3.088,-4.613,0.387,0.012,2,14,0,0.246,0,0,0.035,0.3433,0,-3.212,-3.272,-3.929,1.071,0.018,2,14,0,0.204,0,0,0.011,0.4108,0,2.449,0.539,0,0,0.246,0.000,0.000,0.000,0.000
149.0,0.282,-0.134,-5.009,-0.009,0.030,2,14,0,0.207,0,0,0.008,0.1450,0,-0.044,2.926,-3.398,1.602,0.036,2,14,0,0.234,0,0,0.026,0.9359,0,0.149,-2.967,-3.202,1.798,0.019,2,14,0,0.197,0,0,0.034,0.9362,0,2.598,-0.371,-4.481,0.519,0.027,2,14,0,0.202,0,0,0.024,0.9384,0,-3.221,0.157,-2.958,2.042,0.040,2,14,0,0.202,0,0,0.049,0.9420,0,3.139,3.048,-3.435,1.565,0.008,2,14,0,0.233,0,0,0.015,0.3035,0,-3.320,3.046,-4.083,0.917,0.024,2,14,0,0.175,0,0,0.022,0.2201,0,2.678,-3.079,-4.573,0.427,0.055,2,14,0,0.201,0,0,0.036,0.3433,0,-3.193,-3.259,-3.852,1.148,0.016,2,14,0,0.203,0,0,0.014,0.4108,0,2.387,0.547,0,0,0.234,0.000,0.000,0.000,0.000
