t,d0_x,d0_y,d0_z,d0_zerr,d0_velxy,d0_arm,d0_nav,d0_mpc,d0_solve_ms,d0_fallback,d0_hover,d0_poserr,d0_planratio,d0_clipn,d1_x,d1_y,d1_z,d1_zerr,d1_velxy,d1_arm,d1_nav,d1_mpc,d1_solve_ms,d1_fallback,d1_hover,d1_poserr,d1_planratio,d1_clipn,d2_x,d2_y,d2_z,d2_zerr,d2_velxy,d2_arm,d2_nav,d2_mpc,d2_solve_ms,d2_fallback,d2_hover,d2_poserr,d2_planratio,d2_clipn,d3_x,d3_y,d3_z,d3_zerr,d3_velxy,d3_arm,d3_nav,d3_mpc,d3_solve_ms,d3_fallback,d3_hover,d3_poserr,d3_planratio,d3_clipn,d4_x,d4_y,d4_z,d4_zerr,d4_velxy,d4_arm,d4_nav,d4_mpc,d4_solve_ms,d4_fallback,d4_hover,d4_poserr,d4_planratio,d4_clipn,min_spacing,formation_max_err,safety_violations,total_fallbacks,max_solve_ms,leader_x,leader_y,leader_vx,leader_vy
1.0,0.211,0.146,0.604,5.604,0.236,2,14,0,0.233,0,0,1.158,0.1536,0,0.100,3.266,-0.292,4.708,0.129,2,14,-1,0.000,0,0,0.000,0.0000,0,-0.024,-2.909,-0.632,4.368,0.181,2,14,0,0.303,0,0,0.777,0.1102,0,2.880,-0.015,-0.385,4.615,0.143,2,14,0,0.225,0,0,0.804,0.1113,0,-2.990,0.243,0.384,5.384,0.216,2,14,0,0.223,0,0,0.951,0.1443,0,2.851,0.284,0,0,0.303,0.000,0.000,0.000,0.000
2.0,-0.177,-0.197,-0.107,4.893,0.671,2,14,0,0.231,0,1,0.645,0.2428,0,-0.152,3.054,-0.972,4.028,0.391,2,14,0,0.228,0,0,0.347,0.1382,0,0.386,-3.071,-1.307,3.693,0.501,2,14,0,0.466,0,0,0.356,0.1823,0,2.582,0.327,-1.176,3.824,0.599,2,14,0,0.225,0,0,0.360,0.1825,0,-2.613,0.634,-0.295,4.705,0.673,2,14,0,0.224,0,1,0.440,0.2174,0,2.580,0.743,0,0,0.466,0.000,0.000,0.000,0.000
3.0,-0.508,-0.289,-0.508,4.492,0.133,2,14,0,0.286,0,0,0.331,0.2428,0,-0.505,2.919,-2.197,2.803,0.361,2,14,0,0.269,0,0,0.086,0.1382,0,0.698,-3.326,-2.402,2.598,0.387,2,14,0,0.276,0,0,0.066,0.1823,0,2.310,0.736,-2.319,2.681,0.407,2,14,0,0.357,0,0,0.197,0.1825,0,-2.345,0.890,-0.857,4.143,0.152,2,14,0,0.224,0,0,0.216,0.2174,0,2.211,1.105,0,0,0.357,0.000,0.000,0.000,0.000
4.0,-0.663,-0.458,-1.719,3.281,0.196,2,14,0,0.255,0,0,0.102,0.2428,0,-0.758,2.738,-3.446,1.554,0.198,2,14,0,0.359,0,0,0.342,0.1382,0,0.945,-3.571,-3.659,1.341,0.219,2,14,0,0.379,0,0,0.396,0.1823,0,2.083,0.993,-3.590,1.410,0.175,2,14,0,0.304,0,0,0.499,0.1825,0,-2.327,0.977,-2.117,2.883,0.087,2,14,0,0.244,0,0,0.182,0.2174,0,2.234,1.352,0,0,0.379,0.000,0.000,0.000,0.000
5.0,-0.813,-0.609,-3.038,1.962,0.137,2,14,0,0.311,0,0,0.109,0.2428,0,-0.811,2.716,-4.652,0.348,0.031,2,14,0,0.175,0,0,0.401,0.1382,0,1.012,-3.728,-4.878,0.122,0.046,2,14,0,0.166,0,0,0.557,0.1823,0,2.018,0.940,-4.766,0.234,0.151,2,14,0,0.170,0,0,0.489,0.1825,0,-2.407,1.055,-3.558,1.442,0.127,2,14,0,0.316,0,0,0.087,0.2174,0,2.362,1.360,0,0,0.316,0.000,0.000,0.000,0.000
6.0,-0.846,-0.681,-4.262,0.738,0.051,2,14,0,0.176,0,0,0.192,0.2428,0,-0.725,2.641,-5.295,-0.295,0.163,2,14,0,0.220,0,0,0.364,0.1382,0,0.947,-3.696,-5.390,-0.390,0.249,2,14,0,0.167,0,0,0.490,0.1823,0,2.105,0.850,-5.340,-0.340,0.272,2,14,0,0.173,0,0,0.365,0.1825,0,-2.400,1.069,-4.589,0.411,0.103,2,14,0,0.217,0,0,0.097,0.2174,0,2.363,1.234,0,0,0.220,0.000,0.000,0.000,0.000
7.0,-0.872,-0.661,-4.740,0.260,0.077,2,14,0,0.151,0,0,0.193,0.2428,0,-0.645,2.694,-5.658,-0.658,0.226,2,14,0,0.211,0,0,0.269,0.1382,0,0.607,-3.429,-5.626,-0.626,0.363,2,14,0,0.170,0,0,0.108,0.1823,0,2.311,0.563,-5.674,-0.674,0.332,2,14,0,0.169,0,0,0.028,0.1825,0,-2.505,1.049,-4.884,0.116,0.126,2,14,0,0.167,0,0,0.010,0.2174,0,2.368,1.160,0,0,0.211,0.000,0.000,0.000,0.000
8.0,-0.716,-0.584,-4.900,0.100,0.146,2,14,0,0.176,0,0,0.051,0.2428,0,-0.388,2.819,-5.762,-0.762,0.270,2,14,0,0.199,0,0,0.067,0.1382,0,0.545,-3.201,-5.963,-0.963,0.240,2,14,0,0.202,0,0,0.149,0.1823,0,2.529,0.331,-5.948,-0.948,0.231,2,14,0,0.176,0,0,0.309,0.1825,0,-2.683,1.032,-5.014,-0.014,0.097,2,14,0,0.140,0,0,0.190,0.2174,0,2.548,1.079,0,0,0.202,0.000,0.000,0.000,0.000
9.0,-0.564,-0.485,-4.915,0.085,0.126,2,14,0,0.181,0,0,0.170,0.2428,0,-0.145,2.937,-5.894,-0.894,0.155,2,14,0,0.177,0,0,0.303,0.1382,0,0.532,-3.081,-6.125,-1.125,0.095,2,14,0,0.141,0,0,0.262,0.1823,0,2.548,0.189,-6.053,-1.053,0.072,2,14,0,0.188,0,0,0.431,0.1825,0,-2.689,1.023,-5.054,-0.054,0.009,2,14,0,0.300,0,0,0.197,0.2174,0,2.610,1.069,0,0,0.300,0.000,0.000,0.000,0.000
10.0,-0.574,-0.406,-4.968,0.032,0.052,2,14,0,0.175,0,0,0.199,0.2428,0,-0.119,2.991,-5.914,-0.914,0.048,2,14,0,0.174,0,0,0.345,0.1382,0,0.483,-3.093,-6.248,-1.248,0.050,2,14,0,0.170,0,0,0.274,0.1823,0,2.478,0.183,-6.084,-1.084,0.129,2,14,0,0.202,0,0,0.400,0.1825,0,-2.713,1.033,-5.015,-0.015,0.054,2,14,0,0.145,0,0,0.219,0.2174,0,2.579,1.072,0,0,0.202,0.000,0.000,0.000,0.000
11.0,-0.567,-0.406,-4.994,0.006,0.048,2,14,0,0.178,0,0,0.205,0.2428,0,-0.235,3.032,-5.874,-0.874,0.142,2,14,0,0.174,0,0,0.266,0.1382,0,0.403,-3.178,-6.178,-1.178,0.116,2,14,0,0.176,0,0,0.271,0.1823,0,2.218,0.272,-6.110,-1.110,0.209,2,14,0,0.195,0,0,0.280,0.1825,0,-2.708,0.999,-5.158,-0.158,0.103,2,14,0,0.183,0,0,0.220,0.2174,0,2.566,1.041,0,0,0.195,0.000,0.000,0.000,0.000
12.0,-0.589,-0.415,-5.002,-0.002,0.095,2,14,0,0.174,0,0,0.184,0.2428,0,-0.460,2.987,-5.991,-0.991,0.171,2,14,0,0.148,0,0,0.125,0.1382,0,0.412,-3.338,-6.199,-1.199,0.157,2,14,0,0.245,0,0,0.219,0.1823,0,2.191,0.461,-6.130,-1.130,0.200,2,14,0,0.172,0,0,0.132,0.1825,0,-2.543,0.985,-5.086,-0.086,0.147,2,14,0,0.167,0,0,0.084,0.2174,0,2.406,1.085,0,0,0.245,0.000,0.000,0.000,0.000
13.0,-0.683,-0.504,-4.982,0.018,0.119,2,14,0,0.158,0,0,0.054,0.2428,0,-0.606,2.949,-5.921,-0.921,0.131,2,14,0,0.221,0,0,0.187,0.1382,0,0.500,-3.446,-6.169,-1.169,0.145,2,14,0,0.145,0,0,0.178,0.1823,0,2.236,0.640,-6.112,-1.112,0.146,2,14,0,0.172,0,0,0.116,0.1825,0,-2.383,1.055,-5.090,-0.090,0.100,2,14,0,0.174,0,0,0.109,0.2174,0,2.310,1.223,0,0,0.221,0.000,0.000,0.000,0.000
14.0,-0.797,-0.559,-5.021,-0.021,0.091,2,14,0,0.146,0,0,0.073,0.2428,0,-0.617,2.850,-5.994,-0.994,0.094,2,14,0,0.212,0,0,0.179,0.1382,0,0.606,-3.457,-6.182,-1.182,0.128,2,14,0,0.171,0,0,0.135,0.1823,0,2.211,0.750,-6.147,-1.147,0.055,2,14,0,0.143,0,0,0.227,0.1825,0,-2.341,1.104,-5.215,-0.215,0.019,2,14,0,0.143,0,0,0.162,0.2174,0,2.277,1.286,0,0,0.212,0.000,0.000,0.000,0.000
15.0,-0.816,-0.602,-5.009,-0.009,0.026,2,14,0,0.149,0,0,0.113,0.2428,0,-0.612,2.745,-5.932,-0.932,0.099,2,14,0,0.209,0,0,0.210,0.1382,0,0.748,-3.399,-6.199,-1.199,0.111,2,14,0,0.165,0,0,0.139,0.1823,0,2.297,0.725,-6.132,-1.132,0.089,2,14,0,0.170,0,0,0.186,0.1825,0,-2.341,1.114,-5.141,-0.141,0.055,2,14,0,0.194,0,0,0.165,0.2174,0,2.300,1.294,0,0,0.209,0.000,0.000,0.000,0.000
16.0,-0.797,-0.518,-5.055,-0.055,0.051,2,14,0,0.172,0,0,0.076,0.2428,0,-0.534,2.752,-5.925,-0.925,0.122,2,14,0,0.170,0,0,0.148,0.1382,0,0.744,-3.331,-6.253,-1.253,0.075,2,14,0,0.163,0,0,0.116,0.1823,0,2.323,0.581,-6.165,-1.165,0.118,2,14,0,0.168,0,0,0.049,0.1825,0,-2.449,1.061,-5.169,-0.169,0.112,2,14,0,0.186,0,0,0.049,0.2174,0,2.288,1.195,0,0,0.186,0.000,0.000,0.000,0.000
17.0,-0.731,-0.540,-4.974,0.026,0.059,2,14,0,0.144,0,0,0.008,0.2428,0,-0.345,2.764,-6.002,-1.002,0.130,2,14,0,0.142,0,0,0.137,0.1382,0,0.705,-3.250,-6.238,-1.238,0.073,2,14,0,0.169,0,0,0.107,0.1823,0,2.379,0.452,-6.091,-1.091,0.090,2,14,0,0.183,0,0,0.119,0.1825,0,-2.666,1.039,-5.137,-0.137,0.105,2,14,0,0.216,0,0,0.167,0.2174,0,2.503,1.092,0,0,0.216,0.000,0.000,0.000,0.000
18.0,-0.750,-0.528,-4.990,0.010,0.033,2,14,0,0.145,0,0,0.024,0.2428,0,-0.310,2.783,-5.932,-0.932,0.071,2,14,0,0.166,0,0,0.152,0.1382,0,0.692,-3.209,-6.211,-1.211,0.038,2,14,0,0.171,0,0,0.130,0.1823,0,2.454,0.389,-6.160,-1.160,0.026,2,14,0,0.178,0,0,0.217,0.1825,0,-2.774,1.042,-5.128,-0.128,0.009,2,14,0,0.162,0,0,0.281,0.2174,0,2.566,1.067,0,0,0.178,0.000,0.000,0.000,0.000
19.0,-0.741,-0.517,-4.938,0.062,0.030,2,14,0,0.147,0,0,0.024,0.2428,0,-0.381,2.854,-5.953,-0.953,0.074,2,14,0,0.140,0,0,0.060,0.1382,0,0.665,-3.154,-6.232,-1.232,0.060,2,14,0,0.168,0,0,0.174,0.1823,0,2.386,0.464,-6.116,-1.116,0.096,2,14,0,0.172,0,0,0.118,0.1825,0,-2.618,1.020,-5.140,-0.140,0.121,2,14,0,0.159,0,0,0.130,0.2174,0,2.434,1.089,0,0,0.172,0.000,0.000,0.000,0.000
20.0,-0.631,-0.596,-5.003,-0.003,0.041,2,14,0,0.180,0,0,0.111,0.2428,0,-0.336,2.880,-5.986,-0.986,0.055,2,14,0,0.175,0,0,0.104,0.1382,0,0.603,-3.185,-6.188,-1.188,0.100,2,14,0,0.167,0,0,0.144,0.1823,0,2.220,0.549,-6.106,-1.106,0.112,2,14,0,0.170,0,0,0.078,0.1825,0,-2.447,0.941,-5.097,-0.097,0.130,2,14,0,0.161,0,0,0.114,0.2174,0,2.381,1.091,0,0,0.180,0.000,0.000,0.000,0.000
21.0,-0.578,-0.631,-5.000,0.000,0.022,2,14,0,0.146,0,0,0.176,0.2428,0,-0.397,2.913,-5.985,-0.985,0.067,2,14,0,0.150,0,0,0.064,0.1382,0,0.500,-3.245,-6.213,-1.213,0.105,2,14,0,0.165,0,0,0.153,0.1823,0,2.091,0.587,-6.175,-1.175,0.035,2,14,0,0.145,0,0,0.211,0.1825,0,-2.351,1.010,-5.139,-0.139,0.077,2,14,0,0.165,0,0,0.148,0.2174,0,2.421,1.201,0,0,0.165,0.000,0.000,0.000,0.000
22.0,-0.605,-0.629,-5.001,-0.001,0.077,2,14,0,0.147,0,0,0.153,0.2428,0,-0.497,2.960,-6.005,-1.005,0.063,2,14,0,0.175,0,0,0.112,0.1382,0,0.545,-3.371,-6.218,-1.218,0.103,2,14,0,0.141,0,0,0.096,0.1823,0,2.101,0.582,-6.150,-1.150,0.076,2,14,0,0.159,0,0,0.201,0.1825,0,-2.383,1.078,-5.127,-0.127,0.052,2,14,0,0.165,0,0,0.115,0.2174,0,2.468,1.242,0,0,0.175,0.000,0.000,0.000,0.000
23.0,-0.691,-0.610,-5.009,-0.009,0.116,2,14,0,0.178,0,0,0.083,0.2428,0,-0.491,2.887,-5.931,-0.931,0.052,2,14,0,0.205,0,0,0.057,0.1382,0,0.631,-3.430,-6.268,-1.268,0.075,2,14,0,0.163,0,0,0.105,0.1823,0,2.220,0.535,-6.169,-1.169,0.131,2,14,0,0.167,0,0,0.079,0.1825,0,-2.440,1.150,-5.188,-0.188,0.053,2,14,0,0.141,0,0,0.115,0.2174,0,2.487,1.279,0,0,0.205,0.000,0.000,0.000,0.000
24.0,-0.788,-0.510,-5.015,-0.015,0.096,2,14,0,0.146,0,0,0.065,0.2428,0,-0.495,2.872,-5.939,-0.939,0.036,2,14,0,0.208,0,0,0.057,0.1382,0,0.693,-3.423,-6.274,-1.274,0.044,2,14,0,0.169,0,0,0.116,0.1823,0,2.416,0.503,-6.060,-1.060,0.118,2,14,0,0.207,0,0,0.124,0.1825,0,-2.454,1.100,-5.191,-0.191,0.061,2,14,0,0.166,0,0,0.067,0.2174,0,2.323,1.228,0,0,0.208,0.000,0.000,0.000,0.000
25.0,-0.878,-0.458,-5.036,-0.036,0.033,2,14,0,0.148,0,0,0.170,0.2428,0,-0.456,2.858,-5.955,-0.955,0.031,2,14,0,0.179,0,0,0.018,0.1382,0,0.693,-3.359,-6.211,-1.211,0.052,2,14,0,0.172,0,0,0.072,0.1823,0,2.515,0.523,-6.148,-1.148,0.013,2,14,0,0.145,0,0,0.218,0.1825,0,-2.544,1.064,-5.104,-0.104,0.071,2,14,0,0.164,0,0,0.050,0.2174,0,2.258,1.158,0,0,0.179,0.000,0.000,0.000,0.000
26.0,-0.868,-0.395,-4.943,0.057,0.074,2,14,0,0.169,0,0,0.201,0.2428,0,-0.438,2.859,-5.944,-0.944,0.029,2,14,0,0.177,0,0,0.005,0.1382,0,0.664,-3.298,-6.195,-1.195,0.054,2,14,0,0.174,0,0,0.044,0.1823,0,2.462,0.530,-6.168,-1.168,0.085,2,14,0,0.202,0,0,0.165,0.1825,0,-2.605,1.084,-5.176,-0.176,0.037,2,14,0,0.136,0,0,0.119,0.2174,0,2.294,1.154,0,0,0.202,0.000,0.000,0.000,0.000
27.0,-0.721,-0.419,-4.962,0.038,0.121,2,14,0,0.171,0,0,0.116,0.2428,0,-0.403,2.871,-5.969,-0.969,0.015,2,14,0,0.173,0,0,0.036,0.1382,0,0.590,-3.289,-6.176,-1.176,0.047,2,14,0,0.166,0,0,0.053,0.1823,0,2.301,0.530,-6.199,-1.199,0.122,2,14,0,0.143,0,0,0.011,0.1825,0,-2.587,1.042,-5.135,-0.135,0.050,2,14,0,0.167,0,0,0.096,0.2174,0,2.377,1.121,0,0,0.173,0.000,0.000,0.000,0.000
28.0,-0.657,-0.475,-4.998,0.002,0.098,2,14,0,0.172,0,0,0.094,0.2428,0,-0.349,2.888,-5.981,-0.981,0.002,2,14,0,0.168,0,0,0.093,0.1382,0,0.572,-3.310,-6.118,-1.118,0.009,2,14,0,0.166,0,0,0.062,0.1823,0,2.160,0.547,-6.155,-1.155,0.077,2,14,0,0.210,0,0,0.138,0.1825,0,-2.450,1.008,-5.175,-0.175,0.065,2,14,0,0.165,0,0,0.054,0.2174,0,2.334,1.148,0,0,0.210,0.000,0.000,0.000,0.000
29.0,-0.638,-0.593,-4.958,0.042,0.083,2,14,0,0.176,0,0,0.103,0.2428,0,-0.368,2.851,-6.008,-1.008,0.039,2,14,0,0.145,0,0,0.072,0.1382,0,0.637,-3.342,-6.193,-1.193,0.031,2,14,0,0.204,0,0,0.018,0.1823,0,2.115,0.571,-6.125,-1.125,0.017,2,14,0,0.202,0,0,0.186,0.1825,0,-2.396,0.951,-5.084,-0.084,0.017,2,14,0,0.161,0,0,0.138,0.2174,0,2.343,1.126,0,0,0.204,0.000,0.000,0.000,0.000
30.0,-0.630,-0.642,-4.933,0.067,0.039,2,14,0,0.183,0,0,0.144,0.2428,0,-0.446,2.816,-5.995,-0.995,0.058,2,14,0,0.178,0,0,0.049,0.1382,0,0.696,-3.312,-6.184,-1.184,0.021,2,14,0,0.144,0,0,0.066,0.1823,0,2.232,0.650,-6.175,-1.175,0.090,2,14,0,0.203,0,0,0.128,0.1825,0,-2.387,1.013,-5.151,-0.151,0.054,2,14,0,0.172,0,0,0.115,0.2174,0,2.424,1.184,0,0,0.203,0.000,0.000,0.000,0.000
31.0,-0.747,-0.637,-5.014,-0.014,0.066,2,14,0,0.186,0,0,0.105,0.2428,0,-0.534,2.795,-5.942,-0.942,0.035,2,14,0,0.156,0,0,0.118,0.1382,0,0.713,-3.289,-6.190,-1.190,0.019,2,14,0,0.167,0,0,0.091,0.1823,0,2.357,0.663,-6.153,-1.153,0.093,2,14,0,0.176,0,0,0.137,0.1825,0,-2.484,1.059,-5.140,-0.140,0.074,2,14,0,0.174,0,0,0.017,0.2174,0,2.431,1.178,0,0,0.186,0.000,0.000,0.000,0.000
32.0,-0.861,-0.576,-5.016,-0.016,0.071,2,14,0,0.171,0,0,0.138,0.2428,0,-0.497,2.788,-6.021,-1.021,0.039,2,14,0,0.189,0,0,0.096,0.1382,0,0.592,-3.275,-6.209,-1.209,0.052,2,14,0,0.141,0,0,0.063,0.1823,0,2.395,0.600,-6.195,-1.195,0.083,2,14,0,0.208,0,0,0.115,0.1825,0,-2.533,1.039,-5.197,-0.197,0.042,2,14,0,0.161,0,0,0.040,0.2174,0,2.331,1.139,0,0,0.208,0.000,0.000,0.000,0.000
33.0,-0.908,-0.472,-5.007,-0.007,0.072,2,14,0,0.210,0,0,0.193,0.2428,0,-0.436,2.857,-6.003,-1.003,0.065,2,14,0,0.153,0,0,0.008,0.1382,0,0.597,-3.288,-6.190,-1.190,0.036,2,14,0,0.171,0,0,0.051,0.1823,0,2.377,0.491,-6.133,-1.133,0.079,2,14,0,0.171,0,0,0.094,0.1825,0,-2.569,1.089,-5.109,-0.109,0.025,2,14,0,0.137,0,0,0.085,0.2174,0,2.282,1.171,0,0,0.210,0.000,0.000,0.000,0.000
34.0,-0.808,-0.489,-4.999,0.001,0.107,2,14,0,0.174,0,0,0.098,0.2428,0,-0.423,2.914,-5.983,-0.983,0.042,2,14,0,0.180,0,0,0.053,0.1382,0,0.607,-3.335,-6.155,-1.155,0.035,2,14,0,0.175,0,0,0.026,0.1823,0,2.290,0.425,-6.166,-1.166,0.062,2,14,0,0.166,0,0,0.115,0.1825,0,-2.627,1.118,-5.152,-0.152,0.024,2,14,0,0.137,0,0,0.151,0.2174,0,2.431,1.178,0,0,0.180,0.000,0.000,0.000,0.000
35.0,-0.640,-0.454,-4.991,0.009,0.093,2,14,0,0.144,0,0,0.118,0.2428,0,-0.494,2.947,-5.966,-0.966,0.013,2,14,0,0.155,0,0,0.099,0.1382,0,0.647,-3.357,-6.220,-1.220,0.021,2,14,0,0.170,0,0,0.037,0.1823,0,2.254,0.451,-6.127,-1.127,0.039,2,14,0,0.175,0,0,0.098,0.1825,0,-2.542,1.052,-5.100,-0.100,0.066,2,14,0,0.142,0,0,0.048,0.2174,0,2.429,1.147,0,0,0.175,0.000,0.000,0.000,0.000
36.0,-0.518,-0.500,-4.999,0.001,0.197,2,14,0,0.203,0,0,0.414,0.2428,0,-0.393,2.937,-5.972,-0.972,0.164,2,14,0,0.261,0,0,0.559,0.1382,0,0.655,-3.360,-6.214,-1.214,0.136,2,14,0,0.218,0,0,0.578,0.1823,0,2.251,0.434,-6.135,-1.135,0.120,2,14,0,0.258,0,0,0.655,0.1825,0,-2.400,1.003,-5.151,-0.151,0.203,2,14,0,0.211,0,0,0.512,0.2174,0,2.413,1.436,0,0,0.261,0.620,0.000,1.000,0.000
37.0,-0.119,-0.562,-4.974,0.026,0.531,2,14,0,0.233,0,0,1.013,0.2430,0,-0.040,2.877,-5.991,-0.991,0.486,2,14,0,0.210,0,0,1.205,0.2274,0,0.961,-3.296,-6.239,-1.239,0.451,2,14,0,0.395,0,0,1.272,0.2162,0,2.566,0.498,-6.113,-1.113,0.453,2,14,0,0.236,0,0,1.336,0.2160,0,-2.011,0.970,-5.131,-0.131,0.529,2,14,0,0.291,0,0,1.128,0.2414,0,2.439,2.114,0,0,0.395,1.620,0.000,1.000,0.000
38.0,0.637,-0.664,-5.009,-0.009,0.887,2,14,0,0.198,0,0,1.259,0.3603,0,0.569,2.808,-5.952,-0.952,0.819,2,14,0,0.289,0,0,1.599,0.3385,0,1.589,-3.304,-6.229,-1.229,0.799,2,14,0,0.269,0,0,1.648,0.3311,0,3.184,0.565,-6.193,-1.193,0.795,2,14,0,0.250,0,0,1.720,0.3300,0,-1.319,0.973,-5.101,-0.101,0.882,2,14,0,0.190,0,0,1.443,0.3588,0,2.553,2.501,0,0,0.289,2.620,0.000,1.000,0.000
39.0,1.784,-0.682,-5.025,-0.025,1.277,2,14,0,0.198,0,0,1.120,0.4906,0,1.528,2.734,-5.942,-0.942,1.183,2,14,0,0.346,0,0,1.648,0.4599,0,2.610,-3.361,-6.153,-1.153,1.177,2,14,0,0.198,0,0,1.629,0.4581,0,4.200,0.689,-6.209,-1.209,1.172,2,14,0,0.206,0,0,1.713,0.4560,0,-0.233,1.026,-5.154,-0.154,1.262,2,14,0,0.194,0,0,1.360,0.4851,0,2.646,2.516,0,0,0.346,3.620,0.000,1.000,0.000
40.0,3.130,-0.602,-5.004,-0.004,1.580,2,14,0,0.186,0,0,0.770,0.5465,0,3.035,2.695,-5.916,-0.916,1.616,2,14,0,0.208,0,0,1.152,0.5944,0,3.953,-3.472,-6.172,-1.172,1.565,2,14,0,0.195,0,0,1.298,0.5862,0,5.540,0.689,-6.156,-1.156,1.561,2,14,0,0.254,0,0,1.378,0.5861,0,1.261,1.052,-5.172,-0.172,1.653,2,14,0,0.169,0,0,0.872,0.5775,0,2.502,2.191,0,0,0.254,4.620,0.000,1.000,0.000
41.0,4.716,-0.562,-5.040,-0.040,1.664,2,14,0,0.176,0,0,0.198,0.5474,0,4.730,2.683,-5.931,-0.931,1.829,2,14,0,0.173,0,0,0.480,0.6023,0,5.702,-3.510,-6.255,-1.255,1.844,2,14,0,0.165,0,0,0.587,0.6103,0,7.324,0.567,-6.130,-1.130,1.887,2,14,0,0.205,0,0,0.574,0.6227,0,2.991,1.097,-5.101,-0.101,1.761,2,14,0,0.170,0,0,0.164,0.5785,0,2.394,1.415,0,0,0.205,5.620,0.000,1.000,0.000
42.0,6.234,-0.511,-4.975,0.025,1.492,2,14,0,0.199,0,0,0.339,0.5474,0,6.501,2.737,-5.904,-0.904,1.706,2,14,0,0.208,0,0,0.352,0.6023,0,7.501,-3.492,-6.238,-1.238,1.756,2,14,0,0.191,0,0,0.307,0.6103,0,9.176,0.472,-6.166,-1.166,1.794,2,14,0,0.225,0,0,0.274,0.6227,0,4.602,1.072,-5.163,-0.163,1.569,2,14,0,0.223,0,0,0.472,0.5785,0,2.282,1.454,0,0,0.225,6.620,0.000,1.000,0.000
43.0,7.589,-0.431,-5.013,-0.013,1.247,2,14,0,0.265,0,0,0.692,0.5474,0,8.095,2.902,-5.926,-0.926,1.492,2,14,0,0.298,0,0,0.922,0.6023,0,9.144,-3.355,-6.161,-1.161,1.540,2,14,0,0.225,0,0,0.889,0.6103,0,10.766,0.452,-6.155,-1.155,1.557,2,14,0,0.227,0,0,0.861,0.6227,0,6.005,1.022,-5.182,-0.182,1.323,2,14,0,0.193,0,0,0.879,0.5785,0,2.156,1.722,0,0,0.298,7.620,0.000,1.000,0.000
44.0,8.613,-0.402,-5.035,-0.035,0.952,2,14,0,0.173,0,0,0.735,0.5474,0,9.445,3.012,-5.962,-0.962,1.225,2,14,0,0.267,0,0,1.292,0.6023,0,10.564,-3.184,-6.206,-1.206,1.292,2,14,0,0.194,0,0,1.321,0.6103,0,12.130,0.471,-6.178,-1.178,1.299,2,14,0,0.196,0,0,1.234,0.6227,0,7.169,1.049,-5.139,-0.139,1.043,2,14,0,0.186,0,0,1.047,0.5785,0,2.049,1.953,0,0,0.267,8.620,0.000,1.000,0.000
45.0,9.515,-0.437,-5.058,-0.058,0.735,2,14,0,0.170,0,0,0.630,0.5474,0,10.457,3.095,-5.910,-0.910,0.910,2,14,0,0.213,0,0,1.316,0.6023,0,11.714,-3.050,-6.203,-1.203,1.003,2,14,0,0.221,0,0,1.494,0.6103,0,13.248,0.506,-6.180,-1.180,0.999,2,14,0,0.235,0,0,1.352,0.6227,0,8.070,1.106,-5.100,-0.100,0.741,2,14,0,0.217,0,0,0.946,0.5785,0,2.114,2.095,0,0,0.235,9.620,0.000,1.000,0.000
46.0,10.169,-0.484,-5.024,-0.024,0.623,2,14,0,0.172,0,0,0.290,0.5474,0,11.160,3.113,-5.972,-0.972,0.582,2,14,0,0.195,0,0,1.025,0.6023,0,12.533,-2.997,-6.205,-1.205,0.683,2,14,0,0.194,0,0,1.339,0.6103,0,14.154,0.532,-6.198,-1.198,0.694,2,14,0,0.213,0,0,1.251,0.6227,0,8.648,1.153,-5.126,-0.126,0.480,2,14,0,0.168,0,0,0.546,0.5785,0,2.237,1.913,0,0,0.213,10.620,0.000,1.000,0.000
47.0,10.823,-0.558,-4.921,0.079,0.700,2,14,0,0.180,0,0,0.075,0.5474,0,11.676,3.086,-5.976,-0.976,0.407,2,14,0,0.182,0,0,0.561,0.6023,0,12.985,-3.099,-6.208,-1.208,0.387,2,14,0,0.166,0,0,0.785,0.6103,0,14.617,0.602,-6.144,-1.144,0.377,2,14,0,0.175,0,0,0.723,0.6227,0,9.108,1.141,-5.095,-0.095,0.494,2,14,0,0.199,0,0,0.094,0.5785,0,2.420,1.368,0,0,0.199,11.620,0.000,1.000,0.000
48.0,11.683,-0.599,-4.955,0.045,0.870,2,14,0,0.177,0,0,0.221,0.5474,0,12.065,2.907,-5.967,-0.967,0.466,2,14,0,0.238,0,0,0.108,0.6023,0,13.215,-3.235,-6.173,-1.173,0.367,2,14,0,0.234,0,0,0.093,0.6103,0,15.055,0.626,-6.132,-1.132,0.354,2,14,0,0.173,0,0,0.177,0.6227,0,9.718,1.112,-5.083,-0.083,0.708,2,14,0,0.197,0,0,0.404,0.5785,0,2.609,1.117,0,0,0.238,12.620,0.000,1.000,0.000
49.0,12.674,-0.619,-5.037,-0.037,0.995,2,14,0,0.178,0,0,0.240,0.5474,0,12.624,2.799,-5.943,-0.943,0.695,2,14,0,0.236,0,0,0.541,0.6023,0,13.708,-3.364,-6.183,-1.183,0.599,2,14,0,0.195,0,0,0.535,0.6103,0,15.496,0.582,-6.111,-1.111,0.543,2,14,0,0.232,0,0,0.404,0.6227,0,10.541,1.041,-5.133,-0.133,0.991,2,14,0,0.162,0,0,0.581,0.5785,0,2.705,1.266,0,0,0.236,13.620,0.000,1.000,0.000
50.0,13.694,-0.624,-4.999,0.001,1.065,2,14,0,0.178,0,0,0.219,0.5474,0,13.478,2.754,-5.993,-0.993,0.979,2,14,0,0.232,0,0,0.700,0.6023,0,14.456,-3.505,-6.231,-1.231,0.871,2,14,0,0.192,0,0,0.801,0.6103,0,16.229,0.505,-6.174,-1.174,0.828,2,14,0,0.197,0,0,0.675,0.6227,0,11.645,1.011,-5.148,-0.148,1.221,2,14,0,0.165,0,0,0.481,0.5785,0,2.626,1.480,0,0,0.232,14.620,0.000,1.000,0.000
51.0,14.792,-0.589,-5.010,-0.010,1.107,2,14,0,0.205,0,0,0.120,0.5474,0,14.583,2.703,-6.035,-1.035,1.243,2,14,0,0.216,0,0,0.600,0.6023,0,15.496,-3.589,-6.212,-1.212,1.188,2,14,0,0.163,0,0,0.798,0.6103,0,17.166,0.479,-6.134,-1.134,1.127,2,14,0,0.197,0,0,0.734,0.6227,0,12.963,0.969,-5.207,-0.207,1.334,2,14,0,0.171,0,0,0.184,0.5785,0,2.411,1.531,0,0,0.216,15.620,0.000,1.000,0.000
52.0,15.896,-0.583,-5.026,-0.026,1.097,2,14,0,0.177,0,0,0.050,0.5474,0,15.913,2.681,-6.001,-1.001,1.372,2,14,0,0.175,0,0,0.317,0.6023,0,16.846,-3.628,-6.208,-1.208,1.412,2,14,0,0.162,0,0,0.508,0.6103,0,18.439,0.548,-6.160,-1.160,1.377,2,14,0,0.224,0,0,0.458,0.6227,0,14.324,0.966,-5.132,-0.132,1.266,2,14,0,0.163,0,0,0.204,0.5785,0,2.210,1.302,0,0,0.224,16.620,0.000,1.000,0.000
53.0,16.930,-0.499,-4.986,0.014,1.060,2,14,0,0.177,0,0,0.051,0.5474,0,17.300,2.701,-5.898,-0.898,1.340,2,14,0,0.176,0,0,0.207,0.6023,0,18.304,-3.539,-6.234,-1.234,1.421,2,14,0,0.166,0,0,0.223,0.6103,0,19.919,0.612,-6.107,-1.107,1.422,2,14,0,0.172,0,0,0.073,0.6227,0,15.438,0.961,-5.128,-0.128,1.076,2,14,0,0.205,0,0,0.327,0.5785,0,2.092,1.262,0,0,0.205,17.620,0.000,1.000,0.000
54.0,18.007,-0.495,-4.937,0.063,1.024,2,14,0,0.175,0,0,0.116,0.5474,0,18.535,2.765,-5.946,-0.946,1.159,2,14,0,0.215,0,0,0.387,0.6023,0,19.667,-3.341,-6.181,-1.181,1.248,2,14,0,0.196,0,0,0.417,0.6103,0,21.224,0.562,-6.110,-1.110,1.251,2,14,0,0.178,0,0,0.327,0.6227,0,16.468,0.991,-5.118,-0.118,0.931,2,14,0,0.164,0,0,0.344,0.5785,0,2.147,1.304,0,0,0.215,18.620,0.000,1.000,0.000
55.0,19.016,-0.501,-4.998,0.002,0.933,2,14,0,0.178,0,0,0.220,0.5474,0,19.571,2.901,-5.983,-0.983,0.934,2,14,0,0.432,0,0,0.493,0.6023,0,20.679,-3.142,-6.188,-1.188,0.948,2,14,0,0.234,0,0,0.563,0.6103,0,22.271,0.502,-6.218,-1.218,0.990,2,14,0,0.199,0,0,0.456,0.6227,0,17.295,1.060,-5.154,-0.154,0.791,2,14,0,0.175,0,0,0.267,0.5785,0,2.329,1.310,0,0,0.432,19.524,0.000,0.690,0.000
56.0,19.816,-0.529,-5.064,-0.064,0.646,2,14,0,0.209,0,0,0.567,0.5474,0,20.363,2.995,-5.959,-0.959,0.620,2,14,0,0.233,0,0,0.853,0.6023,0,21.477,-3.069,-6.216,-1.216,0.628,2,14,0,0.263,0,0,0.914,0.6103,0,23.093,0.505,-6.203,-1.203,0.677,2,14,0,0.267,0,0,0.837,0.6227,0,17.962,1.160,-5.145,-0.145,0.512,2,14,0,0.216,0,0,0.497,0.5785,0,2.509,1.530,0,0,0.267,19.964,0.000,0.190,0.000
57.0,20.167,-0.504,-4.991,0.009,0.275,2,14,0,0.204,0,0,0.891,0.5474,0,20.776,3.045,-5.953,-0.953,0.265,2,14,0,0.224,0,0,1.226,0.6023,0,21.880,-3.137,-6.200,-1.200,0.280,2,14,0,0.193,0,0,1.263,0.6103,0,23.594,0.618,-6.156,-1.156,0.331,2,14,0,0.235,0,0,1.296,0.6227,0,18.264,1.169,-5.163,-0.163,0.161,2,14,0,0.220,0,0,0.764,0.5785,0,2.540,1.885,0,0,0.235,20.000,0.000,0.000,0.000
58.0,20.232,-0.497,-4.996,0.004,0.096,2,14,0,0.205,0,0,0.959,0.5474,0,20.853,3.033,-5.924,-0.924,0.132,2,14,0,0.242,0,0,1.303,0.6023,0,21.875,-3.217,-6.237,-1.237,0.179,2,14,0,0.191,0,0,1.255,0.6103,0,23.776,0.581,-6.112,-1.112,0.039,2,14,0,0.227,0,0,1.479,0.6227,0,18.270,1.138,-5.128,-0.128,0.213,2,14,0,0.171,0,0,0.771,0.5785,0,2.558,1.888,0,0,0.242,20.000,0.000,0.000,0.000
59.0,20.061,-0.530,-4.907,0.093,0.440,2,14,0,0.178,0,0,0.793,0.5474,0,20.573,2.997,-5.944,-0.944,0.519,2,14,0,0.187,0,0,1.025,0.6023,0,21.446,-3.286,-6.226,-1.226,0.544,2,14,0,0.167,0,0,0.821,0.6103,0,23.560,0.506,-6.134,-1.134,0.421,2,14,0,0.224,0,0,1.266,0.6227,0,17.957,1.109,-5.122,-0.122,0.469,2,14,0,0.170,0,0,0.464,0.5785,0,2.676,1.474,0,0,0.224,20.000,0.000,0.000,0.000
60.0,19.553,-0.563,-5.010,-0.010,0.591,2,14,0,0.176,0,0,0.280,0.5474,0,19.943,2.938,-5.973,-0.973,0.741,2,14,0,0.207,0,0,0.389,0.6023,0,20.834,-3.309,-6.204,-1.204,0.669,2,14,0,0.164,0,0,0.215,0.6103,0,22.919,0.467,-6.090,-1.090,0.758,2,14,0,0.169,0,0,0.626,0.6227,0,17.390,1.067,-5.128,-0.128,0.483,2,14,0,0.166,0,0,0.111,0.5785,0,2.711,1.136,0,0,0.207,20.000,0.000,0.000,0.000
61.0,19.012,-0.564,-5.024,-0.024,0.513,2,14,0,0.223,0,0,0.254,0.5474,0,19.313,2.855,-5.974,-0.974,0.626,2,14,0,0.239,0,0,0.243,0.6023,0,20.274,-3.293,-6.202,-1.202,0.515,2,14,0,0.198,0,0,0.353,0.6103,0,22.165,0.480,-6.107,-1.107,0.735,2,14,0,0.199,0,0,0.140,0.6227,0,17.027,0.998,-5.116,-0.116,0.285,2,14,0,0.194,0,0,0.478,0.5785,0,2.528,1.138,0,0,0.239,20.000,0.000,0.000,0.000
62.0,18.549,-0.550,-4.931,0.069,0.300,2,14,0,0.197,0,0,0.716,0.5474,0,18.853,2.801,-5.953,-0.953,0.395,2,14,0,0.225,0,0,0.710,0.6023,0,19.907,-3.365,-6.199,-1.199,0.277,2,14,0,0.244,0,0,0.720,0.6103,0,21.539,0.544,-6.142,-1.142,0.527,2,14,0,0.293,0,0,0.759,0.6227,0,16.864,0.971,-5.163,-0.163,0.031,2,14,0,0.167,0,0,0.645,0.5785,0,2.282,1.559,0,0,0.293,20.000,0.000,0.000,0.000
63.0,18.444,-0.550,-4.977,0.023,0.017,2,14,0,0.196,0,0,0.831,0.5474,0,18.589,2.714,-5.965,-0.965,0.143,2,14,0,0.240,0,0,0.981,0.6023,0,19.869,-3.422,-6.116,-1.116,0.030,2,14,0,0.389,0,0,0.768,0.6103,0,21.170,0.527,-6.155,-1.155,0.264,2,14,0,0.236,0,0,1.126,0.6227,0,17.026,0.960,-5.136,-0.136,0.208,2,14,0,0.162,0,0,0.492,0.5785,0,2.078,1.905,0,0,0.389,20.000,0.000,0.000,0.000
64.0,18.636,-0.594,-5.008,-0.008,0.275,2,14,0,0.173,0,0,0.649,0.5474,0,18.580,2.689,-5.925,-0.925,0.150,2,14,0,0.222,0,0,0.996,0.6023,0,20.117,-3.484,-6.175,-1.175,0.287,2,14,0,0.166,0,0,0.541,0.6103,0,21.132,0.520,-6.141,-1.141,0.040,2,14,0,0.202,0,0,1.165,0.6227,0,17.291,0.960,-5.129,-0.129,0.283,2,14,0,0.169,0,0,0.235,0.5785,0,2.059,1.938,0,0,0.222,20.000,0.000,0.000,0.000
65.0,18.976,-0.597,-5.018,-0.018,0.388,2,14,0,0.174,0,0,0.315,0.5474,0,18.931,2.690,-5.906,-0.906,0.446,2,14,0,0.212,0,0,0.654,0.6023,0,20.418,-3.445,-6.201,-1.201,0.359,2,14,0,0.165,0,0,0.249,0.6103,0,21.310,0.543,-6.171,-1.171,0.345,2,14,0,0.221,0,0,0.987,0.6227,0,17.546,1.029,-5.113,-0.113,0.242,2,14,0,0.165,0,0,0.040,0.5785,0,2.167,1.775,0,0,0.221,20.000,0.000,0.000,0.000
66.0,19.316,-0.519,-4.981,0.019,0.337,2,14,0,0.174,0,0,0.039,0.5474,0,19.390,2.680,-5.940,-0.940,0.504,2,14,0,0.210,0,0,0.254,0.6023,0,20.701,-3.437,-6.270,-1.270,0.296,2,14,0,0.164,0,0,0.132,0.6103,0,21.868,0.517,-6.130,-1.130,0.585,2,14,0,0.215,0,0,0.435,0.6227,0,17.703,1.055,-5.199,-0.199,0.120,2,14,0,0.164,0,0,0.195,0.5785,0,2.264,1.268,0,0,0.215,20.000,0.000,0.000,0.000
67.0,19.532,-0.489,-4.927,0.073,0.175,2,14,0,0.144,0,0,0.258,0.5474,0,19.843,2.776,-5.969,-0.969,0.388,2,14,0,0.195,0,0,0.296,0.6023,0,20.844,-3.336,-6.256,-1.256,0.169,2,14,0,0.205,0,0,0.212,0.6103,0,22.400,0.488,-6.120,-1.120,0.508,2,14,0,0.190,0,0,0.115,0.6227,0,17.685,1.033,-5.112,-0.112,0.027,2,14,0,0.199,0,0,0.180,0.5785,0,2.400,1.239,0,0,0.205,20.000,0.000,0.000,0.000
68.0,19.669,-0.504,-4.987,0.013,0.013,2,14,0,0.146,0,0,0.395,0.5474,0,20.053,2.883,-5.963,-0.963,0.155,2,14,0,0.175,0,0,0.491,0.6023,0,20.902,-3.206,-6.166,-1.166,0.075,2,14,0,0.222,0,0,0.297,0.6103,0,22.715,0.516,-6.213,-1.213,0.268,2,14,0,0.207,0,0,0.416,0.6227,0,17.657,1.035,-5.129,-0.129,0.086,2,14,0,0.168,0,0,0.152,0.5785,0,2.538,1.225,0,0,0.222,20.000,0.000,0.000,0.000
69.0,19.586,-0.498,-5.042,-0.042,0.150,2,14,0,0.145,0,0,0.316,0.5474,0,20.020,3.028,-5.954,-0.954,0.148,2,14,0,0.171,0,0,0.487,0.6023,0,20.817,-3.212,-6.190,-1.190,0.118,2,14,0,0.163,0,0,0.221,0.6103,0,22.840,0.566,-6.179,-1.179,0.033,2,14,0,0.185,0,0,0.544,0.6227,0,17.579,1.072,-5.166,-0.166,0.110,2,14,0,0.135,0,0,0.078,0.5785,0,2.551,1.218,0,0,0.185,20.000,0.000,0.000,0.000
70.0,19.417,-0.524,-5.045,-0.045,0.224,2,14,0,0.178,0,0,0.143,0.5474,0,19.825,3.131,-5.917,-0.917,0.253,2,14,0,0.211,0,0,0.377,0.6023,0,20.657,-3.197,-6.162,-1.162,0.154,2,14,0,0.168,0,0,0.131,0.6103,0,22.680,0.616,-6.174,-1.174,0.228,2,14,0,0.203,0,0,0.393,0.6227,0,17.472,1.113,-5.113,-0.113,0.097,2,14,0,0.138,0,0,0.073,0.5785,0,2.543,1.209,0,0,0.211,20.000,0.000,0.000,0.000
71.0,19.177,-0.586,-5.053,-0.053,0.193,2,14,0,0.173,0,0,0.105,0.5474,0,19.530,3.109,-5.960,-0.960,0.281,2,14,0,0.178,0,0,0.247,0.6023,0,20.496,-3.267,-6.166,-1.166,0.128,2,14,0,0.150,0,0,0.146,0.6103,0,22.418,0.652,-6.155,-1.155,0.287,2,14,0,0.201,0,0,0.165,0.6227,0,17.414,1.168,-5.157,-0.157,0.052,2,14,0,0.173,0,0,0.151,0.5785,0,2.489,1.239,0,0,0.201,20.000,0.000,0.000,0.000
72.0,18.994,-0.532,-5.067,-0.067,0.097,2,14,0,0.224,0,0,0.276,0.5474,0,19.266,2.994,-5.919,-0.919,0.217,2,14,0,0.172,0,0,0.322,0.6023,0,20.502,-3.323,-6.195,-1.195,0.065,2,14,0,0.166,0,0,0.127,0.6103,0,22.096,0.638,-6.104,-1.104,0.248,2,14,0,0.167,0,0,0.222,0.6227,0,17.368,1.147,-5.165,-0.165,0.057,2,14,0,0.168,0,0,0.170,0.5785,0,2.340,1.205,0,0,0.224,20.000,0.000,0.000,0.000
73.0,18.911,-0.470,-5.045,-0.045,0.067,2,14,0,0.253,0,0,0.370,0.5474,0,19.276,2.851,-5.983,-0.983,0.142,2,14,0,0.175,0,0,0.285,0.6023,0,20.498,-3.433,-6.193,-1.193,0.062,2,14,0,0.168,0,0,0.170,0.6103,0,21.943,0.542,-6.123,-1.123,0.103,2,14,0,0.226,0,0,0.354,0.6227,0,17.435,1.083,-5.146,-0.146,0.093,2,14,0,0.169,0,0,0.082,0.5785,0,2.144,1.188,0,0,0.253,20.000,0.000,0.000,0.000
74.0,19.081,-0.533,-4.969,0.031,0.179,2,14,0,0.172,0,0,0.195,0.5474,0,19.364,2.773,-5.992,-0.992,0.144,2,14,0,0.179,0,0,0.217,0.6023,0,20.574,-3.460,-6.125,-1.125,0.079,2,14,0,0.165,0,0,0.147,0.6103,0,21.977,0.466,-6.121,-1.121,0.106,2,14,0,0.206,0,0,0.329,0.6227,0,17.523,1.053,-5.143,-0.143,0.082,2,14,0,0.167,0,0,0.015,0.5785,0,2.230,1.176,0,0,0.206,20.000,0.000,0.000,0.000
75.0,19.287,-0.567,-4.939,0.061,0.188,2,14,0,0.174,0,0,0.032,0.5474,0,19.574,2.750,-5.996,-0.996,0.160,2,14,0,0.211,0,0,0.115,0.6023,0,20.620,-3.395,-6.199,-1.199,0.091,2,14,0,0.135,0,0,0.071,0.6103,0,22.111,0.466,-6.142,-1.142,0.187,2,14,0,0.206,0,0,0.201,0.6227,0,17.525,1.008,-5.189,-0.189,0.037,2,14,0,0.168,0,0,0.044,0.5785,0,2.376,1.137,0,0,0.211,20.000,0.000,0.000,0.000
76.0,19.405,-0.566,-5.005,-0.005,0.100,2,14,0,0.170,0,0,0.134,0.5474,0,19.671,2.724,-5.946,-0.946,0.090,2,14,0,0.176,0,0,0.179,0.6023,0,20.702,-3.305,-6.217,-1.217,0.082,2,14,0,0.139,0,0,0.074,0.6103,0,22.339,0.472,-6.117,-1.117,0.187,2,14,0,0.206,0,0,0.080,0.6227,0,17.437,1.003,-5.155,-0.155,0.005,2,14,0,0.160,0,0,0.080,0.5785,0,2.521,1.095,0,0,0.206,20.000,0.000,0.000,0.000
77.0,19.438,-0.578,-5.013,-0.013,0.014,2,14,0,0.147,0,0,0.168,0.5474,0,19.622,2.730,-5.946,-0.946,0.072,2,14,0,0.206,0,0,0.147,0.6023,0,20.729,-3.258,-6.212,-1.212,0.034,2,14,0,0.139,0,0,0.120,0.6103,0,22.486,0.493,-6.162,-1.162,0.113,2,14,0,0.171,0,0,0.195,0.6227,0,17.394,1.004,-5.076,-0.076,0.029,2,14,0,0.141,0,0,0.120,0.5785,0,2.585,1.079,0,0,0.206,20.000,0.000,0.000,0.000
78.0,19.440,-0.619,-5.048,-0.048,0.067,2,14,0,0.148,0,0,0.187,0.5474,0,19.607,2.838,-5.980,-0.980,0.104,2,14,0,0.174,0,0,0.054,0.6023,0,20.670,-3.212,-6.210,-1.210,0.046,2,14,0,0.217,0,0,0.121,0.6103,0,22.519,0.571,-6.172,-1.172,0.057,2,14,0,0.176,0,0,0.224,0.6227,0,17.475,0.987,-5.119,-0.119,0.077,2,14,0,0.163,0,0,0.068,0.5785,0,2.539,1.095,0,0,0.217,20.000,0.000,0.000,0.000
79.0,19.345,-0.573,-4.995,0.005,0.115,2,14,0,0.146,0,0,0.082,0.5474,0,19.533,2.942,-5.936,-0.936,0.076,2,14,0,0.180,0,0,0.082,0.6023,0,20.637,-3.267,-6.210,-1.210,0.055,2,14,0,0.166,0,0,0.059,0.6103,0,22.523,0.565,-6.206,-1.206,0.093,2,14,0,0.144,0,0,0.227,0.6227,0,17.608,0.944,-5.160,-0.160,0.072,2,14,0,0.168,0,0,0.145,0.5785,0,2.312,1.123,0,0,0.180,20.000,0.000,0.000,0.000
80.0,19.293,-0.513,-5.017,-0.017,0.094,2,14,0,0.185,0,0,0.029,0.5474,0,19.533,2.985,-5.907,-0.907,0.010,2,14,0,0.145,0,0,0.124,0.6023,0,20.571,-3.331,-6.257,-1.257,0.061,2,14,0,0.175,0,0,0.057,0.6103,0,22.407,0.548,-6.174,-1.174,0.143,2,14,0,0.146,0,0,0.111,0.6227,0,17.650,0.933,-5.094,-0.094,0.053,2,14,0,0.139,0,0,0.183,0.5785,0,2.191,1.137,0,0,0.185,20.000,0.000,0.000,0.000
81.0,19.208,-0.458,-5.012,-0.012,0.065,2,14,0,0.178,0,0,0.101,0.5474,0,19.520,2.951,-5.913,-0.913,0.045,2,14,0,0.174,0,0,0.097,0.6023,0,20.561,-3.391,-6.219,-1.219,0.032,2,14,0,0.142,0,0,0.095,0.6103,0,22.246,0.518,-6.187,-1.187,0.133,2,14,0,0.169,0,0,0.054,0.6227,0,17.656,1.039,-5.127,-0.127,0.104,2,14,0,0.167,0,0,0.150,0.5785,0,2.159,1.229,0,0,0.178,20.000,0.000,0.000,0.000
82.0,19.164,-0.463,-4.999,0.001,0.016,2,14,0,0.149,0,0,0.134,0.5474,0,19.514,2.849,-5.944,-0.944,0.065,2,14,0,0.148,0,0,0.049,0.6023,0,20.573,-3.387,-6.189,-1.189,0.027,2,14,0,0.143,0,0,0.084,0.6103,0,22.054,0.546,-6.200,-1.200,0.070,2,14,0,0.142,0,0,0.243,0.6227,0,17.522,1.127,-5.156,-0.156,0.116,2,14,0,0.168,0,0,0.081,0.5785,0,2.291,1.242,0,0,0.168,20.000,0.000,0.000,0.000
83.0,19.230,-0.514,-5.001,-0.001,0.059,2,14,0,0.150,0,0,0.050,0.5474,0,19.587,2.771,-5.969,-0.969,0.051,2,14,0,0.186,0,0,0.096,0.6023,0,20.572,-3.366,-6.215,-1.215,0.039,2,14,0,0.141,0,0,0.071,0.6103,0,22.080,0.524,-6.116,-1.116,0.058,2,14,0,0.174,0,0,0.218,0.6227,0,17.414,1.118,-5.249,-0.249,0.077,2,14,0,0.183,0,0,0.115,0.5785,0,2.454,1.192,0,0,0.186,20.000,0.000,0.000,0.000
84.0,19.205,-0.509,-5.027,-0.027,0.042,2,14,0,0.146,0,0,0.074,0.5474,0,19.617,2.753,-5.965,-0.965,0.019,2,14,0,0.144,0,0,0.125,0.6023,0,20.585,-3.298,-6.164,-1.164,0.055,2,14,0,0.175,0,0,0.053,0.6103,0,22.123,0.503,-6.136,-1.136,0.122,2,14,0,0.218,0,0,0.178,0.6227,0,17.363,1.167,-5.170,-0.170,0.024,2,14,0,0.168,0,0,0.186,0.5785,0,2.494,1.222,0,0,0.218,20.000,0.000,0.000,0.000
85.0,19.262,-0.525,-5.053,-0.053,0.058,2,14,0,0.183,0,0,0.016,0.5474,0,19.614,2.831,-5.981,-0.981,0.068,2,14,0,0.182,0,0,0.064,0.6023,0,20.690,-3.279,-6.176,-1.176,0.049,2,14,0,0.333,0,0,0.076,0.6103,0,22.208,0.554,-6.147,-1.147,0.142,2,14,0,0.172,0,0,0.093,0.6227,0,17.399,1.168,-5.186,-0.186,0.075,2,14,0,0.170,0,0,0.164,0.5785,0,2.521,1.234,0,0,0.333,20.000,0.000,0.000,0.000
86.0,19.264,-0.542,-4.987,0.013,0.045,2,14,0,0.172,0,0,0.012,0.5474,0,19.558,2.893,-5.939,-0.939,0.072,2,14,0,0.174,0,0,0.029,0.6023,0,20.744,-3.286,-6.174,-1.174,0.018,2,14,0,0.169,0,0,0.121,0.6103,0,22.372,0.566,-6.142,-1.142,0.120,2,14,0,0.206,0,0,0.079,0.6227,0,17.454,1.066,-5.129,-0.129,0.106,2,14,0,0.170,0,0,0.058,0.5785,0,2.425,1.159,0,0,0.206,20.000,0.000,0.000,0.000
87.0,19.291,-0.561,-5.004,-0.004,0.024,2,14,0,0.188,0,0,0.032,0.5474,0,19.524,2.987,-5.942,-0.942,0.030,2,14,0,0.134,0,0,0.128,0.6023,0,20.676,-3.310,-6.190,-1.190,0.058,2,14,0,0.164,0,0,0.050,0.6103,0,22.467,0.580,-6.085,-1.085,0.051,2,14,0,0.151,0,0,0.173,0.6227,0,17.557,0.949,-5.088,-0.088,0.086,2,14,0,0.166,0,0,0.110,0.5785,0,2.301,1.100,0,0,0.188,20.000,0.000,0.000,0.000
88.0,19.325,-0.572,-4.993,0.007,0.021,2,14,0,0.172,0,0,0.061,0.5474,0,19.555,2.934,-5.934,-0.934,0.043,2,14,0,0.167,0,0,0.070,0.6023,0,20.636,-3.291,-6.174,-1.174,0.052,2,14,0,0.140,0,0,0.036,0.6103,0,22.454,0.608,-6.142,-1.142,0.048,2,14,0,0.178,0,0,0.171,0.6227,0,17.666,0.931,-5.128,-0.128,0.029,2,14,0,0.167,0,0,0.196,0.5785,0,2.242,1.144,0,0,0.178,20.000,0.000,0.000,0.000
89.0,19.293,-0.511,-4.958,0.042,0.026,2,14,0,0.152,0,0,0.031,0.5474,0,19.570,2.886,-5.951,-0.951,0.055,2,14,0,0.175,0,0,0.024,0.6023,0,20.599,-3.328,-6.238,-1.238,0.043,2,14,0,0.144,0,0,0.031,0.6103,0,22.465,0.604,-6.112,-1.112,0.089,2,14,0,0.169,0,0,0.180,0.6227,0,17.673,0.947,-5.114,-0.114,0.068,2,14,0,0.197,0,0,0.196,0.5785,0,2.186,1.162,0,0,0.197,20.000,0.000,0.000,0.000
90.0,19.294,-0.505,-5.048,-0.048,0.011,2,14,0,0.144,0,0,0.036,0.5474,0,19.556,2.807,-6.013,-1.013,0.046,2,14,0,0.148,0,0,0.057,0.6023,0,20.559,-3.316,-6.220,-1.220,0.023,2,14,0,0.169,0,0,0.070,0.6103,0,22.361,0.550,-6.122,-1.122,0.125,2,14,0,0.170,0,0,0.065,0.6227,0,17.538,0.998,-5.056,-0.056,0.114,2,14,0,0.163,0,0,0.063,0.5785,0,2.311,1.133,0,0,0.170,20.000,0.000,0.000,0.000
91.0,19.340,-0.531,-4.972,0.028,0.014,2,14,0,0.183,0,0,0.064,0.5474,0,19.536,2.816,-5.963,-0.963,0.008,2,14,0,0.210,0,0,0.055,0.6023,0,20.599,-3.346,-6.186,-1.186,0.019,2,14,0,0.175,0,0,0.037,0.6103,0,22.221,0.598,-6.171,-1.171,0.101,2,14,0,0.173,0,0,0.095,0.6227,0,17.376,1.078,-5.051,-0.051,0.096,2,14,0,0.205,0,0,0.130,0.5785,0,2.539,1.141,0,0,0.210,20.000,0.000,0.000,0.000
92.0,19.363,-0.597,-5.002,-0.002,0.042,2,14,0,0.150,0,0,0.110,0.5474,0,19.543,2.834,-6.018,-1.018,0.025,2,14,0,0.167,0,0,0.036,0.6023,0,20.605,-3.423,-6.200,-1.200,0.019,2,14,0,0.143,0,0,0.100,0.6103,0,22.121,0.588,-6.219,-1.219,0.047,2,14,0,0.151,0,0,0.183,0.6227,0,17.374,1.126,-5.150,-0.150,0.030,2,14,0,0.169,0,0,0.156,0.5785,0,2.635,1.186,0,0,0.169,20.000,0.000,0.000,0.000
93.0,19.222,-0.593,-4.983,0.017,0.076,2,14,0,0.179,0,0,0.078,0.5474,0,19.554,2.836,-5.950,-0.950,0.028,2,14,0,0.173,0,0,0.029,0.6023,0,20.649,-3.362,-6.171,-1.171,0.048,2,14,0,0.203,0,0,0.042,0.6103,0,22.126,0.528,-6.161,-1.161,0.064,2,14,0,0.140,0,0,0.172,0.6227,0,17.483,1.119,-5.136,-0.136,0.070,2,14,0,0.165,0,0,0.076,0.5785,0,2.446,1.219,0,0,0.203,20.000,0.000,0.000,0.000
94.0,19.122,-0.610,-5.055,-0.055,0.043,2,14,0,0.173,0,0,0.168,0.5474,0,19.617,2.870,-5.972,-0.972,0.031,2,14,0,0.181,0,0,0.057,0.6023,0,20.696,-3.328,-6.199,-1.199,0.043,2,14,0,0.170,0,0,0.067,0.6103,0,22.205,0.426,-6.193,-1.193,0.090,2,14,0,0.154,0,0,0.146,0.6227,0,17.536,1.053,-5.197,-0.197,0.066,2,14,0,0.139,0,0,0.029,0.5785,0,2.303,1.182,0,0,0.181,20.000,0.000,0.000,0.000
95.0,19.178,-0.557,-5.052,-0.052,0.077,2,14,0,0.176,0,0,0.101,0.5474,0,19.578,2.911,-5.948,-0.948,0.027,2,14,0,0.178,0,0,0.050,0.6023,0,20.679,-3.301,-6.143,-1.143,0.030,2,14,0,0.171,0,0,0.055,0.6103,0,22.304,0.381,-6.081,-1.081,0.098,2,14,0,0.169,0,0,0.158,0.6227,0,17.597,1.016,-5.209,-0.209,0.031,2,14,0,0.177,0,0,0.098,0.5785,0,2.236,1.178,0,0,0.178,20.000,0.000,0.000,0.000
96.0,19.317,-0.467,-4.964,0.036,0.093,2,14,0,0.174,0,0,0.077,0.5474,0,19.491,2.914,-5.899,-0.899,0.028,2,14,0,0.175,0,0,0.086,0.6023,0,20.662,-3.288,-6.199,-1.199,0.024,2,14,0,0.175,0,0,0.049,0.6103,0,22.364,0.426,-6.096,-1.096,0.095,2,14,0,0.169,0,0,0.132,0.6227,0,17.563,0.972,-5.126,-0.126,0.027,2,14,0,0.137,0,0,0.092,0.5785,0,2.275,1.124,0,0,0.175,20.000,0.000,0.000,0.000
97.0,19.406,-0.438,-4.960,0.040,0.035,2,14,0,0.172,0,0,0.163,0.5474,0,19.468,2.854,-5.915,-0.915,0.025,2,14,0,0.148,0,0,0.092,0.6023,0,20.590,-3.332,-6.293,-1.293,0.043,2,14,0,0.168,0,0,0.039,0.6103,0,22.357,0.507,-6.097,-1.097,0.087,2,14,0,0.179,0,0,0.068,0.6227,0,17.534,0.990,-5.121,-0.121,0.050,2,14,0,0.169,0,0,0.067,0.5785,0,2.359,1.125,0,0,0.179,20.000,0.000,0.000,0.000
98.0,19.356,-0.463,-4.967,0.033,0.054,2,14,0,0.178,0,0,0.109,0.5474,0,19.555,2.829,-5.978,-0.978,0.055,2,14,0,0.173,0,0,0.035,0.6023,0,20.507,-3.371,-6.235,-1.235,0.009,2,14,0,0.239,0,0,0.131,0.6103,0,22.356,0.577,-6.141,-1.141,0.077,2,14,0,0.168,0,0,0.070,0.6227,0,17.487,1.107,-5.136,-0.136,0.061,2,14,0,0.238,0,0,0.061,0.5785,0,2.448,1.210,0,0,0.239,20.000,0.000,0.000,0.000
99.0,19.304,-0.568,-5.028,-0.028,0.087,2,14,0,0.177,0,0,0.045,0.5474,0,19.578,2.860,-5.957,-0.957,0.035,2,14,0,0.181,0,0,0.018,0.6023,0,20.564,-3.326,-6.213,-1.213,0.050,2,14,0,0.164,0,0,0.067,0.6103,0,22.368,0.721,-6.088,-1.088,0.046,2,14,0,0.168,0,0,0.194,0.6227,0,17.497,1.128,-5.185,-0.185,0.010,2,14,0,0.165,0,0,0.081,0.5785,0,2.483,1.233,0,0,0.181,20.000,0.000,0.000,0.000
100.0,19.255,-0.618,-5.033,-0.033,0.055,2,14,0,0.147,0,0,0.085,0.5474,0,19.648,2.845,-5.958,-0.958,0.031,2,14,0,0.208,0,0,0.089,0.6023,0,20.687,-3.278,-6.128,-1.128,0.055,2,14,0,0.174,0,0,0.074,0.6103,0,22.297,0.683,-6.149,-1.149,0.076,2,14,0,0.171,0,0,0.144,0.6227,0,17.484,1.101,-5.138,-0.138,0.033,2,14,0,0.201,0,0,0.059,0.5785,0,2.471,1.202,0,0,0.208,20.000,0.000,0.000,0.000
101.0,19.169,-0.567,-4.980,0.020,0.028,2,14,0,0.150,0,0,0.108,0.5474,0,19.668,2.845,-5.963,-0.963,0.029,2,14,0,0.176,0,0,0.109,0.6023,0,20.767,-3.276,-6.233,-1.233,0.022,2,14,0,0.168,0,0,0.145,0.6103,0,22.293,0.570,-6.109,-1.109,0.092,2,14,0,0.168,0,0,0.031,0.6227,0,17.501,1.067,-5.131,-0.131,0.037,2,14,0,0.164,0,0,0.019,0.5785,0,2.339,1.178,0,0,0.176,20.000,0.000,0.000,0.000
102.0,19.244,-0.519,-4.971,0.029,0.042,2,14,0,0.151,0,0,0.034,0.5474,0,19.611,2.897,-6.018,-1.018,0.058,2,14,0,0.151,0,0,0.060,0.6023,0,20.815,-3.274,-6.184,-1.184,0.048,2,14,0,0.177,0,0,0.192,0.6103,0,22.166,0.517,-6.167,-1.167,0.065,2,14,0,0.146,0,0,0.133,0.6227,0,17.495,0.998,-5.086,-0.086,0.039,2,14,0,0.168,0,0,0.050,0.5785,0,2.319,1.114,0,0,0.177,20.000,0.000,0.000,0.000
103.0,19.278,-0.473,-5.038,-0.038,0.027,2,14,0,0.148,0,0,0.062,0.5474,0,19.579,2.822,-5.947,-0.947,0.059,2,14,0,0.184,0,0,0.046,0.6023,0,20.676,-3.290,-6.140,-1.140,0.116,2,14,0,0.165,0,0,0.061,0.6103,0,22.247,0.488,-6.209,-1.209,0.050,2,14,0,0.168,0,0,0.072,0.6227,0,17.525,0.970,-5.137,-0.137,0.008,2,14,0,0.137,0,0,0.082,0.5785,0,2.273,1.103,0,0,0.184,20.000,0.000,0.000,0.000
104.0,19.295,-0.474,-5.023,-0.023,0.024,2,14,0,0.147,0,0,0.065,0.5474,0,19.486,2.822,-5.943,-0.943,0.053,2,14,0,0.179,0,0,0.085,0.6023,0,20.536,-3.321,-6.140,-1.140,0.092,2,14,0,0.141,0,0,0.093,0.6103,0,22.345,0.489,-6.210,-1.210,0.040,2,14,0,0.142,0,0,0.070,0.6227,0,17.548,1.040,-5.138,-0.138,0.025,2,14,0,0.166,0,0,0.042,0.5785,0,2.315,1.175,0,0,0.179,20.000,0.000,0.000,0.000
105.0,19.231,-0.506,-5.028,-0.028,0.034,2,14,0,0.202,0,0,0.051,0.5474,0,19.429,2.840,-5.960,-0.960,0.021,2,14,0,0.180,0,0,0.135,0.6023,0,20.423,-3.376,-6.223,-1.223,0.035,2,14,0,0.136,0,0,0.212,0.6103,0,22.286,0.509,-6.180,-1.180,0.027,2,14,0,0.142,0,0,0.033,0.6227,0,17.510,1.051,-5.125,-0.125,0.029,2,14,0,0.138,0,0,0.006,0.5785,0,2.323,1.168,0,0,0.202,20.000,0.000,0.000,0.000
106.0,19.257,-0.542,-4.995,0.005,0.037,2,14,0,0.152,0,0,0.019,0.5474,0,19.483,2.900,-5.975,-0.975,0.058,2,14,0,0.175,0,0,0.086,0.6023,0,20.471,-3.400,-6.214,-1.214,0.072,2,14,0,0.139,0,0,0.176,0.6103,0,22.317,0.512,-6.144,-1.144,0.022,2,14,0,0.168,0,0,0.034,0.6227,0,17.433,1.033,-5.163,-0.163,0.011,2,14,0,0.167,0,0,0.075,0.5785,0,2.415,1.120,0,0,0.175,20.000,0.000,0.000,0.000
107.0,19.281,-0.582,-5.032,-0.032,0.024,2,14,0,0.178,0,0,0.048,0.5474,0,19.507,2.983,-5.971,-0.971,0.061,2,14,0,0.185,0,0,0.130,0.6023,0,20.542,-3.384,-6.157,-1.157,0.103,2,14,0,0.163,0,0,0.107,0.6103,0,22.349,0.530,-6.107,-1.107,0.025,2,14,0,0.207,0,0,0.053,0.6227,0,17.469,1.032,-5.140,-0.140,0.016,2,14,0,0.139,0,0,0.039,0.5785,0,2.430,1.134,0,0,0.207,20.000,0.000,0.000,0.000
108.0,19.287,-0.562,-4.988,0.012,0.014,2,14,0,0.156,0,0,0.030,0.5474,0,19.606,2.948,-5.956,-0.956,0.081,2,14,0,0.175,0,0,0.095,0.6023,0,20.685,-3.375,-6.200,-1.200,0.111,2,14,0,0.207,0,0,0.072,0.6103,0,22.331,0.555,-6.117,-1.117,0.027,2,14,0,0.144,0,0,0.037,0.6227,0,17.530,1.035,-5.095,-0.095,0.028,2,14,0,0.175,0,0,0.026,0.5785,0,2.377,1.163,0,0,0.207,20.000,0.000,0.000,0.000
109.0,19.259,-0.590,-4.985,0.015,0.019,2,14,0,0.173,0,0,0.058,0.5474,0,19.725,2.900,-5.910,-0.910,0.061,2,14,0,0.148,0,0,0.168,0.6023,0,20.774,-3.318,-6.204,-1.204,0.059,2,14,0,0.167,0,0,0.146,0.6103,0,22.361,0.544,-6.124,-1.124,0.016,2,14,0,0.141,0,0,0.063,0.6227,0,17.569,1.044,-5.134,-0.134,0.019,2,14,0,0.145,0,0,0.061,0.5785,0,2.356,1.189,0,0,0.173,20.000,0.000,0.000,0.000
110.0,19.308,-0.581,-5.028,-0.028,0.030,2,14,0,0.175,0,0,0.056,0.5474,0,19.688,2.834,-6.003,-1.003,0.075,2,14,0,0.171,0,0,0.131,0.6023,0,20.809,-3.268,-6.200,-1.200,0.037,2,14,0,0.147,0,0,0.187,0.6103,0,22.315,0.570,-6.099,-1.099,0.043,2,14,0,0.143,0,0,0.035,0.6227,0,17.530,1.068,-5.093,-0.093,0.024,2,14,0,0.140,0,0,0.031,0.5785,0,2.425,1.192,0,0,0.175,20.000,0.000,0.000,0.000
111.0,19.328,-0.559,-4.952,0.048,0.036,2,14,0,0.153,0,0,0.059,0.5474,0,19.583,2.749,-5.968,-0.968,0.089,2,14,0,0.214,0,0,0.117,0.6023,0,20.768,-3.217,-6.179,-1.179,0.084,2,14,0,0.173,0,0,0.176,0.6103,0,22.247,0.616,-6.177,-1.177,0.028,2,14,0,0.172,0,0,0.091,0.6227,0,17.476,1.113,-5.170,-0.170,0.032,2,14,0,0.172,0,0,0.069,0.5785,0,2.504,1.211,0,0,0.214,20.000,0.000,0.000,0.000
112.0,19.332,-0.513,-4.945,0.055,0.040,2,14,0,0.150,0,0,0.061,0.5474,0,19.471,2.774,-5.921,-0.921,0.072,2,14,0,0.168,0,0,0.128,0.6023,0,20.641,-3.246,-6.186,-1.186,0.114,2,14,0,0.169,0,0,0.081,0.6103,0,22.280,0.596,-6.156,-1.156,0.033,2,14,0,0.177,0,0,0.060,0.6227,0,17.428,1.097,-5.140,-0.140,0.026,2,14,0,0.164,0,0,0.093,0.5785,0,2.501,1.177,0,0,0.177,20.000,0.000,0.000,0.000
113.0,19.294,-0.470,-5.034,-0.034,0.047,2,14,0,0.181,0,0,0.067,0.5474,0,19.494,2.841,-5.890,-0.890,0.049,2,14,0,0.150,0,0,0.071,0.6023,0,20.524,-3.302,-6.214,-1.214,0.091,2,14,0,0.162,0,0,0.108,0.6103,0,22.247,0.580,-6.159,-1.159,0.033,2,14,0,0.210,0,0,0.064,0.6227,0,17.448,1.074,-5.152,-0.152,0.053,2,14,0,0.207,0,0,0.064,0.5785,0,2.410,1.164,0,0,0.210,20.000,0.000,0.000,0.000
114.0,19.244,-0.405,-4.989,0.011,0.040,2,14,0,0.156,0,0,0.133,0.5474,0,19.500,2.910,-5.904,-0.904,0.052,2,14,0,0.179,0,0,0.076,0.6023,0,20.443,-3.355,-6.231,-1.231,0.044,2,14,0,0.178,0,0,0.190,0.6103,0,22.182,0.542,-6.120,-1.120,0.041,2,14,0,0.170,0,0,0.115,0.6227,0,17.488,1.047,-5.210,-0.210,0.059,2,14,0,0.170,0,0,0.019,0.5785,0,2.289,1.155,0,0,0.179,20.000,0.000,0.000,0.000
115.0,19.250,-0.437,-4.975,0.025,0.064,2,14,0,0.175,0,0,0.103,0.5474,0,19.511,2.940,-5.991,-0.991,0.043,2,14,0,0.172,0,0,0.090,0.6023,0,20.508,-3.374,-6.253,-1.253,0.072,2,14,0,0.171,0,0,0.132,0.6103,0,22.244,0.491,-6.178,-1.178,0.061,2,14,0,0.171,0,0,0.072,0.6227,0,17.555,1.042,-5.134,-0.134,0.037,2,14,0,0.167,0,0,0.050,0.5785,0,2.255,1.180,0,0,0.175,20.000,0.000,0.000,0.000
116.0,19.312,-0.533,-4.958,0.042,0.084,2,14,0,0.177,0,0,0.038,0.5474,0,19.534,2.933,-5.987,-0.987,0.054,2,14,0,0.152,0,0,0.074,0.6023,0,20.587,-3.401,-6.186,-1.186,0.089,2,14,0,0.168,0,0,0.088,0.6103,0,22.304,0.496,-6.167,-1.167,0.047,2,14,0,0.147,0,0,0.044,0.6227,0,17.548,1.108,-5.137,-0.137,0.004,2,14,0,0.168,0,0,0.073,0.5785,0,2.415,1.236,0,0,0.177,20.000,0.000,0.000,0.000
117.0,19.287,-0.655,-4.984,0.016,0.061,2,14,0,0.179,0,0,0.121,0.5474,0,19.511,2.927,-5.965,-0.965,0.055,2,14,0,0.176,0,0,0.081,0.6023,0,20.683,-3.393,-6.213,-1.213,0.081,2,14,0,0.200,0,0,0.085,0.6103,0,22.348,0.491,-6.160,-1.160,0.029,2,14,0,0.147,0,0,0.070,0.6227,0,17.552,1.104,-5.169,-0.169,0.024,2,14,0,0.164,0,0,0.072,0.5785,0,2.478,1.234,0,0,0.200,20.000,0.000,0.000,0.000
118.0,19.220,-0.649,-5.002,-0.002,0.024,2,14,0,0.150,0,0,0.126,0.5474,0,19.606,2.875,-5.994,-0.994,0.076,2,14,0,0.208,0,0,0.045,0.6023,0,20.758,-3.366,-6.227,-1.227,0.054,2,14,0,0.169,0,0,0.135,0.6103,0,22.335,0.543,-6.196,-1.196,0.036,2,14,0,0.171,0,0,0.038,0.6227,0,17.477,1.084,-5.186,-0.186,0.053,2,14,0,0.145,0,0,0.046,0.5785,0,2.465,1.184,0,0,0.208,20.000,0.000,0.000,0.000
119.0,19.195,-0.598,-5.012,-0.012,0.059,2,14,0,0.178,0,0,0.103,0.5474,0,19.688,2.875,-6.005,-1.005,0.035,2,14,0,0.177,0,0,0.127,0.6023,0,20.722,-3.295,-6.179,-1.179,0.058,2,14,0,0.170,0,0,0.096,0.6103,0,22.334,0.595,-6.135,-1.135,0.024,2,14,0,0.199,0,0,0.066,0.6227,0,17.451,1.031,-5.113,-0.113,0.041,2,14,0,0.166,0,0,0.056,0.5785,0,2.389,1.126,0,0,0.199,20.000,0.000,0.000,0.000
120.0,19.206,-0.515,-5.008,-0.008,0.070,2,14,0,0.152,0,0,0.071,0.5474,0,19.687,2.843,-5.968,-0.968,0.050,2,14,0,0.150,0,0,0.127,0.6023,0,20.781,-3.221,-6.199,-1.199,0.045,2,14,0,0.214,0,0,0.183,0.6103,0,22.322,0.560,-6.149,-1.149,0.028,2,14,0,0.148,0,0,0.032,0.6227,0,17.458,0.919,-5.139,-0.139,0.033,2,14,0,0.170,0,0,0.137,0.5785,0,2.265,1.026,0,0,0.214,20.000,0.000,0.000,0.000
121.0,19.296,-0.466,-5.060,-0.060,0.062,2,14,0,0.143,0,0,0.070,0.5474,0,19.674,2.794,-5.958,-0.958,0.073,2,14,0,0.142,0,0,0.133,0.6023,0,20.580,-3.214,-6.224,-1.224,0.105,2,14,0,0.168,0,0,0.121,0.6103,0,22.392,0.498,-6.113,-1.113,0.027,2,14,0,0.180,0,0,0.104,0.6227,0,17.506,0.929,-5.131,-0.131,0.055,2,14,0,0.164,0,0,0.120,0.5785,0,2.270,1.058,0,0,0.180,20.000,0.000,0.000,0.000
122.0,19.311,-0.443,-4.999,0.001,0.021,2,14,0,0.151,0,0,0.099,0.5474,0,19.545,2.843,-5.958,-0.958,0.101,2,14,0,0.179,0,0,0.026,0.6023,0,20.474,-3.262,-6.215,-1.215,0.072,2,14,0,0.210,0,0,0.167,0.6103,0,22.332,0.523,-6.127,-1.127,0.058,2,14,0,0.223,0,0,0.040,0.6227,0,17.545,0.963,-5.176,-0.176,0.066,2,14,0,0.140,0,0,0.094,0.5785,0,2.265,1.106,0,0,0.223,20.000,0.000,0.000,0.000
123.0,19.298,-0.471,-5.024,-0.024,0.043,2,14,0,0.145,0,0,0.069,0.5474,0,19.443,2.855,-5.949,-0.949,0.056,2,14,0,0.152,0,0,0.118,0.6023,0,20.518,-3.305,-6.273,-1.273,0.061,2,14,0,0.167,0,0,0.112,0.6103,0,22.290,0.528,-6.117,-1.117,0.034,2,14,0,0.195,0,0,0.014,0.6227,0,17.546,1.017,-5.147,-0.147,0.070,2,14,0,0.166,0,0,0.050,0.5785,0,2.302,1.154,0,0,0.195,20.000,0.000,0.000,0.000
124.0,19.299,-0.521,-4.985,0.015,0.047,2,14,0,0.159,0,0,0.029,0.5474,0,19.397,2.870,-5.919,-0.919,0.019,2,14,0,0.153,0,0,0.165,0.6023,0,20.573,-3.337,-6.179,-1.179,0.088,2,14,0,0.144,0,0,0.058,0.6103,0,22.262,0.506,-6.143,-1.143,0.039,2,14,0,0.172,0,0,0.048,0.6227,0,17.521,1.074,-5.137,-0.137,0.057,2,14,0,0.167,0,0,0.029,0.5785,0,2.394,1.194,0,0,0.172,20.000,0.000,0.000,0.000
125.0,19.313,-0.532,-5.050,-0.050,0.028,2,14,0,0.151,0,0,0.040,0.5474,0,19.466,2.847,-5.923,-0.923,0.068,2,14,0,0.151,0,0,0.097,0.6023,0,20.642,-3.375,-6.190,-1.190,0.084,2,14,0,0.183,0,0,0.049,0.6103,0,22.266,0.555,-6.086,-1.086,0.018,2,14,0,0.145,0,0,0.035,0.6227,0,17.538,1.152,-5.153,-0.153,0.031,2,14,0,0.140,0,0,0.109,0.5785,0,2.448,1.272,0,0,0.183,20.000,0.000,0.000,0.000
126.0,19.338,-0.586,-4.977,0.023,0.024,2,14,0,0.177,0,0,0.079,0.5474,0,19.544,2.872,-5.912,-0.912,0.088,2,14,0,0.150,0,0,0.019,0.6023,0,20.695,-3.392,-6.198,-1.198,0.037,2,14,0,0.208,0,0,0.094,0.6103,0,22.263,0.626,-6.086,-1.086,0.019,2,14,0,0.198,0,0,0.093,0.6227,0,17.547,1.113,-5.125,-0.125,0.034,2,14,0,0.140,0,0,0.077,0.5785,0,2.474,1.240,0,0,0.208,20.000,0.000,0.000,0.000
127.0,19.278,-0.589,-4.954,0.046,0.044,2,14,0,0.177,0,0,0.054,0.5474,0,19.618,2.921,-5.978,-0.978,0.058,2,14,0,0.171,0,0,0.080,0.6023,0,20.654,-3.416,-6.143,-1.143,0.019,2,14,0,0.163,0,0,0.093,0.6103,0,22.313,0.587,-6.148,-1.148,0.037,2,14,0,0.169,0,0,0.050,0.6227,0,17.534,1.118,-5.139,-0.139,0.046,2,14,0,0.166,0,0,0.076,0.5785,0,2.447,1.239,0,0,0.177,20.000,0.000,0.000,0.000
128.0,19.242,-0.573,-4.948,0.052,0.034,2,14,0,0.174,0,0,0.050,0.5474,0,19.657,2.949,-5.979,-0.979,0.019,2,14,0,0.179,0,0,0.127,0.6023,0,20.591,-3.394,-6.164,-1.164,0.060,2,14,0,0.165,0,0,0.080,0.6103,0,22.314,0.545,-6.152,-1.152,0.040,2,14,0,0.143,0,0,0.018,0.6227,0,17.486,1.123,-5.130,-0.130,0.047,2,14,0,0.139,0,0,0.078,0.5785,0,2.447,1.223,0,0,0.179,20.000,0.000,0.000,0.000
129.0,19.195,-0.569,-5.009,-0.009,0.027,2,14,0,0.178,0,0,0.082,0.5474,0,19.654,2.906,-5.991,-0.991,0.054,2,14,0,0.176,0,0,0.102,0.6023,0,20.631,-3.320,-6.226,-1.226,0.059,2,14,0,0.167,0,0,0.005,0.6103,0,22.310,0.520,-6.149,-1.149,0.025,2,14,0,0.177,0,0,0.023,0.6227,0,17.387,1.089,-5.136,-0.136,0.056,2,14,0,0.167,0,0,0.126,0.5785,0,2.457,1.156,0,0,0.178,20.000,0.000,0.000,0.000
130.0,19.164,-0.529,-5.009,-0.009,0.041,2,14,0,0.146,0,0,0.109,0.5474,0,19.627,2.819,-5.994,-0.994,0.065,2,14,0,0.149,0,0,0.080,0.6023,0,20.693,-3.264,-6.272,-1.272,0.041,2,14,0,0.170,0,0,0.088,0.6103,0,22.231,0.488,-6.169,-1.169,0.018,2,14,0,0.142,0,0,0.083,0.6227,0,17.307,1.043,-5.094,-0.094,0.064,2,14,0,0.139,0,0,0.200,0.5785,0,2.434,1.087,0,0,0.170,20.000,0.000,0.000,0.000
131.0,19.156,-0.477,-5.009,-0.009,0.063,2,14,0,0.175,0,0,0.134,0.5474,0,19.575,2.818,-5.968,-0.968,0.051,2,14,0,0.156,0,0,0.048,0.6023,0,20.641,-3.242,-6.259,-1.259,0.020,2,14,0,0.146,0,0,0.084,0.6103,0,22.261,0.517,-6.121,-1.121,0.030,2,14,0,0.140,0,0,0.043,0.6227,0,17.418,0.979,-5.137,-0.137,0.105,2,14,0,0.277,0,0,0.113,0.5785,0,2.271,1.064,0,0,0.277,20.000,0.000,0.000,0.000
132.0,19.254,-0.519,-4.977,0.023,0.083,2,14,0,0.172,0,0,0.028,0.5474,0,19.485,2.792,-5.970,-0.970,0.044,2,14,0,0.185,0,0,0.105,0.6023,0,20.673,-3.263,-6.238,-1.238,0.039,2,14,0,0.169,0,0,0.076,0.6103,0,22.273,0.552,-6.120,-1.120,0.035,2,14,0,0.144,0,0,0.027,0.6227,0,17.548,0.959,-5.113,-0.113,0.099,2,14,0,0.165,0,0,0.096,0.5785,0,2.261,1.104,0,0,0.185,20.000,0.000,0.000,0.000
133.0,19.397,-0.585,-5.024,-0.024,0.061,2,14,0,0.177,0,0,0.130,0.5474,0,19.490,2.840,-6.011,-1.011,0.044,2,14,0,0.175,0,0,0.074,0.6023,0,20.585,-3.296,-6.231,-1.231,0.055,2,14,0,0.167,0,0,0.053,0.6103,0,22.310,0.581,-6.142,-1.142,0.031,2,14,0,0.168,0,0,0.043,0.6227,0,17.672,0.990,-5.160,-0.160,0.066,2,14,0,0.165,0,0,0.174,0.5785,0,2.340,1.197,0,0,0.177,20.000,0.000,0.000,0.000
134.0,19.500,-0.583,-5.027,-0.027,0.015,2,14,0,0.148,0,0,0.230,0.5474,0,19.454,2.882,-6.026,-1.026,0.044,2,14,0,0.156,0,0,0.109,0.6023,0,20.595,-3.311,-6.182,-1.182,0.024,2,14,0,0.140,0,0,0.037,0.6103,0,22.382,0.571,-6.098,-1.098,0.021,2,14,0,0.177,0,0,0.090,0.6227,0,17.638,1.045,-5.160,-0.160,0.068,2,14,0,0.164,0,0,0.134,0.5785,0,2.476,1.224,0,0,0.177,20.000,0.000,0.000,0.000
135.0,19.409,-0.577,-5.031,-0.031,0.102,2,14,0,0.319,0,0,0.144,0.5474,0,19.470,2.880,-5.964,-0.964,0.060,2,14,0,0.153,0,0,0.093,0.6023,0,20.591,-3.342,-6.173,-1.173,0.029,2,14,0,0.162,0,0,0.042,0.6103,0,22.419,0.556,-6.113,-1.113,0.022,2,14,0,0.144,0,0,0.123,0.6227,0,17.556,1.151,-5.079,-0.079,0.070,2,14,0,0.135,0,0,0.113,0.5785,0,2.534,1.278,0,0,0.319,20.000,0.000,0.000,0.000
136.0,19.267,-0.588,-5.018,-0.018,0.113,2,14,0,0.174,0,0,0.055,0.5474,0,19.539,2.896,-5.938,-0.938,0.065,2,14,0,0.139,0,0,0.038,0.6023,0,20.672,-3.409,-6.174,-1.174,0.030,2,14,0,0.173,0,0,0.092,0.6103,0,22.352,0.554,-6.227,-1.227,0.064,2,14,0,0.148,0,0,0.057,0.6227,0,17.546,1.135,-5.107,-0.107,0.064,2,14,0,0.166,0,0,0.098,0.5785,0,2.437,1.259,0,0,0.174,20.000,0.000,0.000,0.000
137.0,19.169,-0.517,-5.044,-0.044,0.074,2,14,0,0.172,0,0,0.105,0.5474,0,19.681,2.889,-5.958,-0.958,0.059,2,14,0,0.171,0,0,0.122,0.6023,0,20.694,-3.440,-6.233,-1.233,0.027,2,14,0,0.146,0,0,0.132,0.6103,0,22.302,0.494,-6.173,-1.173,0.054,2,14,0,0.154,0,0,0.045,0.6227,0,17.523,1.100,-5.176,-0.176,0.065,2,14,0,0.143,0,0,0.055,0.5785,0,2.311,1.218,0,0,0.172,20.000,0.000,0.000,0.000
138.0,19.130,-0.465,-5.016,-0.016,0.017,2,14,0,0.255,0,0,0.161,0.5474,0,19.630,2.822,-5.931,-0.931,0.032,2,14,0,0.208,0,0,0.081,0.6023,0,20.666,-3.365,-6.186,-1.186,0.067,2,14,0,0.143,0,0,0.056,0.6103,0,22.236,0.524,-6.142,-1.142,0.045,2,14,0,0.170,0,0,0.064,0.6227,0,17.439,1.051,-5.137,-0.137,0.069,2,14,0,0.204,0,0,0.067,0.5785,0,2.275,1.139,0,0,0.255,20.000,0.000,0.000,0.000
139.0,19.152,-0.541,-4.934,0.066,0.067,2,14,0,0.181,0,0,0.126,0.5474,0,19.635,2.795,-5.966,-0.966,0.025,2,14,0,0.155,0,0,0.101,0.6023,0,20.584,-3.315,-6.235,-1.235,0.056,2,14,0,0.166,0,0,0.046,0.6103,0,22.169,0.544,-6.156,-1.156,0.007,2,14,0,0.185,0,0,0.129,0.6227,0,17.425,0.990,-5.157,-0.157,0.031,2,14,0,0.168,0,0,0.100,0.5785,0,2.318,1.077,0,0,0.185,20.000,0.000,0.000,0.000
140.0,19.278,-0.541,-4.963,0.037,0.083,2,14,0,0.150,0,0,0.008,0.5474,0,19.662,2.816,-5.903,-0.903,0.056,2,14,0,0.207,0,0,0.112,0.6023,0,20.561,-3.279,-6.229,-1.229,0.022,2,14,0,0.189,0,0,0.082,0.6103,0,22.252,0.541,-6.201,-1.201,0.053,2,14,0,0.202,0,0,0.045,0.6227,0,17.516,0.959,-5.156,-0.156,0.040,2,14,0,0.136,0,0,0.090,0.5785,0,2.322,1.089,0,0,0.207,20.000,0.000,0.000,0.000
141.0,19.346,-0.516,-5.008,-0.008,0.052,2,14,0,0.156,0,0,0.074,0.5474,0,19.619,2.888,-5.970,-0.970,0.068,2,14,0,0.148,0,0,0.063,0.6023,0,20.576,-3.281,-6.243,-1.243,0.030,2,14,0,0.171,0,0,0.070,0.6103,0,22.230,0.530,-6.130,-1.130,0.038,2,14,0,0.143,0,0,0.068,0.6227,0,17.518,0.987,-5.244,-0.244,0.041,2,14,0,0.249,0,0,0.063,0.5785,0,2.378,1.115,0,0,0.249,20.000,0.000,0.000,0.000
142.0,19.403,-0.544,-4.994,0.006,0.009,2,14,0,0.150,0,0,0.129,0.5474,0,19.588,2.919,-5.979,-0.979,0.065,2,14,0,0.176,0,0,0.061,0.6023,0,20.609,-3.267,-6.197,-1.197,0.039,2,14,0,0.176,0,0,0.062,0.6103,0,22.302,0.506,-6.122,-1.122,0.048,2,14,0,0.146,0,0,0.033,0.6227,0,17.543,1.058,-5.196,-0.196,0.045,2,14,0,0.166,0,0,0.037,0.5785,0,2.464,1.189,0,0,0.176,20.000,0.000,0.000,0.000
143.0,19.303,-0.595,-4.908,0.092,0.055,2,14,0,0.153,0,0,0.067,0.5474,0,19.449,2.896,-5.974,-0.974,0.051,2,14,0,0.177,0,0,0.116,0.6023,0,20.669,-3.308,-6.154,-1.154,0.041,2,14,0,0.274,0,0,0.043,0.6103,0,22.290,0.538,-6.088,-1.088,0.030,2,14,0,0.172,0,0,0.008,0.6227,0,17.472,1.086,-5.141,-0.141,0.030,2,14,0,0.154,0,0,0.051,0.5785,0,2.497,1.185,0,0,0.274,20.000,0.000,0.000,0.000
144.0,19.233,-0.557,-4.989,0.011,0.062,2,14,0,0.175,0,0,0.045,0.5474,0,19.429,2.909,-5.901,-0.901,0.025,2,14,0,0.173,0,0,0.139,0.6023,0,20.682,-3.293,-6.130,-1.130,0.020,2,14,0,0.174,0,0,0.061,0.6103,0,22.329,0.549,-6.101,-1.101,0.030,2,14,0,0.207,0,0,0.033,0.6227,0,17.475,1.111,-5.094,-0.094,0.012,2,14,0,0.168,0,0,0.071,0.5785,0,2.426,1.208,0,0,0.207,20.000,0.000,0.000,0.000
145.0,19.166,-0.499,-5.086,-0.086,0.025,2,14,0,0.175,0,0,0.113,0.5474,0,19.471,2.879,-5.933,-0.933,0.065,2,14,0,0.173,0,0,0.092,0.6023,0,20.643,-3.323,-6.173,-1.173,0.026,2,14,0,0.141,0,0,0.014,0.6103,0,22.334,0.558,-6.166,-1.166,0.006,2,14,0,0.146,0,0,0.041,0.6227,0,17.562,1.125,-5.126,-0.126,0.029,2,14,0,0.169,0,0,0.095,0.5785,0,2.283,1.257,0,0,0.175,20.000,0.000,0.000,0.000
146.0,19.194,-0.520,-5.005,-0.005,0.050,2,14,0,0.179,0,0,0.083,0.5474,0,19.534,2.824,-5.982,-0.982,0.077,2,14,0,0.181,0,0,0.050,0.6023,0,20.582,-3.307,-6.190,-1.190,0.017,2,14,0,0.173,0,0,0.051,0.6103,0,22.392,0.553,-6.176,-1.176,0.020,2,14,0,0.152,0,0,0.096,0.6227,0,17.562,1.098,-5.138,-0.138,0.039,2,14,0,0.167,0,0,0.076,0.5785,0,2.302,1.233,0,0,0.181,20.000,0.000,0.000,0.000
147.0,19.207,-0.528,-5.038,-0.038,0.057,2,14,0,0.147,0,0,0.071,0.5474,0,19.679,2.797,-5.912,-0.912,0.054,2,14,0,0.273,0,0,0.136,0.6023,0,20.591,-3.328,-6.197,-1.197,0.019,2,14,0,0.142,0,0,0.040,0.6103,0,22.391,0.544,-6.132,-1.132,0.047,2,14,0,0.170,0,0,0.094,0.6227,0,17.506,1.100,-5.099,-0.099,0.050,2,14,0,0.144,0,0,0.053,0.5785,0,2.356,1.211,0,0,0.273,20.000,0.000,0.000,0.000
148.0,19.331,-0.516,-5.052,-0.052,0.067,2,14,0,0.177,0,0,0.058,0.5474,0,19.675,2.797,-5.934,-0.934,0.026,2,14,0,0.173,0,0,0.133,0.6023,0,20.661,-3.340,-6.209,-1.209,0.030,2,14,0,0.144,0,0,0.034,0.6103,0,22.366,0.526,-6.079,-1.079,0.071,2,14,0,0.169,0,0,0.071,0.6227,0,17.476,1.018,-5.101,-0.101,0.055,2,14,0,0.165,0,0,0.041,0.5785,0,2.407,1.123,0,0,0.177,20.000,0.000,0.000,0.000
149.0,19.403,-0.427,-5.019,-0.019,0.011,2,14,0,0.148,0,0,0.167,0.5474,0,19.585,2.841,-5.954,-0.954,0.074,2,14,0,0.173,0,0,0.033,0.6023,0,20.687,-3.370,-6.214,-1.214,0.005,2,14,0,0.145,0,0,0.072,0.6103,0,22.294,0.529,-6.144,-1.144,0.063,2,14,0,0.199,0,0,0.011,0.6227,0,17.467,0.990,-5.121,-0.121,0.024,2,14,0,0.164,0,0,0.071,0.5785,0,2.401,1.094,0,0,0.199,20.000,0.000,0.000,0.000
150.0,19.385,-0.423,-5.018,-0.018,0.072,2,14,0,0.148,0,0,0.160,0.5474,0,19.579,2.922,-5.973,-0.973,0.061,2,14,0,0.172,0,0,0.060,0.6023,0,20.649,-3.370,-6.204,-1.204,0.027,2,14,0,0.220,0,0,0.049,0.6103,0,22.220,0.600,-6.146,-1.146,0.048,2,14,0,0.181,0,0,0.097,0.6227,0,17.559,0.963,-5.171,-0.171,0.020,2,14,0,0.167,0,0,0.099,0.5785,0,2.297,1.114,0,0,0.220,20.000,0.000,0.000,0.000
151.0,19.319,-0.492,-4.989,0.011,0.102,2,14,0,0.174,0,0,0.066,0.5474,0,19.567,2.980,-5.929,-0.929,0.034,2,14,0,0.148,0,0,0.116,0.6023,0,20.627,-3.358,-6.161,-1.161,0.036,2,14,0,0.173,0,0,0.033,0.6103,0,22.126,0.582,-6.145,-1.145,0.022,2,14,0,0.143,0,0,0.178,0.6227,0,17.517,1.004,-5.147,-0.147,0.044,2,14,0,0.168,0,0,0.048,0.5785,0,2.348,1.129,0,0,0.174,20.000,0.000,0.000,0.000
152.0,19.237,-0.579,-5.014,-0.014,0.086,2,14,0,0.149,0,0,0.056,0.5474,0,19.566,2.969,-5.901,-0.901,0.038,2,14,0,0.224,0,0,0.105,0.6023,0,20.606,-3.334,-6.197,-1.197,0.037,2,14,0,0.166,0,0,0.025,0.6103,0,22.164,0.520,-6.128,-1.128,0.079,2,14,0,0.168,0,0,0.135,0.6227,0,17.507,1.051,-5.142,-0.142,0.035,2,14,0,0.169,0,0,0.002,0.5785,0,2.380,1.167,0,0,0.224,20.000,0.000,0.000,0.000
153.0,19.195,-0.621,-4.978,0.022,0.021,2,14,0,0.148,0,0,0.118,0.5474,0,19.542,2.849,-5.953,-0.953,0.075,2,14,0,0.177,0,0,0.023,0.6023,0,20.587,-3.338,-6.230,-1.230,0.021,2,14,0,0.187,0,0,0.045,0.6103,0,22.250,0.536,-6.111,-1.111,0.097,2,14,0,0.237,0,0,0.049,0.6227,0,17.528,1.092,-5.160,-0.160,0.016,2,14,0,0.141,0,0,0.049,0.5785,0,2.397,1.213,0,0,0.237,20.000,0.000,0.000,0.000
154.0,19.219,-0.637,-4.990,0.010,0.027,2,14,0,0.151,0,0,0.116,0.5474,0,19.518,2.770,-5.985,-0.985,0.042,2,14,0,0.216,0,0,0.103,0.6023,0,20.634,-3.278,-6.190,-1.190,0.031,2,14,0,0.143,0,0,0.046,0.6103,0,22.392,0.508,-6.219,-1.219,0.075,2,14,0,0.167,0,0,0.100,0.6227,0,17.486,1.134,-5.178,-0.178,0.013,2,14,0,0.169,0,0,0.089,0.5785,0,2.484,1.234,0,0,0.216,20.000,0.000,0.000,0.000
155.0,19.301,-0.548,-5.043,-0.043,0.065,2,14,0,0.179,0,0,0.030,0.5474,0,19.488,2.733,-5.994,-0.994,0.020,2,14,0,0.175,0,0,0.151,0.6023,0,20.731,-3.277,-6.178,-1.178,0.027,2,14,0,0.171,0,0,0.112,0.6103,0,22.426,0.526,-6.124,-1.124,0.024,2,14,0,0.146,0,0,0.130,0.6227,0,17.545,1.057,-5.128,-0.128,0.041,2,14,0,0.166,0,0,0.041,0.5785,0,2.380,1.189,0,0,0.179,20.000,0.000,0.000,0.000
156.0,19.302,-0.476,-5.028,-0.028,0.034,2,14,0,0.178,0,0,0.066,0.5474,0,19.539,2.810,-5.945,-0.945,0.080,2,14,0,0.178,0,0,0.059,0.6023,0,20.731,-3.318,-6.223,-1.223,0.043,2,14,0,0.146,0,0,0.102,0.6103,0,22.361,0.514,-6.131,-1.131,0.041,2,14,0,0.172,0,0,0.069,0.6227,0,17.490,0.988,-5.117,-0.117,0.038,2,14,0,0.169,0,0,0.061,0.5785,0,2.331,1.103,0,0,0.178,20.000,0.000,0.000,0.000
157.0,19.291,-0.465,-4.979,0.021,0.001,2,14,0,0.160,0,0,0.071,0.5474,0,19.556,2.869,-5.925,-0.925,0.065,2,14,0,0.210,0,0,0.006,0.6023,0,20.663,-3.323,-6.223,-1.223,0.062,2,14,0,0.143,0,0,0.034,0.6103,0,22.355,0.512,-6.168,-1.168,0.042,2,14,0,0.184,0,0,0.064,0.6227,0,17.475,0.994,-5.125,-0.125,0.007,2,14,0,0.167,0,0,0.065,0.5785,0,2.334,1.101,0,0,0.210,20.000,0.000,0.000,0.000
158.0,19.291,-0.458,-4.984,0.016,0.030,2,14,0,0.153,0,0,0.079,0.5474,0,19.585,2.885,-5.970,-0.970,0.037,2,14,0,0.176,0,0,0.032,0.6023,0,20.539,-3.303,-6.211,-1.211,0.057,2,14,0,0.167,0,0,0.091,0.6103,0,22.331,0.519,-6.107,-1.107,0.058,2,14,0,0.172,0,0,0.039,0.6227,0,17.432,1.070,-5.163,-0.163,0.030,2,14,0,0.168,0,0,0.076,0.5785,0,2.413,1.154,0,0,0.176,20.000,0.000,0.000,0.000
159.0,19.252,-0.478,-4.974,0.026,0.049,2,14,0,0.219,0,0,0.062,0.5474,0,19.627,2.882,-6.029,-1.029,0.009,2,14,0,0.148,0,0,0.068,0.6023,0,20.566,-3.323,-6.200,-1.200,0.016,2,14,0,0.169,0,0,0.066,0.6103,0,22.316,0.515,-6.080,-1.080,0.052,2,14,0,0.195,0,0,0.031,0.6227,0,17.379,1.109,-5.143,-0.143,0.033,2,14,0,0.138,0,0,0.143,0.5785,0,2.461,1.172,0,0,0.219,20.000,0.000,0.000,0.000
160.0,19.243,-0.497,-4.950,0.050,0.053,2,14,0,0.175,0,0,0.050,0.5474,0,19.684,2.897,-5.990,-0.990,0.021,2,14,0,0.222,0,0,0.126,0.6023,0,20.550,-3.374,-6.183,-1.183,0.026,2,14,0,0.165,0,0,0.093,0.6103,0,22.286,0.536,-6.156,-1.156,0.051,2,14,0,0.141,0,0,0.012,0.6227,0,17.502,1.064,-5.109,-0.109,0.070,2,14,0,0.166,0,0,0.019,0.5785,0,2.344,1.176,0,0,0.222,20.000,0.000,0.000,0.000
161.0,19.244,-0.595,-4.976,0.024,0.054,2,14,0,0.179,0,0,0.065,0.5474,0,19.625,2.896,-5.960,-0.960,0.062,2,14,0,0.149,0,0,0.071,0.6023,0,20.581,-3.393,-6.209,-1.209,0.041,2,14,0,0.146,0,0,0.084,0.6103,0,22.228,0.515,-6.204,-1.204,0.026,2,14,0,0.178,0,0,0.074,0.6227,0,17.560,1.013,-5.168,-0.168,0.057,2,14,0,0.145,0,0,0.060,0.5785,0,2.337,1.158,0,0,0.179,20.000,0.000,0.000,0.000
162.0,19.254,-0.628,-4.959,0.041,0.027,2,14,0,0.208,0,0,0.096,0.5474,0,19.517,2.868,-5.919,-0.919,0.073,2,14,0,0.151,0,0,0.044,0.6023,0,20.715,-3.353,-6.197,-1.197,0.063,2,14,0,0.199,0,0,0.089,0.6103,0,22.196,0.532,-6.096,-1.096,0.017,2,14,0,0.172,0,0,0.101,0.6227,0,17.634,0.981,-5.194,-0.194,0.008,2,14,0,0.145,0,0,0.144,0.5785,0,2.295,1.168,0,0,0.208,20.000,0.000,0.000,0.000
163.0,19.248,-0.624,-5.014,-0.014,0.038,2,14,0,0.175,0,0,0.094,0.5474,0,19.427,2.906,-5.943,-0.943,0.038,2,14,0,0.167,0,0,0.140,0.6023,0,20.679,-3.300,-6.200,-1.200,0.039,2,14,0,0.176,0,0,0.057,0.6103,0,22.221,0.531,-6.131,-1.131,0.059,2,14,0,0.176,0,0,0.077,0.6227,0,17.620,0.962,-5.147,-0.147,0.050,2,14,0,0.202,0,0,0.144,0.5785,0,2.277,1.144,0,0,0.202,20.000,0.000,0.000,0.000
164.0,19.340,-0.558,-5.055,-0.055,0.066,2,14,0,0.175,0,0,0.070,0.5474,0,19.385,2.890,-5.950,-0.950,0.039,2,14,0,0.146,0,0,0.177,0.6023,0,20.673,-3.255,-6.186,-1.186,0.016,2,14,0,0.169,0,0,0.083,0.6103,0,22.326,0.566,-6.143,-1.143,0.073,2,14,0,0.204,0,0,0.038,0.6227,0,17.532,1.028,-5.185,-0.185,0.096,2,14,0,0.170,0,0,0.034,0.5785,0,2.409,1.158,0,0,0.204,20.000,0.000,0.000,0.000
165.0,19.322,-0.475,-5.042,-0.042,0.056,2,14,0,0.172,0,0,0.075,0.5474,0,19.488,2.905,-5.965,-0.965,0.104,2,14,0,0.180,0,0,0.083,0.6023,0,20.622,-3.300,-6.262,-1.262,0.040,2,14,0,0.142,0,0,0.027,0.6103,0,22.352,0.584,-6.107,-1.107,0.021,2,14,0,0.171,0,0,0.070,0.6227,0,17.407,1.129,-5.167,-0.167,0.080,2,14,0,0.179,0,0,0.126,0.5785,0,2.501,1.200,0,0,0.180,20.000,0.000,0.000,0.000
166.0,19.346,-0.411,-4.994,0.006,0.021,2,14,0,0.185,0,0,0.142,0.5474,0,19.641,2.854,-5.921,-0.921,0.099,2,14,0,0.181,0,0,0.079,0.6023,0,20.610,-3.301,-6.242,-1.242,0.020,2,14,0,0.143,0,0,0.031,0.6103,0,22.369,0.581,-6.117,-1.117,0.017,2,14,0,0.149,0,0,0.083,0.6227,0,17.320,1.136,-5.124,-0.124,0.017,2,14,0,0.168,0,0,0.207,0.5785,0,2.553,1.181,0,0,0.185,20.000,0.000,0.000,0.000
167.0,19.345,-0.434,-5.022,-0.022,0.063,2,14,0,0.179,0,0,0.125,0.5474,0,19.719,2.787,-5.933,-0.933,0.033,2,14,0,0.153,0,0,0.176,0.6023,0,20.586,-3.332,-6.252,-1.252,0.019,2,14,0,0.142,0,0,0.045,0.6103,0,22.345,0.581,-6.117,-1.117,0.032,2,14,0,0.169,0,0,0.063,0.6227,0,17.445,1.045,-5.121,-0.121,0.089,2,14,0,0.167,0,0,0.064,0.5785,0,2.409,1.135,0,0,0.179,20.000,0.000,0.000,0.000
168.0,19.316,-0.551,-5.032,-0.032,0.098,2,14,0,0.175,0,0,0.044,0.5474,0,19.686,2.790,-5.963,-0.963,0.050,2,14,0,0.150,0,0,0.146,0.6023,0,20.611,-3.340,-6.168,-1.168,0.006,2,14,0,0.243,0,0,0.024,0.6103,0,22.348,0.578,-6.154,-1.154,0.042,2,14,0,0.147,0,0,0.064,0.6227,0,17.522,1.044,-5.110,-0.110,0.066,2,14,0,0.141,0,0,0.017,0.5785,0,2.401,1.167,0,0,0.243,20.000,0.000,0.000,0.000
169.0,19.239,-0.644,-5.009,-0.009,0.071,2,14,0,0.180,0,0,0.115,0.5474,0,19.613,2.857,-5.938,-0.938,0.093,2,14,0,0.179,0,0,0.053,0.6023,0,20.617,-3.312,-6.186,-1.186,0.013,2,14,0,0.208,0,0,0.020,0.6103,0,22.267,0.513,-6.167,-1.167,0.064,2,14,0,0.204,0,0,0.040,0.6227,0,17.585,1.008,-5.105,-0.105,0.040,2,14,0,0.140,0,0,0.089,0.5785,0,2.339,1.165,0,0,0.208,20.000,0.000,0.000,0.000
170.0,19.172,-0.605,-5.000,-0.000,0.035,2,14,0,0.182,0,0,0.125,0.5474,0,19.496,2.908,-5.914,-0.914,0.077,2,14,0,0.177,0,0,0.077,0.6023,0,20.654,-3.348,-6.157,-1.157,0.012,2,14,0,0.168,0,0,0.034,0.6103,0,22.189,0.408,-6.151,-1.151,0.035,2,14,0,0.148,0,0,0.170,0.6227,0,17.596,1.026,-5.091,-0.091,0.011,2,14,0,0.142,0,0,0.092,0.5785,0,2.270,1.186,0,0,0.182,20.000,0.000,0.000,0.000
171.0,19.111,-0.523,-4.973,0.027,0.059,2,14,0,0.180,0,0,0.164,0.5474,0,19.508,2.918,-5.991,-0.991,0.006,2,14,0,0.165,0,0,0.076,0.6023,0,20.650,-3.356,-6.188,-1.188,0.007,2,14,0,0.141,0,0,0.037,0.6103,0,22.230,0.431,-6.139,-1.139,0.055,2,14,0,0.181,0,0,0.129,0.6227,0,17.533,1.043,-5.120,-0.120,0.045,2,14,0,0.141,0,0,0.027,0.5785,0,2.228,1.171,0,0,0.181,20.000,0.000,0.000,0.000
172.0,19.199,-0.502,-5.027,-0.027,0.079,2,14,0,0.151,0,0,0.082,0.5474,0,19.526,2.853,-5.950,-0.950,0.023,2,14,0,0.166,0,0,0.037,0.6023,0,20.644,-3.356,-6.239,-1.239,0.013,2,14,0,0.170,0,0,0.033,0.6103,0,22.350,0.529,-6.138,-1.138,0.084,2,14,0,0.174,0,0,0.054,0.6227,0,17.506,1.074,-5.150,-0.150,0.041,2,14,0,0.143,0,0,0.025,0.5785,0,2.316,1.187,0,0,0.174,20.000,0.000,0.000,0.000
173.0,19.286,-0.503,-4.996,0.004,0.073,2,14,0,0.144,0,0,0.033,0.5474,0,19.519,2.857,-5.976,-0.976,0.010,2,14,0,0.172,0,0,0.042,0.6023,0,20.631,-3.292,-6.196,-1.196,0.031,2,14,0,0.210,0,0,0.033,0.6103,0,22.365,0.611,-6.189,-1.189,0.053,2,14,0,0.180,0,0,0.098,0.6227,0,17.468,1.133,-5.138,-0.138,0.031,2,14,0,0.144,0,0,0.093,0.5785,0,2.450,1.226,0,0,0.210,20.000,0.000,0.000,0.000
174.0,19.359,-0.497,-4.992,0.008,0.047,2,14,0,0.147,0,0,0.091,0.5474,0,19.514,2.847,-5.898,-0.898,0.032,2,14,0,0.172,0,0,0.050,0.6023,0,20.629,-3.350,-6.241,-1.241,0.012,2,14,0,0.153,0,0,0.025,0.6103,0,22.310,0.617,-6.119,-1.119,0.027,2,14,0,0.187,0,0,0.078,0.6227,0,17.449,1.066,-5.133,-0.133,0.037,2,14,0,0.208,0,0,0.059,0.5785,0,2.472,1.156,0,0,0.208,20.000,0.000,0.000,0.000
175.0,19.426,-0.547,-5.002,-0.002,0.030,2,14,0,0.151,0,0,0.152,0.5474,0,19.575,2.853,-5.906,-0.906,0.031,2,14,0,0.142,0,0,0.018,0.6023,0,20.609,-3.354,-6.213,-1.213,0.011,2,14,0,0.149,0,0,0.035,0.6103,0,22.331,0.600,-6.187,-1.187,0.036,2,14,0,0.181,0,0,0.070,0.6227,0,17.486,0.987,-5.087,-0.087,0.041,2,14,0,0.166,0,0,0.063,0.5785,0,2.474,1.100,0,0,0.181,20.000,0.000,0.000,0.000
176.0,19.371,-0.511,-4.976,0.024,0.062,2,14,0,0.154,0,0,0.101,0.5474,0,19.581,2.841,-5.935,-0.935,0.015,2,14,0,0.190,0,0,0.030,0.6023,0,20.663,-3.334,-6.159,-1.159,0.014,2,14,0,0.140,0,0,0.035,0.6103,0,22.330,0.531,-6.123,-1.123,0.044,2,14,0,0.173,0,0,0.034,0.6227,0,17.530,0.995,-5.186,-0.186,0.016,2,14,0,0.165,0,0,0.058,0.5785,0,2.388,1.128,0,0,0.190,20.000,0.000,0.000,0.000
177.0,19.281,-0.524,-4.900,0.100,0.081,2,14,0,0.175,0,0,0.013,0.5474,0,19.587,2.840,-5.965,-0.965,0.014,2,14,0,0.189,0,0,0.035,0.6023,0,20.599,-3.367,-6.222,-1.222,0.023,2,14,0,0.141,0,0,0.052,0.6103,0,22.315,0.483,-6.157,-1.157,0.035,2,14,0,0.175,0,0,0.059,0.6227,0,17.548,1.036,-5.141,-0.141,0.028,2,14,0,0.197,0,0,0.042,0.5785,0,2.344,1.172,0,0,0.197,20.000,0.000,0.000,0.000
178.0,19.226,-0.555,-5.006,-0.006,0.040,2,14,0,0.155,0,0,0.052,0.5474,0,19.679,2.859,-5.942,-0.942,0.023,2,14,0,0.152,0,0,0.118,0.6023,0,20.600,-3.374,-6.219,-1.219,0.018,2,14,0,0.143,0,0,0.058,0.6103,0,22.291,0.460,-6.190,-1.190,0.014,2,14,0,0.172,0,0,0.080,0.6227,0,17.496,1.054,-5.139,-0.139,0.027,2,14,0,0.142,0,0,0.012,0.5785,0,2.366,1.165,0,0,0.172,20.000,0.000,0.000,0.000
179.0,19.188,-0.549,-4.986,0.014,0.009,2,14,0,0.143,0,0,0.086,0.5474,0,19.579,2.904,-6.009,-1.009,0.064,2,14,0,0.213,0,0,0.044,0.6023,0,20.605,-3.304,-6.170,-1.170,0.044,2,14,0,0.213,0,0,0.032,0.6103,0,22.309,0.506,-6.122,-1.122,0.031,2,14,0,0.171,0,0,0.036,0.6227,0,17.469,1.020,-5.159,-0.159,0.012,2,14,0,0.162,0,0,0.047,0.5785,0,2.334,1.123,0,0,0.213,20.000,0.000,0.000,0.000
180.0,19.206,-0.563,-5.050,-0.050,0.031,2,14,0,0.186,0,0,0.074,0.5474,0,19.525,2.914,-5.936,-0.936,0.040,2,14,0,0.149,0,0,0.061,0.6023,0,20.661,-3.269,-6.186,-1.186,0.020,2,14,0,0.143,0,0,0.065,0.6103,0,22.273,0.556,-6.138,-1.138,0.039,2,14,0,0.172,0,0,0.030,0.6227,0,17.498,1.057,-5.146,-0.146,0.023,2,14,0,0.148,0,0,0.012,0.5785,0,2.356,1.169,0,0,0.186,20.000,0.000,0.000,0.000
181.0,19.263,-0.598,-5.036,-0.036,0.050,2,14,0,0.157,0,0,0.065,0.5474,0,19.510,2.905,-5.935,-0.935,0.019,2,14,0,0.191,0,0,0.065,0.6023,0,20.646,-3.300,-6.169,-1.169,0.012,2,14,0,0.142,0,0,0.030,0.6103,0,22.225,0.656,-6.142,-1.142,0.026,2,14,0,0.205,0,0,0.136,0.6227,0,17.487,1.061,-5.149,-0.149,0.006,2,14,0,0.222,0,0,0.022,0.5785,0,2.432,1.167,0,0,0.222,20.000,0.000,0.000,0.000
182.0,19.334,-0.541,-5.001,-0.001,0.047,2,14,0,0.149,0,0,0.061,0.5474,0,19.449,2.924,-5.992,-0.992,0.025,2,14,0,0.220,0,0,0.127,0.6023,0,20.591,-3.287,-6.205,-1.205,0.016,2,14,0,0.136,0,0,0.055,0.6103,0,22.228,0.646,-6.156,-1.156,0.046,2,14,0,0.211,0,0,0.127,0.6227,0,17.469,1.081,-5.198,-0.198,0.009,2,14,0,0.134,0,0,0.050,0.5785,0,2.480,1.179,0,0,0.220,20.000,0.000,0.000,0.000
183.0,19.261,-0.543,-5.032,-0.032,0.034,2,14,0,0.177,0,0,0.016,0.5474,0,19.457,2.836,-5.979,-0.979,0.066,2,14,0,0.181,0,0,0.108,0.6023,0,20.582,-3.313,-6.231,-1.231,0.026,2,14,0,0.170,0,0,0.051,0.6103,0,22.280,0.592,-6.091,-1.091,0.082,2,14,0,0.166,0,0,0.055,0.6227,0,17.546,1.071,-5.125,-0.125,0.035,2,14,0,0.163,0,0,0.046,0.5785,0,2.356,1.202,0,0,0.181,20.000,0.000,0.000,0.000
184.0,19.282,-0.495,-5.019,-0.019,0.014,2,14,0,0.194,0,0,0.040,0.5474,0,19.531,2.785,-5.962,-0.962,0.071,2,14,0,0.152,0,0,0.084,0.6023,0,20.661,-3.343,-6.193,-1.193,0.037,2,14,0,0.150,0,0,0.035,0.6103,0,22.298,0.536,-6.117,-1.117,0.065,2,14,0,0.149,0,0,0.003,0.6227,0,17.554,1.065,-5.095,-0.095,0.016,2,14,0,0.177,0,0,0.052,0.5785,0,2.329,1.200,0,0,0.194,20.000,0.000,0.000,0.000
185.0,19.275,-0.512,-4.964,0.036,0.017,2,14,0,0.179,0,0,0.024,0.5474,0,19.609,2.774,-5.997,-0.997,0.057,2,14,0,0.151,0,0,0.102,0.6023,0,20.718,-3.330,-6.185,-1.185,0.014,2,14,0,0.171,0,0,0.086,0.6103,0,22.368,0.529,-6.160,-1.160,0.041,2,14,0,0.171,0,0,0.072,0.6227,0,17.495,1.062,-5.131,-0.131,0.028,2,14,0,0.141,0,0,0.019,0.5785,0,2.383,1.172,0,0,0.179,20.000,0.000,0.000,0.000
186.0,19.229,-0.546,-4.931,0.069,0.015,2,14,0,0.155,0,0,0.047,0.5474,0,19.598,2.774,-5.988,-0.988,0.044,2,14,0,0.184,0,0,0.097,0.6023,0,20.707,-3.342,-6.207,-1.207,0.031,2,14,0,0.139,0,0,0.079,0.6103,0,22.323,0.462,-6.140,-1.140,0.023,2,14,0,0.144,0,0,0.081,0.6227,0,17.534,1.024,-5.177,-0.177,0.022,2,14,0,0.142,0,0,0.037,0.5785,0,2.323,1.155,0,0,0.184,20.000,0.000,0.000,0.000
187.0,19.196,-0.499,-4.950,0.050,0.015,2,14,0,0.145,0,0,0.084,0.5474,0,19.582,2.808,-5.934,-0.934,0.061,2,14,0,0.211,0,0,0.060,0.6023,0,20.707,-3.385,-6.183,-1.183,0.042,2,14,0,0.152,0,0,0.098,0.6103,0,22.245,0.463,-6.092,-1.092,0.036,2,14,0,0.170,0,0,0.093,0.6227,0,17.513,1.050,-5.141,-0.141,0.020,2,14,0,0.134,0,0,0.007,0.5785,0,2.296,1.169,0,0,0.211,20.000,0.000,0.000,0.000
188.0,19.218,-0.485,-4.988,0.012,0.045,2,14,0,0.145,0,0,0.076,0.5474,0,19.636,2.883,-5.949,-0.949,0.060,2,14,0,0.216,0,0,0.076,0.6023,0,20.648,-3.357,-6.188,-1.188,0.066,2,14,0,0.215,0,0,0.038,0.6103,0,22.281,0.434,-6.093,-1.093,0.046,2,14,0,0.204,0,0,0.108,0.6227,0,17.471,1.028,-5.179,-0.179,0.020,2,14,0,0.200,0,0,0.038,0.5785,0,2.319,1.131,0,0,0.216,20.000,0.000,0.000,0.000
189.0,19.315,-0.543,-5.003,-0.003,0.056,2,14,0,0.171,0,0,0.040,0.5474,0,19.688,2.958,-5.997,-0.997,0.048,2,14,0,0.170,0,0,0.158,0.6023,0,20.537,-3.264,-6.168,-1.168,0.056,2,14,0,0.145,0,0,0.110,0.6103,0,22.321,0.523,-6.142,-1.142,0.073,2,14,0,0.178,0,0,0.029,0.6227,0,17.474,1.023,-5.133,-0.133,0.008,2,14,0,0.169,0,0,0.040,0.5785,0,2.420,1.127,0,0,0.178,20.000,0.000,0.000,0.000
190.0,19.365,-0.588,-5.021,-0.021,0.022,2,14,0,0.150,0,0,0.105,0.5474,0,19.673,2.939,-5.966,-0.966,0.068,2,14,0,0.154,0,0,0.135,0.6023,0,20.451,-3.251,-6.208,-1.208,0.001,2,14,0,0.146,0,0,0.194,0.6103,0,22.402,0.552,-6.167,-1.167,0.045,2,14,0,0.147,0,0,0.104,0.6227,0,17.498,0.972,-5.154,-0.154,0.016,2,14,0,0.171,0,0,0.076,0.5785,0,2.437,1.093,0,0,0.171,20.000,0.000,0.000,0.000
191.0,19.410,-0.620,-4.984,0.016,0.029,2,14,0,0.172,0,0,0.161,0.5474,0,19.589,2.919,-5.952,-0.952,0.093,2,14,0,0.183,0,0,0.061,0.6023,0,20.427,-3.259,-6.187,-1.187,0.073,2,14,0,0.143,0,0,0.214,0.6103,0,22.422,0.633,-6.131,-1.131,0.058,2,14,0,0.173,0,0,0.156,0.6227,0,17.479,1.024,-5.192,-0.192,0.034,2,14,0,0.144,0,0,0.037,0.5785,0,2.545,1.130,0,0,0.183,20.000,0.000,0.000,0.000
192.0,19.352,-0.541,-5.004,-0.004,0.100,2,14,0,0.175,0,0,0.081,0.5474,0,19.477,2.860,-5.941,-0.941,0.083,2,14,0,0.150,0,0,0.084,0.6023,0,20.532,-3.292,-6.190,-1.190,0.125,2,14,0,0.166,0,0,0.103,0.6103,0,22.283,0.660,-6.170,-1.170,0.077,2,14,0,0.183,0,0,0.121,0.6227,0,17.526,1.079,-5.188,-0.188,0.036,2,14,0,0.138,0,0,0.037,0.5785,0,2.448,1.201,0,0,0.183,20.000,0.000,0.000,0.000
193.0,19.174,-0.483,-5.044,-0.044,0.103,2,14,0,0.174,0,0,0.108,0.5474,0,19.440,2.811,-5.965,-0.965,0.028,2,14,0,0.149,0,0,0.132,0.6023,0,20.725,-3.369,-6.219,-1.219,0.132,2,14,0,0.182,0,0,0.100,0.6103,0,22.183,0.652,-6.152,-1.152,0.062,2,14,0,0.143,0,0,0.160,0.6227,0,17.489,1.085,-5.138,-0.138,0.014,2,14,0,0.175,0,0,0.042,0.5785,0,2.305,1.190,0,0,0.182,20.000,0.000,0.000,0.000
194.0,19.106,-0.501,-5.030,-0.030,0.019,2,14,0,0.172,0,0,0.172,0.5474,0,19.490,2.808,-6.007,-1.007,0.052,2,14,0,0.179,0,0,0.092,0.6023,0,20.771,-3.440,-6.177,-1.177,0.030,2,14,0,0.264,0,0,0.183,0.6103,0,22.226,0.609,-6.183,-1.183,0.081,2,14,0,0.179,0,0,0.100,0.6227,0,17.452,1.029,-5.120,-0.120,0.023,2,14,0,0.165,0,0,0.058,0.5785,0,2.255,1.124,0,0,0.264,20.000,0.000,0.000,0.000
195.0,19.206,-0.536,-4.957,0.043,0.065,2,14,0,0.185,0,0,0.068,0.5474,0,19.522,2.848,-5.998,-0.998,0.055,2,14,0,0.152,0,0,0.042,0.6023,0,20.779,-3.394,-6.125,-1.125,0.048,2,14,0,0.172,0,0,0.165,0.6103,0,22.259,0.528,-6.197,-1.197,0.085,2,14,0,0.171,0,0,0.040,0.6227,0,17.568,1.029,-5.088,-0.088,0.036,2,14,0,0.165,0,0,0.063,0.5785,0,2.269,1.175,0,0,0.185,20.000,0.000,0.000,0.000
196.0,19.272,-0.592,-4.976,0.024,0.068,2,14,0,0.173,0,0,0.058,0.5474,0,19.549,2.882,-5.948,-0.948,0.053,2,14,0,0.186,0,0,0.021,0.6023,0,20.711,-3.313,-6.173,-1.173,0.090,2,14,0,0.167,0,0,0.083,0.6103,0,22.277,0.453,-6.136,-1.136,0.057,2,14,0,0.173,0,0,0.088,0.6227,0,17.601,1.080,-5.138,-0.138,0.021,2,14,0,0.168,0,0,0.101,0.5785,0,2.369,1.236,0,0,0.186,20.000,0.000,0.000,0.000
197.0,19.301,-0.602,-5.004,-0.004,0.035,2,14,0,0.174,0,0,0.072,0.5474,0,19.571,2.912,-5.980,-0.980,0.028,2,14,0,0.181,0,0,0.049,0.6023,0,20.583,-3.287,-6.202,-1.202,0.084,2,14,0,0.139,0,0,0.059,0.6103,0,22.298,0.406,-6.086,-1.086,0.031,2,14,0,0.145,0,0,0.134,0.6227,0,17.511,1.092,-5.130,-0.130,0.037,2,14,0,0.136,0,0,0.044,0.5785,0,2.468,1.206,0,0,0.181,20.000,0.000,0.000,0.000
198.0,19.405,-0.557,-4.993,0.007,0.042,2,14,0,0.177,0,0,0.133,0.5474,0,19.609,2.889,-5.941,-0.941,0.027,2,14,0,0.153,0,0,0.054,0.6023,0,20.574,-3.245,-6.226,-1.226,0.026,2,14,0,0.272,0,0,0.099,0.6103,0,22.260,0.482,-6.162,-1.162,0.064,2,14,0,0.173,0,0,0.069,0.6227,0,17.416,1.087,-5.179,-0.179,0.029,2,14,0,0.138,0,0,0.098,0.5785,0,2.587,1.163,0,0,0.272,20.000,0.000,0.000,0.000
199.0,19.307,-0.495,-5.031,-0.031,0.071,2,14,0,0.183,0,0,0.051,0.5474,0,19.637,2.845,-5.979,-0.979,0.024,2,14,0,0.209,0,0,0.079,0.6023,0,20.602,-3.231,-6.144,-1.144,0.021,2,14,0,0.172,0,0,0.096,0.6103,0,22.336,0.481,-6.180,-1.180,0.056,2,14,0,0.171,0,0,0.070,0.6227,0,17.479,1.064,-5.125,-0.125,0.044,2,14,0,0.169,0,0,0.033,0.5785,0,2.405,1.167,0,0,0.209,20.000,0.000,0.000,0.000
200.0,19.268,-0.450,-5.065,-0.065,0.034,2,14,0,0.170,0,0,0.085,0.5474,0,19.607,2.826,-5.931,-0.931,0.036,2,14,0,0.182,0,0,0.061,0.6023,0,20.586,-3.292,-6.184,-1.184,0.066,2,14,0,0.206,0,0,0.056,0.6103,0,22.336,0.502,-6.115,-1.115,0.052,2,14,0,0.172,0,0,0.055,0.6227,0,17.568,1.040,-5.079,-0.079,0.045,2,14,0,0.165,0,0,0.061,0.5785,0,2.261,1.185,0,0,0.206,20.000,0.000,0.000,0.000
201.0,19.316,-0.456,-4.978,0.022,0.035,2,14,0,0.144,0,0,0.089,0.5474,0,19.539,2.894,-5.973,-0.973,0.051,2,14,0,0.217,0,0,0.036,0.6023,0,20.657,-3.415,-6.221,-1.221,0.063,2,14,0,0.140,0,0,0.092,0.6103,0,22.363,0.608,-6.173,-1.173,0.045,2,14,0,0.219,0,0,0.096,0.6227,0,17.583,0.978,-5.127,-0.127,0.011,2,14,0,0.162,0,0,0.104,0.5785,0,2.254,1.139,0,0,0.219,20.000,0.000,0.000,0.000
202.0,19.313,-0.497,-4.980,0.020,0.066,2,14,0,0.175,0,0,0.057,0.5474,0,19.480,2.938,-5.915,-0.915,0.023,2,14,0,0.228,0,0,0.109,0.6023,0,20.627,-3.448,-6.182,-1.182,0.007,2,14,0,0.174,0,0,0.123,0.6103,0,22.326,0.606,-6.171,-1.171,0.043,2,14,0,0.206,0,0,0.072,0.6227,0,17.549,0.957,-5.159,-0.159,0.045,2,14,0,0.168,0,0,0.103,0.5785,0,2.292,1.103,0,0,0.228,20.000,0.000,0.000,0.000
203.0,19.259,-0.542,-4.999,0.001,0.055,2,14,0,0.145,0,0,0.016,0.5474,0,19.532,2.927,-5.913,-0.913,0.031,2,14,0,0.171,0,0,0.070,0.6023,0,20.656,-3.387,-6.218,-1.218,0.050,2,14,0,0.142,0,0,0.067,0.6103,0,22.298,0.610,-6.158,-1.158,0.033,2,14,0,0.179,0,0,0.071,0.6227,0,17.449,0.982,-5.105,-0.105,0.062,2,14,0,0.208,0,0,0.087,0.5785,0,2.369,1.080,0,0,0.208,20.000,0.000,0.000,0.000
204.0,19.218,-0.602,-4.995,0.005,0.027,2,14,0,0.179,0,0,0.088,0.5474,0,19.573,2.838,-5.939,-0.939,0.053,2,14,0,0.175,0,0,0.028,0.6023,0,20.709,-3.273,-6.226,-1.226,0.069,2,14,0,0.165,0,0,0.094,0.6103,0,22.295,0.573,-6.164,-1.164,0.054,2,14,0,0.206,0,0,0.034,0.6227,0,17.450,1.014,-5.096,-0.096,0.045,2,14,0,0.139,0,0,0.065,0.5785,0,2.397,1.110,0,0,0.206,20.000,0.000,0.000,0.000
205.0,19.271,-0.630,-5.036,-0.036,0.015,2,14,0,0.178,0,0,0.095,0.5474,0,19.630,2.825,-5.963,-0.963,0.013,2,14,0,0.156,0,0,0.080,0.6023,0,20.681,-3.235,-6.202,-1.202,0.043,2,14,0,0.165,0,0,0.104,0.6103,0,22.280,0.494,-6.188,-1.188,0.044,2,14,0,0.148,0,0,0.048,0.6227,0,17.442,1.064,-5.160,-0.160,0.042,2,14,0,0.165,0,0,0.067,0.5785,0,2.496,1.152,0,0,0.178,20.000,0.000,0.000,0.000
206.0,19.159,-0.584,-4.957,0.043,0.055,2,14,0,0.174,0,0,0.122,0.5474,0,19.599,2.868,-5.962,-0.962,0.023,2,14,0,0.149,0,0,0.039,0.6023,0,20.572,-3.247,-6.235,-1.235,0.060,2,14,0,0.198,0,0,0.096,0.6103,0,22.324,0.495,-6.134,-1.134,0.002,2,14,0,0.151,0,0,0.052,0.6227,0,17.521,1.089,-5.241,-0.241,0.040,2,14,0,0.140,0,0,0.044,0.5785,0,2.359,1.207,0,0,0.198,20.000,0.000,0.000,0.000
207.0,19.144,-0.532,-5.011,-0.011,0.069,2,14,0,0.150,0,0,0.130,0.5474,0,19.538,2.783,-6.004,-1.004,0.026,2,14,0,0.177,0,0,0.084,0.6023,0,20.544,-3.306,-6.218,-1.218,0.045,2,14,0,0.155,0,0,0.090,0.6103,0,22.299,0.505,-6.135,-1.135,0.024,2,14,0,0.168,0,0,0.036,0.6227,0,17.437,1.118,-5.155,-0.155,0.010,2,14,0,0.167,0,0,0.097,0.5785,0,2.378,1.200,0,0,0.177,20.000,0.000,0.000,0.000
208.0,19.199,-0.468,-4.982,0.018,0.092,2,14,0,0.170,0,0,0.101,0.5474,0,19.526,2.771,-5.991,-0.991,0.029,2,14,0,0.184,0,0,0.099,0.6023,0,20.520,-3.387,-6.181,-1.181,0.049,2,14,0,0.201,0,0,0.125,0.6103,0,22.346,0.501,-6.144,-1.144,0.016,2,14,0,0.145,0,0,0.063,0.6227,0,17.453,1.094,-5.160,-0.160,0.043,2,14,0,0.165,0,0,0.071,0.5785,0,2.350,1.184,0,0,0.201,20.000,0.000,0.000,0.000
209.0,19.350,-0.450,-4.971,0.029,0.083,2,14,0,0.148,0,0,0.113,0.5474,0,19.544,2.826,-5.987,-0.987,0.058,2,14,0,0.382,0,0,0.042,0.6023,0,20.535,-3.448,-6.125,-1.125,0.054,2,14,0,0.172,0,0,0.155,0.6103,0,22.298,0.507,-6.141,-1.141,0.034,2,14,0,0.305,0,0,0.033,0.6227,0,17.519,1.068,-5.194,-0.194,0.055,2,14,0,0.136,0,0,0.024,0.5785,0,2.389,1.187,0,0,0.382,20.000,0.000,0.000,0.000
210.0,19.415,-0.466,-5.015,-0.015,0.048,2,14,0,0.148,0,0,0.155,0.5474,0,19.576,2.886,-5.970,-0.970,0.061,2,14,0,0.169,0,0,0.026,0.6023,0,20.542,-3.401,-6.212,-1.212,0.079,2,14,0,0.138,0,0,0.116,0.6103,0,22.293,0.550,-6.146,-1.146,0.032,2,14,0,0.222,0,0,0.011,0.6227,0,17.552,1.055,-5.208,-0.208,0.035,2,14,0,0.166,0,0,0.047,0.5785,0,2.412,1.191,0,0,0.222,20.000,0.000,0.000,0.000
211.0,19.392,-0.536,-5.021,-0.021,0.071,2,14,0,0.174,0,0,0.117,0.5474,0,19.626,2.928,-5.972,-0.972,0.031,2,14,0,0.159,0,0,0.090,0.6023,0,20.632,-3.365,-6.178,-1.178,0.098,2,14,0,0.170,0,0,0.040,0.6103,0,22.238,0.629,-6.141,-1.141,0.024,2,14,0,0.179,0,0,0.107,0.6227,0,17.589,1.058,-5.091,-0.091,0.018,2,14,0,0.164,0,0,0.082,0.5785,0,2.408,1.211,0,0,0.179,20.000,0.000,0.000,0.000
212.0,19.341,-0.619,-4.976,0.024,0.083,2,14,0,0.146,0,0,0.110,0.5474,0,19.629,2.963,-5.950,-0.950,0.026,2,14,0,0.143,0,0,0.120,0.6023,0,20.773,-3.326,-6.191,-1.191,0.070,2,14,0,0.165,0,0,0.142,0.6103,0,22.312,0.682,-6.105,-1.105,0.028,2,14,0,0.173,0,0,0.143,0.6227,0,17.531,1.065,-5.152,-0.152,0.040,2,14,0,0.138,0,0,0.032,0.5785,0,2.479,1.190,0,0,0.173,20.000,0.000,0.000,0.000
213.0,19.259,-0.567,-4.978,0.022,0.075,2,14,0,0.146,0,0,0.037,0.5474,0,19.602,2.986,-5.934,-0.934,0.064,2,14,0,0.207,0,0,0.129,0.6023,0,20.831,-3.298,-6.188,-1.188,0.039,2,14,0,0.140,0,0,0.204,0.6103,0,22.329,0.682,-6.164,-1.164,0.064,2,14,0,0.234,0,0,0.147,0.6227,0,17.549,1.019,-5.141,-0.141,0.045,2,14,0,0.170,0,0,0.051,0.5785,0,2.338,1.158,0,0,0.234,20.000,0.000,0.000,0.000
214.0,19.167,-0.526,-5.029,-0.029,0.054,2,14,0,0.176,0,0,0.105,0.5474,0,19.547,2.954,-5.924,-0.924,0.083,2,14,0,0.151,0,0,0.091,0.6023,0,20.739,-3.245,-6.227,-1.227,0.092,2,14,0,0.139,0,0,0.136,0.6103,0,22.268,0.614,-6.165,-1.165,0.095,2,14,0,0.208,0,0,0.080,0.6227,0,17.549,0.942,-5.130,-0.130,0.043,2,14,0,0.164,0,0,0.113,0.5785,0,2.187,1.090,0,0,0.208,20.000,0.000,0.000,0.000
215.0,19.115,-0.544,-5.061,-0.061,0.019,2,14,0,0.170,0,0,0.158,0.5474,0,19.461,2.824,-5.948,-0.948,0.092,2,14,0,0.169,0,0,0.107,0.6023,0,20.659,-3.259,-6.208,-1.208,0.091,2,14,0,0.141,0,0,0.073,0.6103,0,22.265,0.443,-6.108,-1.108,0.100,2,14,0,0.184,0,0,0.101,0.6227,0,17.443,0.968,-5.125,-0.125,0.061,2,14,0,0.167,0,0,0.101,0.5785,0,2.256,1.065,0,0,0.184,20.000,0.000,0.000,0.000
216.0,19.155,-0.532,-5.093,-0.093,0.073,2,14,0,0.149,0,0,0.121,0.5474,0,19.431,2.726,-5.989,-0.989,0.046,2,14,0,0.168,0,0,0.190,0.6023,0,20.595,-3.270,-6.229,-1.229,0.077,2,14,0,0.137,0,0,0.065,0.6103,0,22.242,0.378,-6.197,-1.197,0.033,2,14,0,0.151,0,0,0.170,0.6227,0,17.421,0.993,-5.057,-0.057,0.055,2,14,0,0.137,0,0,0.101,0.5785,0,2.310,1.079,0,0,0.168,20.000,0.000,0.000,0.000
217.0,19.245,-0.534,-5.023,-0.023,0.089,2,14,0,0.147,0,0,0.030,0.5474,0,19.503,2.726,-5.949,-0.949,0.076,2,14,0,0.147,0,0,0.150,0.6023,0,20.473,-3.317,-6.232,-1.232,0.055,2,14,0,0.167,0,0,0.156,0.6103,0,22.265,0.403,-6.134,-1.134,0.051,2,14,0,0.173,0,0,0.141,0.6227,0,17.435,1.005,-5.137,-0.137,0.065,2,14,0,0.168,0,0,0.083,0.5785,0,2.379,1.095,0,0,0.173,20.000,0.000,0.000,0.000
218.0,19.299,-0.540,-5.052,-0.052,0.064,2,14,0,0.156,0,0,0.026,0.5474,0,19.566,2.800,-5.975,-0.975,0.102,2,14,0,0.173,0,0,0.065,0.6023,0,20.528,-3.342,-6.268,-1.268,0.060,2,14,0,0.202,0,0,0.105,0.6103,0,22.323,0.514,-6.088,-1.088,0.093,2,14,0,0.174,0,0,0.036,0.6227,0,17.517,1.076,-5.166,-0.166,0.081,2,14,0,0.165,0,0,0.029,0.5785,0,2.409,1.194,0,0,0.202,20.000,0.000,0.000,0.000
219.0,19.390,-0.530,-4.965,0.035,0.026,2,14,0,0.178,0,0,0.115,0.5474,0,19.651,2.900,-5.947,-0.947,0.073,2,14,0,0.208,0,0,0.097,0.6023,0,20.521,-3.373,-6.172,-1.172,0.057,2,14,0,0.164,0,0,0.119,0.6103,0,22.356,0.594,-6.145,-1.145,0.063,2,14,0,0.183,0,0,0.079,0.6227,0,17.602,1.148,-5.163,-0.163,0.043,2,14,0,0.140,0,0,0.137,0.5785,0,2.459,1.296,0,0,0.208,20.000,0.000,0.000,0.000
220.0,19.386,-0.511,-4.996,0.004,0.031,2,14,0,0.147,0,0,0.115,0.5474,0,19.615,2.926,-5.966,-0.966,0.029,2,14,0,0.177,0,0,0.082,0.6023,0,20.578,-3.380,-6.206,-1.206,0.084,2,14,0,0.206,0,0,0.076,0.6103,0,22.343,0.644,-6.195,-1.195,0.023,2,14,0,0.180,0,0,0.114,0.6227,0,17.585,1.156,-5.118,-0.118,0.037,2,14,0,0.136,0,0,0.135,0.5785,0,2.457,1.295,0,0,0.206,20.000,0.000,0.000,0.000
