t,d0_x,d0_y,d0_z,d0_zerr,d0_velxy,d0_arm,d0_nav,d0_mpc,d0_solve_ms,d0_fallback,d0_hover,d0_poserr,d0_planratio,d0_clipn,d1_x,d1_y,d1_z,d1_zerr,d1_velxy,d1_arm,d1_nav,d1_mpc,d1_solve_ms,d1_fallback,d1_hover,d1_poserr,d1_planratio,d1_clipn,d2_x,d2_y,d2_z,d2_zerr,d2_velxy,d2_arm,d2_nav,d2_mpc,d2_solve_ms,d2_fallback,d2_hover,d2_poserr,d2_planratio,d2_clipn,min_spacing,formation_max_err,safety_violations,total_fallbacks,max_solve_ms,leader_x,leader_y,leader_vx,leader_vy
1.0,3.112,-0.078,-0.258,4.742,0.066,2,14,0,0.231,0,0,0.065,0.0093,0,-1.486,2.710,0.222,5.222,0.041,2,14,0,0.225,0,0,0.163,0.0159,0,-1.239,-2.689,0.299,5.299,0.047,2,14,0,0.352,0,0,0.085,0.0100,0,5.105,0.277,0,0,0.352,0.000,0.000,0.000,0.000
2.0,3.129,-0.092,-1.146,3.854,0.072,2,14,0,0.226,0,0,0.079,0.0191,0,-1.386,2.717,-0.465,4.535,0.116,2,14,0,0.310,0,0,0.071,0.0452,0,-1.228,-2.592,-0.425,4.575,0.124,2,14,0,0.257,0,0,0.099,0.0262,0,5.075,0.272,0,0,0.310,0.000,0.000,0.000,0.000
3.0,3.060,-0.077,-2.171,2.829,0.048,2,14,0,0.284,0,0,0.031,0.0197,0,-1.289,2.764,-1.142,3.858,0.091,2,12,0,0.289,0,0,0.072,0.0452,0,-1.302,-2.556,-1.585,3.415,0.044,2,14,0,0.240,0,0,0.091,0.0270,0,5.051,0.269,0,0,0.289,0.000,0.000,0.000,0.000
4.0,3.057,-0.100,-3.425,1.575,0.044,2,14,0,0.287,0,0,0.009,0.0197,0,-1.208,2.767,-0.077,4.923,0.073,2,12,0,0.289,0,0,0.072,0.0452,0,-1.376,-2.610,-2.813,2.187,0.064,2,14,0,0.314,0,0,0.073,0.0270,0,5.131,0.337,0,0,0.314,0.000,0.000,0.000,0.000
5.0,3.036,-0.076,-4.382,0.618,0.029,2,14,0,0.174,0,0,0.037,0.0197,0,-1.279,2.796,-0.016,4.984,0.092,2,12,0,0.289,0,0,0.072,0.0452,0,-1.310,-2.685,-4.142,0.858,0.043,2,14,0,0.179,0,0,0.039,0.0270,0,5.074,0.297,0,0,0.289,0.000,0.000,0.000,0.000
6.0,3.056,-0.145,-4.734,0.266,0.047,2,14,0,0.175,0,0,0.037,0.0197,0,-1.367,2.831,-0.030,4.970,0.099,2,12,0,0.289,0,0,0.072,0.0452,0,-1.223,-2.664,-4.638,0.362,0.020,2,14,0,0.182,0,0,0.092,0.0270,0,4.966,0.285,0,0,0.289,0.000,0.000,0.000,0.000
7.0,2.987,-0.146,-4.904,0.096,0.014,2,14,0,0.153,0,0,0.076,0.0197,0,-1.461,2.870,-0.045,4.955,0.105,2,12,0,0.289,0,0,0.072,0.0452,0,-1.308,-2.673,-4.817,0.183,0.043,2,14,0,0.188,0,0,0.027,0.0270,0,4.984,0.275,0,0,0.289,0.000,0.000,0.000,0.000
8.0,3.064,-0.122,-4.971,0.029,0.030,2,14,0,0.174,0,0,0.017,0.0197,0,-1.512,2.893,-0.060,4.940,0.003,2,12,0,0.289,0,0,0.072,0.0452,0,-1.393,-2.694,-4.911,0.089,0.028,2,14,0,0.155,0,0,0.092,0.0270,0,5.146,0.295,0,0,0.289,0.000,0.000,0.000,0.000
9.0,3.107,-0.095,-4.859,0.141,0.015,2,14,0,0.149,0,0,0.054,0.0197,0,-1.513,2.895,-0.077,4.923,0.008,2,12,0,0.289,0,0,0.072,0.0452,0,-1.406,-2.684,-4.841,0.159,0.044,2,14,0,0.181,0,0,0.102,0.0270,0,5.203,0.297,0,0,0.289,0.000,0.000,0.000,0.000
10.0,3.104,-0.133,-4.914,0.086,0.036,2,14,0,0.179,0,0,0.057,0.0197,0,-1.515,2.898,-0.094,4.906,0.010,2,12,0,0.289,0,0,0.072,0.0452,0,-1.350,-2.618,-4.990,0.010,0.069,2,14,0,0.204,0,0,0.047,0.0270,0,5.100,0.301,0,0,0.289,0.000,0.000,0.000,0.000
11.0,3.026,-0.095,-5.049,-0.049,0.050,2,14,0,0.141,0,0,0.031,0.0197,0,-1.515,2.901,-0.113,4.887,0.012,2,12,0,0.289,0,0,0.072,0.0452,0,-1.258,-2.538,-5.081,-0.081,0.053,2,14,0,0.151,0,0,0.121,0.0270,0,4.932,0.303,0,0,0.289,0.000,0.000,0.000,0.000
12.0,2.979,-0.092,-5.043,-0.043,0.024,2,14,0,0.147,0,0,0.076,0.0197,0,-1.516,2.904,-0.132,4.868,0.014,2,12,0,0.289,0,0,0.072,0.0452,0,-1.262,-2.585,-5.027,-0.027,0.036,2,14,0,0.156,0,0,0.080,0.0270,0,4.920,0.307,0,0,0.289,0.000,0.000,0.000,0.000
13.0,2.958,-0.082,-5.039,-0.039,0.006,2,14,0,0.184,0,0,0.099,0.0197,0,-1.515,2.909,-0.153,4.847,0.016,2,12,0,0.289,0,0,0.072,0.0452,0,-1.323,-2.586,-4.983,0.017,0.047,2,14,0,0.177,0,0,0.061,0.0270,0,4.960,0.311,0,0,0.289,0.000,0.000,0.000,0.000
14.0,2.973,-0.114,-4.991,0.009,0.041,2,14,0,0.170,0,0,0.083,0.0197,0,-1.514,2.914,-0.175,4.825,0.018,2,12,0,0.289,0,0,0.072,0.0452,0,-1.281,-2.608,-5.008,-0.008,0.042,2,14,0,0.150,0,0,0.050,0.0270,0,4.931,0.316,0,0,0.289,0.000,0.000,0.000,0.000
15.0,3.090,-0.133,-5.004,-0.004,0.054,2,14,0,0.153,0,0,0.043,0.0197,0,-1.512,2.919,-0.197,4.803,0.021,2,12,0,0.289,0,0,0.072,0.0452,0,-1.304,-2.667,-4.968,0.032,0.043,2,14,0,0.186,0,0,0.022,0.0270,0,5.072,0.322,0,0,0.289,0.000,0.000,0.000,0.000
16.0,3.119,-0.142,-5.006,-0.006,0.022,2,14,0,0.174,0,0,0.074,0.0197,0,-1.508,2.925,-0.221,4.779,0.024,2,12,0,0.289,0,0,0.072,0.0452,0,-1.335,-2.737,-5.002,-0.002,0.022,2,14,0,0.177,0,0,0.092,0.0270,0,5.155,0.327,0,0,0.289,0.000,0.000,0.000,0.000
17.0,3.096,-0.063,-5.000,-0.000,0.040,2,14,0,0.188,0,0,0.062,0.0197,0,-1.504,2.931,-0.246,4.754,0.026,2,12,0,0.289,0,0,0.072,0.0452,0,-1.298,-2.716,-5.034,-0.034,0.046,2,14,0,0.180,0,0,0.073,0.0270,0,5.133,0.333,0,0,0.289,0.000,0.000,0.000,0.000
18.0,3.058,-0.025,-4.939,0.061,0.039,2,14,0,0.145,0,0,0.082,0.0197,0,-1.498,2.935,-0.271,4.729,0.027,2,12,0,0.289,0,0,0.072,0.0452,0,-1.291,-2.610,-4.957,0.043,0.066,2,14,0,0.180,0,0,0.041,0.0270,0,5.059,0.337,0,0,0.289,0.000,0.000,0.000,0.000
19.0,2.972,-0.020,-4.957,0.043,0.047,2,14,0,0.144,0,0,0.120,0.0197,0,-1.493,2.937,-0.298,4.702,0.029,2,12,0,0.289,0,0,0.072,0.0452,0,-1.402,-2.529,-4.952,0.048,0.045,2,14,0,0.178,0,0,0.147,0.0270,0,5.042,0.339,0,0,0.289,0.000,0.000,0.000,0.000
20.0,2.938,-0.030,-4.978,0.022,0.042,2,14,0,0.173,0,0,0.140,0.0202,0,-1.487,2.937,-0.326,4.674,0.029,2,12,0,0.289,0,0,0.072,0.0452,0,-1.420,-2.563,-5.017,-0.017,0.028,2,14,0,0.177,0,0,0.137,0.0270,0,5.041,0.340,0,0,0.289,0.000,0.000,0.000,0.000
21.0,3.001,-0.052,-4.962,0.038,0.069,2,14,0,0.146,0,0,0.078,0.0233,0,-1.513,2.885,-0.189,4.811,0.002,2,12,0,0.289,0,0,0.072,0.0452,0,-1.398,-2.599,-5.003,-0.003,0.053,2,14,0,0.177,0,0,0.097,0.0270,0,5.083,0.287,0,0,0.289,0.000,0.000,0.000,0.000
22.0,3.062,-0.110,-4.983,0.017,0.070,2,14,0,0.148,0,0,0.007,0.0233,0,-1.513,2.886,-0.104,4.896,0.002,1,14,0,0.289,0,0,0.072,0.0452,0,-1.408,-2.651,-4.971,0.029,0.061,2,14,0,0.182,0,0,0.095,0.0270,0,5.141,0.288,0,0,0.289,0.000,0.000,0.000,0.000
23.0,3.085,-0.115,-4.968,0.032,0.032,2,14,0,0.179,0,0,0.032,0.0233,0,-1.512,2.888,-0.050,4.950,0.001,1,14,0,0.289,0,0,0.072,0.0452,0,-1.345,-2.705,-5.010,-0.010,0.074,2,14,0,0.157,0,0,0.067,0.0270,0,5.131,0.290,0,0,0.289,0.000,0.000,0.000,0.000
24.0,3.049,-0.154,-5.027,-0.027,0.015,2,14,0,0.171,0,0,0.046,0.0233,0,-1.511,2.890,-0.010,4.990,0.001,1,14,0,0.289,0,0,0.072,0.0452,0,-1.219,-2.690,-5.012,-0.012,0.074,2,14,0,0.179,0,0,0.101,0.0270,0,4.965,0.295,0,0,0.289,0.000,0.000,0.000,0.000
25.0,3.123,-0.156,-5.007,-0.007,0.019,2,14,0,0.147,0,0,0.085,0.0233,0,-1.511,2.891,0.020,5.020,0.000,1,14,0,0.289,0,0,0.072,0.0452,0,-1.153,-2.649,-4.959,0.041,0.038,2,14,0,0.182,0,0,0.161,0.0270,0,4.950,0.351,0,0,0.289,0.000,0.000,0.000,0.000
26.0,3.059,-0.117,-5.019,-0.019,0.048,2,14,0,0.156,0,0,0.011,0.0233,0,-1.511,2.891,0.044,5.044,0.000,1,14,0,0.289,0,0,0.072,0.0452,0,-1.174,-2.586,-5.007,-0.007,0.064,2,14,0,0.152,0,0,0.151,0.0278,0,4.901,0.326,0,0,0.289,0.000,0.000,0.000,0.000
27.0,3.042,-0.102,-4.952,0.048,0.044,2,14,0,0.147,0,0,0.014,0.0233,0,-1.511,2.891,0.063,5.063,0.000,1,14,0,0.289,0,0,0.072,0.0452,0,-1.291,-2.568,-4.994,0.006,0.096,2,14,0,0.176,0,0,0.080,0.0300,0,4.985,0.294,0,0,0.289,0.000,0.000,0.000,0.000
28.0,3.004,-0.077,-4.999,0.001,0.031,2,14,0,0.173,0,0,0.058,0.0233,0,-1.511,2.892,0.080,5.080,0.000,1,14,0,0.289,0,0,0.072,0.0452,0,-1.374,-2.571,-5.006,-0.006,0.052,2,14,0,0.179,0,0,0.099,0.0300,0,5.039,0.294,0,0,0.289,0.000,0.000,0.000,0.000
29.0,2.905,-0.064,-5.065,-0.065,0.008,2,14,0,0.150,0,0,0.155,0.0233,0,-1.511,2.892,0.093,5.093,0.000,1,14,0,0.289,0,0,0.072,0.0452,0,-1.299,-2.602,-5.020,-0.020,0.039,2,14,0,0.183,0,0,0.046,0.0300,0,4.912,0.294,0,0,0.289,0.000,0.000,0.000,0.000
30.0,2.952,-0.042,-4.973,0.027,0.054,2,14,0,0.146,0,0,0.121,0.0233,0,-1.511,2.892,0.105,5.105,0.000,1,14,0,0.289,0,0,0.072,0.0452,0,-1.320,-2.627,-4.982,0.018,0.038,2,14,0,0.180,0,0,0.022,0.0300,0,4.994,0.294,0,0,0.289,0.000,0.000,0.000,0.000
31.0,2.985,-0.025,-4.959,0.041,0.077,2,14,0,0.176,0,0,0.108,0.0263,0,-1.511,2.892,0.116,5.116,0.000,1,14,0,0.289,0,0,0.072,0.0452,0,-1.395,-2.667,-4.983,0.017,0.028,2,14,0,0.189,0,0,0.082,0.0300,0,5.115,0.294,0,0,0.289,0.000,0.000,0.000,0.000
32.0,3.032,-0.041,-4.974,0.026,0.077,2,14,0,0.172,0,0,0.071,0.0263,0,-1.511,2.892,0.125,5.125,0.000,1,14,0,0.289,0,0,0.072,0.0452,0,-1.434,-2.669,-5.083,-0.083,0.016,2,14,0,0.158,0,0,0.124,0.0300,0,5.183,0.294,0,0,0.289,0.000,0.000,0.000,0.000
33.0,3.124,-0.124,-5.022,-0.022,0.054,2,14,0,0.207,0,0,0.072,0.0263,0,-1.511,2.892,0.133,5.133,0.000,1,14,0,0.289,0,0,0.072,0.0452,0,-1.390,-2.660,-5.031,-0.031,0.055,2,14,0,0.154,0,0,0.079,0.0300,0,5.177,0.294,0,0,0.289,0.000,0.000,0.000,0.000
34.0,3.121,-0.152,-4.981,0.019,0.020,2,14,0,0.180,0,0,0.081,0.0263,0,-1.511,2.892,0.140,5.140,0.000,1,14,0,0.289,0,0,0.072,0.0452,0,-1.353,-2.599,-5.024,-0.024,0.065,2,14,0,0.297,0,0,0.063,0.0300,0,5.100,0.294,0,0,0.297,0.000,0.000,0.000,0.000
35.0,3.089,-0.156,-5.082,-0.082,0.052,2,14,0,0.152,0,0,0.061,0.0263,0,-1.511,2.892,0.146,5.146,0.000,1,14,0,0.289,0,0,0.072,0.0452,0,-1.205,-2.631,-5.024,-0.024,0.061,2,14,0,0.181,0,0,0.108,0.0300,0,4.957,0.296,0,0,0.289,0.000,0.000,0.000,0.000
36.0,3.020,-0.150,-5.099,-0.099,0.054,2,14,0,0.156,0,0,0.054,0.0263,0,-1.511,2.892,0.151,5.151,0.000,1,14,0,0.289,0,0,0.072,0.0452,0,-1.194,-2.653,-5.011,-0.011,0.016,2,14,0,0.182,0,0,0.119,0.0300,0,4.902,0.311,0,0,0.289,0.000,0.000,0.000,0.000
37.0,2.965,-0.103,-5.038,-0.038,0.056,2,14,0,0.226,0,0,0.088,0.0263,0,-1.511,2.892,0.156,5.156,0.000,1,14,0,0.289,0,0,0.072,0.0452,0,-1.273,-2.598,-4.969,0.031,0.064,2,14,0,0.179,0,0,0.064,0.0300,0,4.918,0.294,0,0,0.289,0.000,0.000,0.000,0.000
38.0,2.988,-0.041,-5.005,-0.005,0.033,2,14,0,0.147,0,0,0.094,0.0263,0,-1.511,2.892,0.160,5.160,0.000,1,14,0,0.289,0,0,0.072,0.0452,0,-1.316,-2.656,-4.946,0.054,0.056,2,14,0,0.155,0,0,0.010,0.0300,0,5.036,0.294,0,0,0.289,0.000,0.000,0.000,0.000
39.0,2.946,-0.040,-5.013,-0.013,0.017,2,14,0,0.172,0,0,0.127,0.0263,0,-1.511,2.892,0.164,5.164,0.000,1,14,0,0.289,0,0,0.072,0.0452,0,-1.356,-2.630,-4.963,0.037,0.034,2,14,0,0.159,0,0,0.045,0.0300,0,5.021,0.294,0,0,0.289,0.000,0.000,0.000,0.000
40.0,3.029,-0.041,-5.009,-0.009,0.063,2,14,0,0.176,0,0,0.072,0.0263,0,-1.511,2.892,0.168,5.168,0.000,1,14,0,0.289,0,0,0.072,0.0452,0,-1.351,-2.662,-4.993,0.007,0.008,2,14,0,0.151,0,0,0.041,0.0300,0,5.105,0.294,0,0,0.289,0.000,0.000,0.000,0.000
41.0,3.070,-0.059,-5.036,-0.036,0.049,2,14,0,0.179,0,0,0.052,0.0263,0,-1.511,2.892,0.170,5.170,0.000,1,14,0,0.289,0,0,0.072,0.0452,0,-1.380,-2.708,-5.020,-0.020,0.018,2,14,0,0.185,0,0,0.091,0.0300,0,5.179,0.294,0,0,0.289,0.000,0.000,0.000,0.000
42.0,3.053,-0.075,-4.993,0.007,0.032,2,14,0,0.144,0,0,0.032,0.0263,0,-1.511,2.892,0.173,5.173,0.000,1,14,0,0.289,0,0,0.072,0.0452,0,-1.365,-2.646,-5.050,-0.050,0.051,2,14,0,0.182,0,0,0.052,0.0300,0,5.111,0.294,0,0,0.289,0.000,0.000,0.000,0.000
43.0,3.061,-0.107,-5.002,-0.002,0.029,2,14,0,0.173,0,0,0.006,0.0263,0,-1.511,2.892,0.176,5.176,0.000,1,14,0,0.289,0,0,0.072,0.0452,0,-1.316,-2.552,-4.951,0.049,0.044,2,14,0,0.153,0,0,0.094,0.0300,0,5.014,0.294,0,0,0.289,0.000,0.000,0.000,0.000
44.0,3.118,-0.142,-5.016,-0.016,0.009,2,14,0,0.167,0,0,0.073,0.0263,0,-1.511,2.892,0.178,5.178,0.000,1,14,0,0.289,0,0,0.072,0.0452,0,-1.316,-2.539,-4.989,0.011,0.028,2,14,0,0.177,0,0,0.108,0.0300,0,5.040,0.294,0,0,0.289,0.000,0.000,0.000,0.000
45.0,3.118,-0.104,-4.977,0.023,0.040,2,14,0,0.172,0,0,0.064,0.0263,0,-1.511,2.892,0.180,5.180,0.000,1,14,0,0.289,0,0,0.072,0.0452,0,-1.243,-2.550,-4.960,0.040,0.052,2,14,0,0.177,0,0,0.119,0.0300,0,5.001,0.294,0,0,0.289,0.000,0.000,0.000,0.000
46.0,3.070,-0.105,-5.020,-0.020,0.055,2,14,0,0.178,0,0,0.017,0.0263,0,-1.511,2.892,0.181,5.181,0.000,1,14,0,0.289,0,0,0.072,0.0452,0,-1.220,-2.615,-4.989,0.011,0.059,2,14,0,0.179,0,0,0.099,0.0300,0,4.970,0.294,0,0,0.289,0.000,0.000,0.000,0.000
47.0,3.016,-0.117,-4.980,0.020,0.043,2,14,0,0.173,0,0,0.039,0.0263,0,-1.511,2.892,0.183,5.183,0.000,1,14,0,0.289,0,0,0.072,0.0452,0,-1.290,-2.657,-5.022,-0.022,0.059,2,14,0,0.154,0,0,0.025,0.0300,0,5.000,0.294,0,0,0.289,0.000,0.000,0.000,0.000
48.0,2.955,-0.150,-4.978,0.022,0.025,2,14,0,0.149,0,0,0.107,0.0263,0,-1.511,2.892,0.184,5.184,0.000,1,14,0,0.289,0,0,0.072,0.0452,0,-1.310,-2.679,-5.013,-0.013,0.037,2,14,0,0.180,0,0,0.033,0.0300,0,4.958,0.294,0,0,0.289,0.000,0.000,0.000,0.000
49.0,2.964,-0.083,-4.999,0.001,0.037,2,14,0,0.155,0,0,0.093,0.0263,0,-1.511,2.892,0.185,5.185,0.000,1,14,0,0.289,0,0,0.072,0.0452,0,-1.288,-2.679,-4.956,0.044,0.043,2,14,0,0.183,0,0,0.043,0.0300,0,4.981,0.294,0,0,0.289,0.000,0.000,0.000,0.000
50.0,2.950,-0.058,-4.984,0.016,0.043,2,14,0,0.204,0,0,0.117,0.0263,0,-1.511,2.892,0.186,5.186,0.000,1,14,0,0.289,0,0,0.072,0.0452,0,-1.332,-2.646,-5.034,-0.034,0.043,2,14,0,0.150,0,0,0.019,0.0300,0,5.003,0.294,0,0,0.289,0.000,0.000,0.000,0.000
51.0,3.045,-0.113,-4.984,0.016,0.058,2,14,0,0.145,0,0,0.011,0.0263,0,-1.511,2.892,0.187,5.187,0.000,1,14,0,0.289,0,0,0.072,0.0452,0,-1.379,-2.622,-5.046,-0.046,0.027,2,14,0,0.183,0,0,0.070,0.0300,0,5.086,0.294,0,0,0.289,0.000,0.000,0.000,0.000
52.0,3.069,-0.131,-5.027,-0.027,0.028,2,14,0,0.174,0,0,0.027,0.0263,0,-1.511,2.892,0.188,5.188,0.000,1,14,0,0.289,0,0,0.072,0.0452,0,-1.358,-2.611,-5.002,-0.002,0.030,2,14,0,0.160,0,0,0.058,0.0300,0,5.074,0.294,0,0,0.289,0.000,0.000,0.000,0.000
53.0,3.131,-0.094,-4.968,0.032,0.019,2,14,0,0.176,0,0,0.077,0.0263,0,-1.511,2.892,0.189,5.189,0.000,1,14,0,0.289,0,0,0.072,0.0452,0,-1.375,-2.632,-4.966,0.034,0.028,2,14,0,0.179,0,0,0.064,0.0300,0,5.171,0.294,0,0,0.289,0.000,0.000,0.000,0.000
54.0,3.109,-0.018,-4.976,0.024,0.040,2,14,0,0.170,0,0,0.105,0.0263,0,-1.511,2.892,0.190,5.190,0.000,1,14,0,0.289,0,0,0.072,0.0452,0,-1.414,-2.642,-4.983,0.017,0.029,2,14,0,0.153,0,0,0.100,0.0300,0,5.228,0.294,0,0,0.289,0.000,0.000,0.000,0.000
55.0,3.105,-0.021,-5.017,-0.017,0.047,2,14,0,0.172,0,0,0.100,0.0263,0,-1.511,2.892,0.190,5.190,0.000,1,14,0,0.289,0,0,0.072,0.0452,0,-1.340,-2.654,-4.986,0.014,0.063,2,14,0,0.151,0,0,0.029,0.0300,0,5.166,0.294,0,0,0.289,0.000,0.000,0.000,0.000
56.0,3.046,-0.096,-5.029,-0.029,0.083,2,14,0,0.176,0,0,0.015,0.0263,0,-1.511,2.892,0.191,5.191,0.000,1,14,0,0.289,0,0,0.072,0.0452,0,-1.252,-2.668,-4.974,0.026,0.054,2,14,0,0.155,0,0,0.065,0.0300,0,5.009,0.294,0,0,0.289,0.000,0.000,0.000,0.000
57.0,2.975,-0.141,-4.960,0.040,0.057,2,14,0,0.153,0,0,0.086,0.0263,0,-1.511,2.892,0.191,5.191,0.000,1,14,0,0.289,0,0,0.072,0.0452,0,-1.267,-2.602,-5.000,-0.000,0.022,2,14,0,0.185,0,0,0.064,0.0300,0,4.905,0.294,0,0,0.289,0.000,0.000,0.000,0.000
58.0,2.913,-0.152,-4.981,0.019,0.014,2,14,0,0.145,0,0,0.147,0.0263,0,-1.511,2.892,0.192,5.192,0.000,1,14,0,0.289,0,0,0.072,0.0452,0,-1.299,-2.608,-5.007,-0.007,0.010,2,14,0,0.157,0,0,0.041,0.0300,0,4.875,0.294,0,0,0.289,0.000,0.000,0.000,0.000
59.0,2.934,-0.147,-5.035,-0.035,0.059,2,14,0,0.229,0,0,0.129,0.0263,0,-1.511,2.892,0.192,5.192,0.000,1,14,0,0.289,0,0,0.072,0.0452,0,-1.253,-2.602,-4.997,0.003,0.027,2,14,0,0.165,0,0,0.075,0.0300,0,4.854,0.294,0,0,0.289,0.000,0.000,0.000,0.000
60.0,3.000,-0.096,-5.026,-0.026,0.071,2,14,0,0.216,0,0,0.055,0.0266,0,-1.511,2.892,0.192,5.192,0.000,1,14,0,0.289,0,0,0.072,0.0452,0,-1.286,-2.562,-5.035,-0.035,0.037,2,14,0,0.181,0,0,0.088,0.0300,0,4.945,0.294,0,0,0.289,0.000,0.000,0.000,0.000
61.0,3.111,-0.117,-4.999,0.001,0.070,2,14,0,0.177,0,0,0.056,0.0266,0,-1.511,2.892,0.193,5.193,0.000,1,14,0,0.289,0,0,0.072,0.0452,0,-1.345,-2.560,-4.995,0.005,0.055,2,14,0,0.179,0,0,0.092,0.0300,0,5.082,0.294,0,0,0.289,0.000,0.000,0.000,0.000
62.0,3.112,-0.070,-5.045,-0.045,0.023,2,14,0,0.207,0,0,0.069,0.0266,0,-1.511,2.892,0.193,5.193,0.000,1,14,0,0.289,0,0,0.072,0.0452,0,-1.431,-2.627,-5.002,-0.002,0.047,2,14,0,0.224,0,0,0.121,0.0300,0,5.214,0.294,0,0,0.289,0.000,0.000,0.000,0.000
63.0,3.114,0.011,-4.994,0.006,0.040,2,14,0,0.147,0,0,0.133,0.0266,0,-1.511,2.892,0.193,5.193,0.000,1,14,0,0.289,0,0,0.072,0.0452,0,-1.360,-2.701,-5.019,-0.019,0.050,2,14,0,0.152,0,0,0.073,0.0300,0,5.232,0.294,0,0,0.289,0.000,0.000,0.000,0.000
64.0,3.067,0.037,-5.015,-0.015,0.070,2,14,0,0.149,0,0,0.145,0.0276,0,-1.511,2.892,0.193,5.193,0.000,1,14,0,0.289,0,0,0.072,0.0452,0,-1.232,-2.724,-4.944,0.056,0.052,2,14,0,0.186,0,0,0.111,0.0300,0,5.110,0.297,0,0,0.289,0.000,0.000,0.000,0.000
65.0,2.951,-0.016,-4.989,0.011,0.094,2,14,0,0.177,0,0,0.137,0.0280,0,-1.511,2.892,0.193,5.193,0.000,1,14,0,0.289,0,0,0.072,0.0452,0,-1.210,-2.695,-4.963,0.037,0.053,2,14,0,0.188,0,0,0.116,0.0300,0,4.949,0.306,0,0,0.289,0.000,0.000,0.000,0.000
66.0,2.938,-0.105,-5.014,-0.014,0.073,2,14,0,0.143,0,0,0.116,0.0280,0,-1.511,2.892,0.194,5.194,0.000,1,14,0,0.289,0,0,0.072,0.0452,0,-1.287,-2.618,-4.933,0.067,0.079,2,14,0,0.183,0,0,0.037,0.0300,0,4.917,0.294,0,0,0.289,0.000,0.000,0.000,0.000
67.0,3.010,-0.198,-5.015,-0.015,0.050,2,14,0,0.149,0,0,0.100,0.0280,0,-1.511,2.892,0.194,5.194,0.000,1,14,0,0.289,0,0,0.072,0.0452,0,-1.400,-2.563,-5.034,-0.034,0.056,2,14,0,0.152,0,0,0.121,0.0300,0,5.005,0.294,0,0,0.289,0.000,0.000,0.000,0.000
68.0,2.954,-0.223,-5.065,-0.065,0.032,2,14,0,0.157,0,0,0.153,0.0280,0,-1.511,2.892,0.194,5.194,0.000,1,14,0,0.289,0,0,0.072,0.0452,0,-1.374,-2.634,-5.019,-0.019,0.016,2,14,0,0.189,0,0,0.064,0.0300,0,4.954,0.294,0,0,0.289,0.000,0.000,0.000,0.000
69.0,2.956,-0.237,-5.088,-0.088,0.063,2,14,0,0.239,0,0,0.162,0.0310,0,-1.511,2.892,0.194,5.194,0.000,1,14,0,0.289,0,0,0.072,0.0452,0,-1.359,-2.646,-5.035,-0.035,0.030,2,14,0,0.229,0,0,0.048,0.0300,0,4.942,0.294,0,0,0.289,0.000,0.000,0.000,0.000
70.0,3.089,-0.169,-5.003,-0.003,0.108,2,14,0,0.173,0,0,0.070,0.0341,0,-1.511,2.892,0.194,5.194,0.000,1,14,0,0.289,0,0,0.072,0.0452,0,-1.310,-2.681,-5.048,-0.048,0.025,2,14,0,0.161,0,0,0.035,0.0300,0,5.066,0.294,0,0,0.289,0.000,0.000,0.000,0.000
71.0,3.173,-0.113,-4.961,0.039,0.079,2,14,0,0.148,0,0,0.119,0.0341,0,-1.511,2.892,0.194,5.194,0.000,1,14,0,0.289,0,0,0.072,0.0452,0,-1.236,-2.656,-4.981,0.019,0.032,2,14,0,0.182,0,0,0.076,0.0300,0,5.090,0.294,0,0,0.289,0.000,0.000,0.000,0.000
72.0,3.179,-0.018,-4.967,0.033,0.075,2,14,0,0.174,0,0,0.153,0.0341,0,-1.511,2.892,0.194,5.194,0.000,1,14,0,0.289,0,0,0.072,0.0452,0,-1.223,-2.641,-4.990,0.010,0.022,2,14,0,0.182,0,0,0.091,0.0300,0,5.125,0.294,0,0,0.289,0.000,0.000,0.000,0.000
73.0,3.149,0.010,-4.968,0.032,0.083,2,14,0,0.173,0,0,0.152,0.0341,0,-1.511,2.892,0.194,5.194,0.000,1,14,0,0.289,0,0,0.072,0.0452,0,-1.240,-2.635,-4.995,0.005,0.038,2,14,0,0.159,0,0,0.075,0.0300,0,5.124,0.294,0,0,0.289,0.000,0.000,0.000,0.000
74.0,3.111,0.022,-5.003,-0.003,0.106,2,14,0,0.172,0,0,0.143,0.0380,0,-1.511,2.892,0.194,5.194,0.000,1,14,0,0.289,0,0,0.072,0.0452,0,-1.303,-2.604,-5.013,-0.013,0.055,2,14,0,0.182,0,0,0.042,0.0300,0,5.136,0.294,0,0,0.289,0.000,0.000,0.000,0.000
75.0,3.018,-0.004,-5.077,-0.077,0.106,2,14,0,0.149,0,0,0.111,0.0380,0,-1.511,2.892,0.194,5.194,0.000,1,14,0,0.289,0,0,0.072,0.0452,0,-1.334,-2.621,-4.997,0.003,0.042,2,14,0,0.184,0,0,0.031,0.0300,0,5.079,0.294,0,0,0.289,0.000,0.000,0.000,0.000
76.0,2.886,-0.056,-5.030,-0.030,0.097,2,14,0,0.170,0,0,0.174,0.0380,0,-1.511,2.892,0.195,5.195,0.000,1,14,0,0.289,0,0,0.072,0.0452,0,-1.422,-2.621,-4.968,0.032,0.024,2,14,0,0.230,0,0,0.111,0.0300,0,5.015,0.294,0,0,0.289,0.000,0.000,0.000,0.000
77.0,2.847,-0.113,-5.051,-0.051,0.071,2,14,0,0.177,0,0,0.208,0.0380,0,-1.511,2.892,0.195,5.195,0.000,1,14,0,0.289,0,0,0.072,0.0452,0,-1.428,-2.633,-4.979,0.021,0.037,2,14,0,0.195,0,0,0.117,0.0300,0,4.963,0.294,0,0,0.289,0.000,0.000,0.000,0.000
78.0,2.904,-0.197,-4.982,0.018,0.098,2,14,0,0.218,0,0,0.176,0.0380,0,-1.511,2.892,0.195,5.195,0.000,1,14,0,0.289,0,0,0.072,0.0452,0,-1.364,-2.619,-4.976,0.024,0.063,2,14,0,0.224,0,0,0.059,0.0300,0,4.907,0.294,0,0,0.289,0.000,0.000,0.000,0.000
79.0,3.005,-0.212,-5.001,-0.001,0.108,2,14,0,0.147,0,0,0.117,0.0380,0,-1.511,2.892,0.195,5.195,0.000,1,14,0,0.289,0,0,0.072,0.0452,0,-1.255,-2.615,-5.003,-0.003,0.058,2,14,0,0.156,0,0,0.065,0.0300,0,4.891,0.294,0,0,0.289,0.000,0.000,0.000,0.000
80.0,3.130,-0.160,-4.966,0.034,0.104,2,14,0,0.192,0,0,0.092,0.0380,0,-1.511,2.892,0.195,5.195,0.000,1,14,0,0.289,0,0,0.072,0.0452,0,-1.240,-2.614,-5.056,-0.056,0.010,2,14,0,0.184,0,0,0.079,0.0300,0,5.013,0.294,0,0,0.289,0.000,0.000,0.000,0.000
81.0,3.179,-0.025,-4.950,0.050,0.073,2,14,0,0.213,0,0,0.149,0.0380,0,-1.511,2.892,0.195,5.195,0.000,1,14,0,0.289,0,0,0.072,0.0452,0,-1.264,-2.637,-4.961,0.039,0.023,2,14,0,0.184,0,0,0.050,0.0300,0,5.154,0.294,0,0,0.289,0.000,0.000,0.000,0.000
82.0,3.165,0.045,-5.004,-0.004,0.051,2,14,0,0.172,0,0,0.188,0.0380,0,-1.511,2.892,0.195,5.195,0.000,1,14,0,0.289,0,0,0.072,0.0452,0,-1.305,-2.633,-5.045,-0.045,0.041,2,14,0,0.231,0,0,0.017,0.0300,0,5.211,0.294,0,0,0.289,0.000,0.000,0.000,0.000
83.0,3.072,-0.002,-4.963,0.037,0.102,2,14,0,0.215,0,0,0.109,0.0380,0,-1.511,2.892,0.195,5.195,0.000,1,14,0,0.289,0,0,0.072,0.0452,0,-1.410,-2.675,-4.979,0.021,0.030,2,14,0,0.185,0,0,0.099,0.0300,0,5.219,0.294,0,0,0.289,0.000,0.000,0.000,0.000
84.0,2.969,-0.125,-4.970,0.030,0.097,2,14,0,0.177,0,0,0.085,0.0380,0,-1.511,2.892,0.195,5.195,0.000,1,14,0,0.289,0,0,0.072,0.0452,0,-1.383,-2.670,-4.949,0.051,0.033,2,14,0,0.191,0,0,0.075,0.0300,0,5.042,0.294,0,0,0.289,0.000,0.000,0.000,0.000
85.0,2.943,-0.217,-4.945,0.055,0.022,2,14,0,0.173,0,0,0.237,0.0448,0,-1.511,2.892,0.195,5.195,0.000,1,14,0,0.289,0,0,0.072,0.0452,0,-1.293,-2.625,-4.958,0.042,0.058,2,14,0,0.181,0,0,0.078,0.0429,0,4.873,0.323,0,0,0.289,-0.001,0.101,-0.002,0.246
86.0,3.002,-0.019,-5.012,-0.012,0.284,2,14,0,0.233,0,0,0.415,0.1594,0,-1.511,2.892,0.195,5.195,0.000,1,14,0,0.289,0,0,0.072,0.0452,0,-1.316,-2.477,-5.012,-0.012,0.246,2,14,0,0.183,0,0,0.321,0.1376,0,4.968,0.516,0,0,0.289,-0.012,0.497,-0.027,0.545
87.0,3.112,0.420,-5.055,-0.055,0.618,2,14,0,0.201,0,0,0.679,0.2714,0,-1.511,2.892,0.195,5.195,0.000,1,14,0,0.289,0,0,0.072,0.0452,0,-1.256,-2.053,-5.012,-0.012,0.570,2,14,0,0.201,0,0,0.604,0.2552,0,5.020,0.898,0,0,0.289,-0.071,1.190,-0.101,0.840
88.0,3.072,1.205,-5.014,-0.014,0.979,2,14,0,0.233,0,0,0.912,0.3948,0,-1.511,2.892,0.195,5.195,0.000,1,14,0,0.289,0,0,0.072,0.0452,0,-1.198,-1.274,-4.965,0.035,0.947,2,14,0,0.209,0,0,0.866,0.3877,0,4.938,1.891,0,0,0.289,-0.239,2.171,-0.249,1.119
89.0,2.900,2.390,-5.010,-0.010,1.403,2,14,0,0.211,0,0,1.031,0.5457,0,-1.511,2.892,0.195,5.195,0.000,1,14,0,0.289,0,0,0.072,0.0452,0,-1.487,-0.136,-4.986,0.014,1.395,2,14,0,0.207,0,0,0.994,0.5453,0,5.063,3.176,0,0,0.289,-0.601,3.415,-0.494,1.359
90.0,2.444,3.982,-4.966,0.034,1.873,2,14,0,0.254,0,0,0.943,0.6759,0,-1.511,2.892,0.195,5.195,0.000,1,14,0,0.289,0,0,0.072,0.0452,0,-1.964,1.358,-5.005,-0.005,1.783,2,14,0,0.237,0,0,0.952,0.6089,0,5.130,4.642,0,0,0.289,-1.215,4.777,-0.717,1.318
91.0,1.671,5.790,-4.960,0.040,2.133,2,14,0,0.213,0,0,0.670,0.7034,0,-1.511,2.892,0.195,5.195,0.000,1,14,0,0.289,0,0,0.072,0.0452,0,-2.855,2.962,-5.022,-0.022,1.933,2,14,0,0.204,0,0,0.649,0.6888,0,5.337,6.086,0,0,0.289,-2.027,6.036,-0.905,1.196
92.0,0.618,7.652,-4.975,0.025,2.176,2,14,0,0.236,0,0,0.833,0.7034,0,-1.511,2.892,0.195,5.195,0.000,1,14,0,0.289,0,0,0.072,0.0452,0,-4.148,4.602,-4.998,0.002,2.125,2,14,0,0.251,0,0,0.198,0.6938,0,5.659,7.496,0,0,0.289,-3.019,7.160,-1.074,1.047
93.0,-0.832,9.332,-5.031,-0.031,2.180,2,14,0,0.228,0,0,1.329,0.7037,0,-1.511,2.892,0.195,5.195,0.000,1,14,0,0.289,0,0,0.072,0.0452,0,-5.556,6.166,-4.987,0.013,2.009,2,14,0,0.212,0,0,0.687,0.6938,0,5.687,8.864,0,0,0.289,-4.167,8.123,-1.218,0.875
94.0,-2.453,10.708,-5.010,-0.010,2.055,2,14,0,0.289,0,0,1.903,0.7037,0,-1.511,2.892,0.195,5.195,0.000,1,14,0,0.289,0,0,0.072,0.0452,0,-6.903,7.522,-5.052,-0.052,1.798,2,14,0,0.263,0,0,1.269,0.6938,0,5.472,10.182,0,0,0.289,-5.446,8.903,-1.335,0.683
95.0,-4.050,11.852,-5.030,-0.030,1.830,2,14,0,0.279,0,0,2.473,0.7037,0,-1.511,2.892,0.195,5.195,0.000,1,14,0,0.289,0,0,0.072,0.0452,0,-8.239,8.534,-5.101,-0.101,1.559,2,14,0,0.207,0,0,1.697,0.6938,0,5.344,11.442,0,0,0.289,-6.828,9.484,-1.423,0.476
96.0,-5.565,12.681,-5.024,-0.024,1.575,2,14,0,0.225,0,0,2.950,0.7037,0,-1.511,2.892,0.195,5.195,0.000,1,14,0,0.289,0,0,0.072,0.0452,0,-9.611,9.163,-5.060,-0.060,1.371,2,14,0,0.228,0,0,1.954,0.6938,0,5.362,12.639,0,0,0.289,-8.281,9.851,-1.478,0.258
97.0,-6.946,13.112,-5.016,-0.016,1.327,2,14,0,0.311,0,0,3.226,0.7037,0,-1.511,2.892,0.195,5.195,0.000,1,14,0,0.289,0,0,0.072,0.0452,0,-10.907,9.506,-4.991,0.009,1.244,2,14,0,0.233,0,0,2.158,0.6938,0,5.357,13.764,0,0,0.311,-9.772,9.997,-1.500,0.034
98.0,-8.226,13.182,-5.075,-0.075,1.241,2,14,0,0.279,0,0,3.372,0.7037,0,-1.511,2.892,0.195,5.195,0.000,1,14,0,0.289,0,0,0.072,0.0452,0,-12.209,9.513,-4.992,0.008,1.268,2,14,0,0.237,0,0,2.270,0.6938,0,5.415,14.812,0,0,0.289,-11.269,9.919,-1.488,-0.190
99.0,-9.529,12.881,-4.960,0.040,1.327,2,14,0,0.291,0,0,3.379,0.7037,0,-1.511,2.892,0.195,5.195,0.000,1,14,0,0.289,0,0,0.072,0.0452,0,-13.557,9.045,-4.934,0.066,1.412,2,14,0,0.234,0,0,2.131,0.6938,0,5.562,15.777,0,0,0.291,-12.737,9.618,-1.443,-0.411
100.0,-10.797,12.129,-4.964,0.036,1.545,2,14,0,0.258,0,0,3.158,0.7037,0,-1.511,2.892,0.195,5.195,0.000,1,14,0,0.289,0,0,0.072,0.0452,0,-14.898,8.223,-4.913,0.087,1.632,2,14,0,0.210,0,0,1.857,0.6938,0,5.665,16.652,0,0,0.289,-14.143,9.101,-1.365,-0.621
101.0,-12.030,11.018,-4.995,0.005,1.811,2,14,0,0.260,0,0,2.783,0.7037,0,-1.511,2.892,0.195,5.195,0.000,1,14,0,0.289,0,0,0.072,0.0452,0,-16.094,6.966,-5.018,-0.018,1.888,2,14,0,0.284,0,0,1.408,0.6938,0,5.739,17.435,0,0,0.289,-15.457,8.380,-1.257,-0.819
102.0,-13.148,9.443,-4.945,0.055,2.137,2,14,0,0.337,0,0,2.161,0.7590,0,-1.511,2.892,0.195,5.195,0.000,1,14,0,0.289,0,0,0.072,0.0452,0,-17.205,5.322,-5.021,-0.021,2.124,2,14,0,0.184,0,0,0.906,0.6957,0,5.783,18.119,0,0,0.337,-16.648,7.470,-1.121,-0.997
103.0,-14.249,7.403,-5.015,-0.015,2.499,2,14,0,0.180,0,0,1.202,0.8514,0,-1.511,2.892,0.195,5.195,0.000,1,14,0,0.289,0,0,0.072,0.0452,0,-18.289,3.564,-4.979,0.021,2.041,2,14,0,0.254,0,0,0.731,0.6957,0,5.573,18.702,0,0,0.289,-17.690,6.393,-0.959,-1.153
104.0,-15.164,5.025,-5.032,-0.032,2.530,2,14,0,0.206,0,0,0.353,0.8514,0,-1.511,2.892,0.195,5.195,0.000,1,14,0,0.289,0,0,0.072,0.0452,0,-19.148,1.929,-5.009,-0.009,1.791,2,14,0,0.209,0,0,0.937,0.6957,0,5.046,19.179,0,0,0.289,-18.559,5.172,-0.776,-1.284
105.0,-15.797,2.751,-5.037,-0.037,2.320,2,14,0,0.231,0,0,1.035,0.8514,0,-1.511,2.892,0.195,5.195,0.000,1,14,0,0.289,0,0,0.072,0.0452,0,-19.758,0.487,-5.001,-0.001,1.488,2,14,0,0.240,0,0,1.057,0.6957,0,4.563,19.548,0,0,0.289,-19.235,3.835,-0.575,-1.385
106.0,-16.218,0.574,-5.054,-0.054,2.094,2,14,0,0.229,0,0,1.753,0.8514,0,-1.511,2.892,0.195,5.195,0.000,1,14,0,0.289,0,0,0.072,0.0452,0,-20.001,-0.769,-4.986,0.014,1.194,2,14,0,0.261,0,0,1.148,0.6957,0,4.015,19.808,0,0,0.289,-19.705,2.412,-0.362,-1.456
107.0,-16.345,-1.370,-5.110,-0.110,1.854,2,14,0,0.225,0,0,2.252,0.8514,0,-1.511,2.892,0.195,5.195,0.000,1,14,0,0.289,0,0,0.072,0.0452,0,-20.107,-1.868,-4.973,0.027,1.058,2,14,0,0.209,0,0,1.173,0.6957,0,3.797,19.956,0,0,0.289,-19.956,0.935,-0.140,-1.493
108.0,-16.236,-3.066,-5.096,-0.096,1.597,2,14,0,0.256,0,0,2.481,0.8514,0,-1.511,2.892,0.195,5.195,0.000,1,14,0,0.289,0,0,0.072,0.0452,0,-20.137,-2.882,-4.980,0.020,1.078,2,14,0,0.259,0,0,1.201,0.6957,0,3.907,19.992,0,0,0.289,-19.984,-0.564,0.085,-1.498
109.0,-15.903,-4.513,-4.967,0.033,1.342,2,14,0,0.443,0,0,2.475,0.8514,0,-1.511,2.892,0.195,5.195,0.000,1,14,0,0.289,0,0,0.072,0.0452,0,-20.105,-3.995,-5.003,-0.003,1.235,2,14,0,0.208,0,0,1.214,0.6957,0,4.234,19.916,0,0,0.443,-19.788,-2.049,0.307,-1.468
110.0,-15.400,-5.645,-4.916,0.084,1.085,2,14,0,0.487,0,0,2.235,0.8514,0,-1.511,2.892,0.195,5.195,0.000,1,14,0,0.289,0,0,0.072,0.0452,0,-19.891,-5.341,-4.963,0.037,1.452,2,14,0,0.234,0,0,1.122,0.6957,0,4.501,19.727,0,0,0.487,-19.372,-3.489,0.523,-1.406
111.0,-14.762,-6.435,-4.958,0.042,0.866,2,14,0,0.226,0,0,1.731,0.8514,0,-1.511,2.892,0.195,5.195,0.000,1,14,0,0.289,0,0,0.072,0.0452,0,-19.463,-6.755,-4.981,0.019,1.616,2,14,0,0.219,0,0,0.950,0.6957,0,4.712,19.428,0,0,0.289,-18.745,-4.850,0.728,-1.312
112.0,-14.139,-6.845,-4.958,0.042,0.746,2,14,0,0.174,0,0,0.961,0.8514,0,-1.511,2.892,0.195,5.195,0.000,1,14,0,0.289,0,0,0.072,0.0452,0,-18.629,-8.251,-5.030,-0.030,1.729,2,14,0,0.186,0,0,0.785,0.6957,0,4.706,19.019,0,0,0.289,-17.922,-6.103,0.915,-1.188
113.0,-13.405,-6.959,-5.040,-0.040,0.912,2,14,0,0.178,0,0,0.579,0.8514,0,-1.511,2.892,0.195,5.195,0.000,1,14,0,0.289,0,0,0.072,0.0452,0,-17.549,-9.502,-5.027,-0.027,1.711,2,14,0,0.218,0,0,0.776,0.6957,0,4.862,18.504,0,0,0.289,-16.921,-7.218,1.083,-1.038
114.0,-12.437,-7.237,-5.045,-0.045,1.183,2,14,0,0.233,0,0,1.078,0.8514,0,-1.511,2.892,0.195,5.195,0.000,1,14,0,0.289,0,0,0.072,0.0452,0,-16.263,-10.533,-5.008,-0.008,1.658,2,14,0,0.269,0,0,0.863,0.6957,0,5.050,17.884,0,0,0.289,-15.765,-8.171,1.226,-0.865
115.0,-11.240,-7.740,-4.969,0.031,1.491,2,14,0,0.249,0,0,1.325,0.8514,0,-1.511,2.892,0.195,5.195,0.000,1,14,0,0.289,0,0,0.072,0.0452,0,-14.892,-11.328,-5.000,0.000,1.569,2,14,0,0.229,0,0,0.939,0.6957,0,5.120,17.164,0,0,0.289,-14.479,-8.941,1.341,-0.672
116.0,-9.760,-8.440,-4.961,0.039,1.762,2,14,0,0.178,0,0,1.214,0.8514,0,-1.511,2.892,0.195,5.195,0.000,1,14,0,0.289,0,0,0.072,0.0452,0,-13.420,-11.775,-4.959,0.041,1.488,2,14,0,0.181,0,0,1.059,0.6957,0,4.951,16.348,0,0,0.289,-13.092,-9.510,1.426,-0.464
117.0,-8.134,-9.311,-4.941,0.059,1.807,2,14,0,0.207,0,0,0.799,0.8514,0,-1.511,2.892,0.195,5.195,0.000,1,14,0,0.289,0,0,0.072,0.0452,0,-11.950,-11.946,-4.964,0.036,1.400,2,14,0,0.181,0,0,1.154,0.6957,0,4.637,15.439,0,0,0.289,-11.636,-9.865,1.480,-0.245
118.0,-6.518,-9.941,-4.958,0.042,1.669,2,14,0,0.197,0,0,0.574,0.8514,0,-1.511,2.892,0.195,5.195,0.000,1,14,0,0.289,0,0,0.072,0.0452,0,-10.599,-11.936,-5.047,-0.047,1.332,2,14,0,0.171,0,0,1.118,0.6957,0,4.543,14.444,0,0,0.289,-10.144,-9.999,1.500,-0.022
119.0,-5.019,-10.287,-4.982,0.018,1.492,2,14,0,0.203,0,0,0.625,0.8514,0,-1.511,2.892,0.195,5.195,0.000,1,14,0,0.289,0,0,0.072,0.0452,0,-9.249,-11.680,-5.008,-0.008,1.308,2,14,0,0.181,0,0,1.132,0.6957,0,4.454,13.367,0,0,0.289,-8.648,-9.908,1.486,0.203
120.0,-3.598,-10.261,-5.017,-0.017,1.391,2,14,0,0.231,0,0,0.756,0.8514,0,-1.511,2.892,0.195,5.195,0.000,1,14,0,0.289,0,0,0.072,0.0452,0,-8.030,-11.392,-4.979,0.021,1.295,2,14,0,0.182,0,0,0.976,0.6957,0,4.574,12.216,0,0,0.289,-7.183,-9.595,1.439,0.423
121.0,-2.277,-9.917,-5.015,-0.015,1.365,2,14,0,0.199,0,0,0.867,0.8514,0,-1.511,2.892,0.195,5.195,0.000,1,14,0,0.289,0,0,0.072,0.0452,0,-6.796,-11.050,-4.932,0.068,1.351,2,14,0,0.181,0,0,0.735,0.6957,0,4.660,10.995,0,0,0.289,-5.780,-9.066,1.360,0.633
122.0,-1.113,-9.133,-5.022,-0.022,1.489,2,14,0,0.224,0,0,0.765,0.8514,0,-1.511,2.892,0.195,5.195,0.000,1,14,0,0.289,0,0,0.072,0.0452,0,-5.548,-10.560,-4.990,0.010,1.430,2,14,0,0.252,0,0,0.499,0.6957,0,4.659,9.713,0,0,0.289,-4.473,-8.334,1.250,0.829
123.0,-0.096,-7.903,-5.017,-0.017,1.740,2,14,0,0.183,0,0,0.414,0.8514,0,-1.511,2.892,0.195,5.195,0.000,1,14,0,0.289,0,0,0.072,0.0452,0,-4.268,-9.767,-5.006,-0.006,1.515,2,14,0,0.177,0,0,0.451,0.6957,0,4.569,8.377,0,0,0.289,-3.290,-7.414,1.112,1.007
124.0,0.901,-6.331,-5.053,-0.053,1.905,2,14,0,0.176,0,0,0.132,0.8514,0,-1.511,2.892,0.195,5.195,0.000,1,14,0,0.289,0,0,0.072,0.0452,0,-3.118,-8.723,-4.981,0.019,1.556,2,14,0,0.186,0,0,0.521,0.6957,0,4.678,6.993,0,0,0.289,-2.257,-6.328,0.949,1.161
125.0,1.841,-4.654,-5.004,-0.004,1.816,2,14,0,0.178,0,0,0.557,0.8514,0,-1.511,2.892,0.195,5.195,0.000,1,14,0,0.289,0,0,0.072,0.0452,0,-2.316,-7.485,-4.987,0.013,1.547,2,14,0,0.183,0,0,0.479,0.6957,0,5.029,5.569,0,0,0.289,-1.398,-5.100,0.765,1.290
126.0,2.583,-3.217,-4.972,0.028,1.565,2,14,0,0.181,0,0,0.673,0.8514,0,-1.511,2.892,0.195,5.195,0.000,1,14,0,0.289,0,0,0.072,0.0452,0,-1.596,-6.080,-4.992,0.008,1.551,2,14,0,0.186,0,0,0.557,0.6957,0,5.065,4.115,0,0,0.289,-0.733,-3.757,0.564,1.390
127.0,3.086,-1.927,-4.997,0.003,1.344,2,14,0,0.173,0,0,0.577,0.8514,0,-1.511,2.892,0.195,5.195,0.000,1,14,0,0.289,0,0,0.072,0.0452,0,-1.132,-4.593,-4.963,0.037,1.492,2,14,0,0.220,0,0,0.601,0.6957,0,4.990,2.637,0,0,0.289,-0.275,-2.330,0.350,1.459
128.0,3.399,-0.701,-4.998,0.002,1.261,2,14,0,0.180,0,0,0.453,0.8514,0,-1.511,2.892,0.195,5.195,0.000,1,14,0,0.289,0,0,0.072,0.0452,0,-0.953,-3.141,-5.019,-0.019,1.409,2,14,0,0.176,0,0,0.539,0.6957,0,4.989,1.145,0,0,0.289,-0.036,-0.851,0.128,1.495
129.0,3.431,0.634,-4.982,0.018,1.330,2,14,0,0.179,0,0,0.409,0.8514,0,-1.511,2.892,0.195,5.195,0.000,1,14,0,0.289,0,0,0.072,0.0452,0,-1.077,-1.777,-5.060,-0.060,1.350,2,14,0,0.210,0,0,0.346,0.6957,0,5.114,0.476,0,0,0.289,-0.021,0.648,-0.097,1.497
130.0,3.180,2.071,-4.999,0.001,1.436,2,14,0,0.175,0,0,0.360,0.8514,0,-1.511,2.892,0.195,5.195,0.000,1,14,0,0.289,0,0,0.072,0.0452,0,-1.263,-0.469,-4.978,0.022,1.337,2,14,0,0.181,0,0,0.282,0.6957,0,5.118,1.851,0,0,0.289,-0.230,2.132,-0.320,1.466
131.0,2.684,3.499,-5.004,-0.004,1.550,2,14,0,0.180,0,0,0.299,0.8514,0,-1.511,2.892,0.195,5.195,0.000,1,14,0,0.289,0,0,0.072,0.0452,0,-1.622,0.824,-4.924,0.076,1.401,2,14,0,0.235,0,0,0.359,0.6957,0,5.069,3.337,0,0,0.289,-0.658,3.568,-0.535,1.401
132.0,1.982,4.896,-4.989,0.011,1.617,2,14,0,0.175,0,0,0.240,0.8514,0,-1.511,2.892,0.195,5.195,0.000,1,14,0,0.289,0,0,0.072,0.0452,0,-2.520,2.009,-4.975,0.025,1.473,2,14,0,0.225,0,0,0.276,0.6957,0,5.341,4.805,0,0,0.289,-1.296,4.924,-0.739,1.306
133.0,1.188,6.370,-5.045,-0.045,1.643,2,14,0,0.177,0,0,0.402,0.8514,0,-1.511,2.892,0.195,5.195,0.000,1,14,0,0.289,0,0,0.072,0.0452,0,-3.745,3.156,-4.971,0.029,1.707,2,14,0,0.224,0,0,0.472,0.6957,0,5.635,6.246,0,0,0.289,-2.130,6.169,-0.925,1.181
134.0,0.134,7.628,-5.003,-0.003,1.629,2,14,0,0.177,0,0,0.502,0.8514,0,-1.511,2.892,0.195,5.195,0.000,1,14,0,0.289,0,0,0.072,0.0452,0,-4.854,4.519,-5.043,-0.043,1.766,2,14,0,0.183,0,0,0.421,0.6957,0,5.877,7.651,0,0,0.289,-3.140,7.276,-1.091,1.029
135.0,-1.150,8.555,-4.924,0.076,1.607,2,14,0,0.173,0,0,0.451,0.8514,0,-1.511,2.892,0.195,5.195,0.000,1,14,0,0.289,0,0,0.072,0.0452,0,-5.914,5.778,-5.034,-0.034,1.614,2,14,0,0.206,0,0,0.367,0.6957,0,5.516,9.014,0,0,0.289,-4.304,8.219,-1.233,0.854
136.0,-2.594,9.248,-5.018,-0.018,1.565,2,14,0,0.172,0,0,0.369,0.8514,0,-1.511,2.892,0.195,5.195,0.000,1,14,0,0.289,0,0,0.072,0.0452,0,-6.935,6.739,-5.029,-0.029,1.402,2,14,0,0.204,0,0,0.408,0.6957,0,5.014,10.326,0,0,0.289,-5.597,8.978,-1.347,0.661
137.0,-4.041,9.652,-4.961,0.039,1.497,2,14,0,0.191,0,0,0.241,0.8514,0,-1.511,2.892,0.195,5.195,0.000,1,14,0,0.289,0,0,0.072,0.0452,0,-8.036,7.478,-5.033,-0.033,1.314,2,14,0,0.208,0,0,0.642,0.6957,0,4.549,11.580,0,0,0.289,-6.988,9.536,-1.430,0.452
138.0,-5.447,9.881,-5.028,-0.028,1.437,2,14,0,0.199,0,0,0.117,0.8514,0,-1.511,2.892,0.195,5.195,0.000,1,14,0,0.289,0,0,0.072,0.0452,0,-9.262,7.873,-5.100,-0.100,1.368,2,14,0,0.278,0,0,0.802,0.6957,0,4.312,12.768,0,0,0.289,-8.447,9.879,-1.482,0.233
139.0,-6.938,9.939,-5.030,-0.030,1.424,2,14,0,0.175,0,0,0.056,0.8514,0,-1.511,2.892,0.195,5.195,0.000,1,14,0,0.289,0,0,0.072,0.0452,0,-10.711,7.903,-5.057,-0.057,1.520,2,14,0,0.216,0,0,0.771,0.6957,0,4.288,13.885,0,0,0.289,-9.940,10.000,-1.500,0.009
140.0,-8.278,9.795,-5.025,-0.025,1.391,2,14,0,0.177,0,0,0.114,0.8514,0,-1.511,2.892,0.195,5.195,0.000,1,14,0,0.289,0,0,0.072,0.0452,0,-12.304,7.526,-4.948,0.052,1.652,2,14,0,0.186,0,0,0.520,0.6957,0,4.622,14.924,0,0,0.289,-11.435,9.896,-1.484,-0.215
141.0,-9.645,9.450,-4.983,0.017,1.434,2,14,0,0.175,0,0,0.221,0.8514,0,-1.511,2.892,0.195,5.195,0.000,1,14,0,0.289,0,0,0.072,0.0452,0,-13.860,6.989,-4.996,0.004,1.656,2,14,0,0.177,0,0,0.353,0.6957,0,4.880,15.879,0,0,0.289,-12.898,9.571,-1.436,-0.435
142.0,-10.975,8.902,-4.963,0.037,1.481,2,14,0,0.197,0,0,0.277,0.8514,0,-1.511,2.892,0.195,5.195,0.000,1,14,0,0.289,0,0,0.072,0.0452,0,-15.292,6.185,-4.975,0.025,1.565,2,14,0,0.224,0,0,0.369,0.6957,0,5.101,16.745,0,0,0.289,-14.296,9.030,-1.355,-0.644
143.0,-12.321,8.152,-4.977,0.023,1.512,2,14,0,0.182,0,0,0.242,0.8514,0,-1.511,2.892,0.195,5.195,0.000,1,14,0,0.289,0,0,0.072,0.0452,0,-16.577,5.353,-5.008,-0.008,1.420,2,14,0,0.219,0,0,0.438,0.6957,0,5.094,17.516,0,0,0.289,-15.597,8.287,-1.243,-0.840
144.0,-13.457,7.167,-5.024,-0.024,1.506,2,14,0,0.175,0,0,0.285,0.8514,0,-1.511,2.892,0.195,5.195,0.000,1,14,0,0.289,0,0,0.072,0.0452,0,-17.566,4.528,-4.981,0.019,1.284,2,14,0,0.178,0,0,0.546,0.6957,0,4.884,18.190,0,0,0.289,-16.772,7.358,-1.104,-1.016
145.0,-14.402,5.996,-4.960,0.040,1.492,2,14,0,0.176,0,0,0.379,0.8514,0,-1.511,2.892,0.195,5.195,0.000,1,14,0,0.289,0,0,0.072,0.0452,0,-18.418,3.635,-5.028,-0.028,1.261,2,14,0,0.182,0,0,0.686,0.6957,0,4.658,18.760,0,0,0.289,-17.796,6.263,-0.939,-1.169
146.0,-15.187,4.809,-5.001,-0.001,1.450,2,14,0,0.174,0,0,0.421,0.8514,0,-1.511,2.892,0.195,5.195,0.000,1,14,0,0.289,0,0,0.072,0.0452,0,-19.098,2.550,-5.015,-0.015,1.336,2,14,0,0.251,0,0,0.869,0.6957,0,4.517,19.226,0,0,0.289,-18.644,5.028,-0.754,-1.297
147.0,-15.780,3.519,-5.019,-0.019,1.429,2,14,0,0.182,0,0,0.470,0.8514,0,-1.511,2.892,0.195,5.195,0.000,1,14,0,0.289,0,0,0.072,0.0452,0,-19.637,1.289,-4.967,0.033,1.457,2,14,0,0.220,0,0,1.003,0.6957,0,4.456,19.583,0,0,0.289,-19.299,3.679,-0.552,-1.395
148.0,-16.158,2.116,-4.984,0.016,1.443,2,14,0,0.213,0,0,0.535,0.8514,0,-1.511,2.892,0.195,5.195,0.000,1,14,0,0.289,0,0,0.072,0.0452,0,-20.081,-0.124,-5.035,-0.035,1.537,2,14,0,0.260,0,0,1.013,0.6957,0,4.518,19.830,0,0,0.289,-19.744,2.248,-0.337,-1.462
149.0,-16.309,0.668,-4.969,0.031,1.456,2,14,0,0.177,0,0,0.609,0.8514,0,-1.511,2.892,0.195,5.195,0.000,1,14,0,0.289,0,0,0.072,0.0452,0,-20.375,-1.613,-4.988,0.012,1.563,2,14,0,0.202,0,0,0.945,0.6957,0,4.662,19.966,0,0,0.289,-19.971,0.767,-0.115,-1.496
