t,d0_x,d0_y,d0_z,d0_zerr,d0_velxy,d0_arm,d0_nav,d0_mpc,d0_solve_ms,d0_fallback,d0_hover,d0_poserr,min_spacing,formation_max_err,safety_violations,total_fallbacks,max_solve_ms,leader_x,leader_y,leader_vx,leader_vy
1.0,0.320,0.292,0.095,5.095,0.029,2,14,0,0.255,0,0,0.068,nan,0.434,0,0,0.255,0.000,0.000,0.000,0.000
2.0,0.351,0.318,-0.554,4.446,0.086,2,14,0,0.261,0,0,0.107,nan,0.474,0,0,0.261,0.000,0.000,0.000,0.000
3.0,0.227,0.394,-1.649,3.351,0.073,2,14,0,0.238,0,0,0.121,nan,0.454,0,0,0.238,0.000,0.000,0.000,0.000
4.0,0.097,0.308,-2.990,2.010,0.088,2,14,0,0.293,0,0,0.159,nan,0.323,0,0,0.293,0.000,0.000,0.000,0.000
5.0,0.166,0.283,-4.214,0.786,0.089,2,14,0,0.170,0,0,0.090,nan,0.328,0,0,0.170,0.000,0.000,0.000,0.000
6.0,0.356,0.248,-4.626,0.374,0.085,2,14,0,0.173,0,0,0.105,nan,0.434,0,0,0.173,0.000,0.000,0.000,0.000
7.0,0.303,0.178,-4.817,0.183,0.024,2,14,0,0.196,0,0,0.148,nan,0.330,0,0,0.196,-0.000,0.047,-0.001,0.168
8.0,0.247,0.196,-4.865,0.135,0.187,2,14,0,0.207,0,0,0.435,nan,0.304,0,0,0.207,-0.007,0.365,-0.017,0.468
9.0,0.144,0.570,-4.895,0.105,0.526,2,14,0,0.213,0,0,0.678,nan,0.454,0,0,0.213,-0.048,0.981,-0.075,0.764
10.0,0.176,1.203,-4.944,0.056,0.662,2,14,0,0.263,0,1,0.950,nan,0.773,0,0,0.263,-0.180,1.890,-0.202,1.049
11.0,0.125,1.540,-4.959,0.041,0.209,2,14,0,0.291,0,1,1.812,nan,1.645,0,0,0.291,-0.482,3.069,-0.420,1.302
12.0,-0.003,1.726,-4.983,0.017,0.142,2,14,0,0.272,0,1,3.051,nan,2.895,0,0,0.272,-1.035,4.431,-0.665,1.345
13.0,-0.017,1.812,-5.038,-0.038,0.108,2,14,0,0.265,0,1,4.424,nan,4.295,0,0,0.265,-1.798,5.720,-0.858,1.230
14.0,-0.125,1.876,-5.085,-0.085,0.115,2,14,0,0.312,0,1,5.759,nan,5.650,0,0,0.312,-2.745,6.882,-1.032,1.088
15.0,-0.176,1.959,-5.010,-0.010,0.119,2,14,0,0.265,0,1,7.060,nan,6.978,0,0,0.265,-3.855,7.889,-1.183,0.922
16.0,-0.308,2.035,-4.955,0.045,0.124,2,14,0,0.281,0,1,8.283,nan,8.225,0,0,0.281,-5.103,8.719,-1.308,0.735
17.0,-0.395,2.060,-4.950,0.050,0.108,2,14,0,0.284,0,1,9.516,nan,9.486,0,0,0.284,-6.460,9.353,-1.403,0.531
18.0,-0.452,2.107,-5.002,-0.002,0.117,2,14,0,0.239,0,1,10.693,nan,10.690,0,0,0.239,-7.898,9.777,-1.466,0.315
19.0,-0.551,2.168,-4.990,0.010,0.109,2,14,0,0.243,0,1,11.766,nan,11.791,0,0,0.243,-9.382,9.981,-1.497,0.093
20.0,-0.643,2.275,-4.973,0.027,0.122,2,14,0,0.214,0,1,12.749,nan,12.802,0,0,0.214,-10.881,9.961,-1.494,-0.132
21.0,-0.775,2.373,-5.007,-0.007,0.121,2,14,0,0.267,0,1,13.635,nan,13.717,0,0,0.267,-12.360,9.718,-1.458,-0.354
22.0,-0.787,2.525,-5.001,-0.001,0.120,2,14,0,0.231,0,1,14.524,nan,14.638,0,0,0.231,-13.785,9.256,-1.388,-0.568
23.0,-0.867,2.649,-4.959,0.041,0.117,2,14,0,0.527,0,1,15.304,nan,15.446,0,0,0.527,-15.126,8.586,-1.288,-0.769
24.0,-0.914,2.750,-5.005,-0.005,0.119,2,14,0,0.256,0,1,16.050,nan,16.219,0,0,0.256,-16.352,7.724,-1.159,-0.953
25.0,-1.052,2.780,-5.030,-0.030,0.121,2,14,0,0.234,0,1,16.648,nan,16.842,0,0,0.234,-17.434,6.688,-1.003,-1.115
26.0,-1.206,2.876,-5.006,-0.006,0.130,2,14,0,0.232,0,1,17.127,nan,17.345,0,0,0.232,-18.350,5.502,-0.825,-1.253
27.0,-1.281,2.937,-4.977,0.023,0.120,2,14,0,0.215,0,1,17.600,nan,17.842,0,0,0.215,-19.079,4.192,-0.629,-1.362
28.0,-1.364,2.915,-5.026,-0.026,0.105,2,14,0,0.240,0,1,17.979,nan,18.240,0,0,0.240,-19.603,2.788,-0.418,-1.441
29.0,-1.443,2.846,-5.037,-0.037,0.119,2,14,0,0.340,0,1,18.252,nan,18.532,0,0,0.340,-19.912,1.322,-0.198,-1.487
30.0,-1.510,2.808,-5.081,-0.081,0.117,2,14,0,0.312,0,1,18.431,nan,18.727,0,0,0.312,-19.998,-0.174,0.026,-1.500
31.0,-1.584,2.717,-4.963,0.037,0.125,2,14,0,0.376,0,1,18.484,nan,18.794,0,0,0.376,-19.860,-1.666,0.250,-1.479
32.0,-1.713,2.629,-4.982,0.018,0.131,2,14,0,0.240,0,1,18.370,nan,18.693,0,0,0.240,-19.500,-3.121,0.468,-1.425
33.0,-1.787,2.489,-4.975,0.025,0.123,2,14,0,0.253,0,1,18.178,nan,18.513,0,0,0.253,-18.927,-4.506,0.676,-1.339
34.0,-1.799,2.379,-4.971,0.029,0.123,2,14,0,0.318,0,1,17.937,nan,18.281,0,0,0.318,-18.154,-5.789,0.868,-1.223
35.0,-1.926,2.357,-5.022,-0.022,0.111,2,14,0,1.098,0,1,17.528,nan,17.880,0,0,1.098,-17.197,-6.943,1.041,-1.080
36.0,-1.982,2.302,-5.040,-0.040,0.116,2,14,0,0.261,0,1,17.067,nan,17.424,0,0,0.261,-16.079,-7.940,1.191,-0.912
37.0,-2.044,2.185,-5.014,-0.014,0.127,2,14,0,0.260,0,1,16.466,nan,16.826,0,0,0.260,-14.824,-8.760,1.314,-0.724
38.0,-2.108,2.047,-4.993,0.007,0.124,2,14,0,0.231,0,1,15.749,nan,16.110,0,0,0.231,-13.461,-9.382,1.407,-0.519
39.0,-2.150,1.948,-5.024,-0.024,0.120,2,14,0,0.235,0,1,14.980,nan,15.339,0,0,0.235,-12.020,-9.794,1.469,-0.303
40.0,-2.250,1.907,-4.992,0.008,0.118,2,14,0,0.300,0,1,14.140,nan,14.493,0,0,0.300,-10.534,-9.986,1.498,-0.080
41.0,-2.372,1.804,-5.029,-0.029,0.125,2,14,0,0.296,0,1,13.169,nan,13.515,0,0,0.296,-9.035,-9.953,1.493,0.145
42.0,-2.404,1.723,-5.048,-0.048,0.116,2,14,0,0.519,0,1,12.195,nan,12.529,0,0,0.519,-7.559,-9.697,1.455,0.366
43.0,-2.501,1.663,-5.015,-0.015,0.115,2,14,0,0.266,0,1,11.158,nan,11.477,0,0,0.266,-6.137,-9.224,1.384,0.579
44.0,-2.540,1.562,-5.007,-0.007,0.123,2,14,0,0.219,0,1,10.055,nan,10.355,0,0,0.219,-4.802,-8.543,1.281,0.780
45.0,-2.634,1.469,-5.038,-0.038,0.112,2,14,0,0.266,0,1,8.914,nan,9.189,0,0,0.266,-3.584,-7.670,1.151,0.962
46.0,-2.637,1.358,-4.983,0.017,0.116,2,14,0,0.263,0,1,7.741,nan,7.985,0,0,0.263,-2.510,-6.625,0.994,1.124
47.0,-2.513,1.247,-4.945,0.055,0.133,2,14,0,0.287,0,1,6.532,nan,6.740,0,0,0.287,-1.604,-5.432,0.815,1.259
48.0,-2.422,1.150,-4.990,0.010,0.121,2,14,0,0.246,0,1,5.325,nan,5.485,0,0,0.246,-0.886,-4.116,0.617,1.367
49.0,-2.380,1.089,-5.041,-0.041,0.119,2,14,0,0.268,0,1,4.205,nan,4.294,0,0,0.268,-0.374,-2.708,0.406,1.444
50.0,-2.323,1.000,-5.110,-0.110,0.124,2,14,0,0.233,0,1,3.196,nan,3.171,0,0,0.233,-0.077,-1.239,0.186,1.488
51.0,-2.187,0.956,-5.110,-0.110,0.117,2,14,0,0.254,0,1,2.480,nan,2.293,0,0,0.254,-0.003,0.258,-0.039,1.500
52.0,-2.003,1.018,-5.039,-0.039,0.143,2,14,0,0.484,0,1,2.326,nan,1.989,0,0,0.484,-0.154,1.749,-0.262,1.477
53.0,-1.884,1.151,-5.015,-0.015,0.137,2,14,0,0.309,0,1,2.812,nan,2.459,0,0,0.309,-0.526,3.201,-0.480,1.421
54.0,-1.827,1.214,-5.001,-0.001,0.120,2,14,0,0.255,0,1,3.747,nan,3.442,0,0,0.255,-1.111,4.581,-0.687,1.333
55.0,-1.754,1.264,-4.950,0.050,0.117,2,14,0,0.281,0,1,4.846,nan,4.595,0,0,0.281,-1.895,5.858,-0.879,1.216
56.0,-1.764,1.406,-5.007,-0.007,0.124,2,14,0,0.317,0,1,5.909,nan,5.703,0,0,0.317,-2.861,7.003,-1.050,1.071
57.0,-1.934,1.568,-4.989,0.011,0.149,2,14,0,0.263,0,1,6.913,nan,6.744,0,0,0.263,-3.988,7.991,-1.199,0.902
58.0,-2.129,1.699,-5.031,-0.031,0.143,2,14,0,0.292,0,1,7.891,nan,7.756,0,0,0.292,-5.250,8.800,-1.320,0.713
59.0,-2.182,1.815,-5.042,-0.042,0.121,2,14,0,0.289,0,1,8.891,nan,8.796,0,0,0.289,-6.618,9.411,-1.412,0.507
60.0,-2.177,1.938,-5.012,-0.012,0.119,2,14,0,0.401,0,1,9.882,nan,9.829,0,0,0.401,-8.063,9.811,-1.472,0.291
61.0,-2.276,1.981,-4.989,0.011,0.124,2,14,0,0.242,0,1,10.838,nan,10.819,0,0,0.242,-9.550,9.990,-1.498,0.067
62.0,-2.347,2.077,-4.974,0.026,0.118,2,14,0,0.237,0,1,11.714,nan,11.731,0,0,0.237,-11.048,9.945,-1.492,-0.157
63.0,-2.439,2.155,-4.963,0.037,0.128,2,14,0,0.294,0,1,12.529,nan,12.580,0,0,0.294,-12.523,9.677,-1.451,-0.378
64.0,-2.590,2.248,-4.987,0.013,0.135,2,14,0,0.321,0,1,13.220,nan,13.305,0,0,0.321,-13.940,9.191,-1.379,-0.591
65.0,-2.689,2.298,-5.000,-0.000,0.129,2,14,0,0.243,0,1,13.910,nan,14.025,0,0,0.243,-15.270,8.499,-1.275,-0.790
66.0,-2.807,2.358,-5.061,-0.061,0.115,2,14,0,0.242,0,1,14.502,nan,14.649,0,0,0.242,-16.480,7.616,-1.142,-0.972
67.0,-2.855,2.470,-5.002,-0.002,0.120,2,14,0,0.236,0,1,15.072,nan,15.250,0,0,0.236,-17.546,6.562,-0.984,-1.132
68.0,-2.986,2.546,-4.974,0.026,0.123,2,14,0,0.285,0,1,15.502,nan,15.710,0,0,0.285,-18.442,5.361,-0.804,-1.266
69.0,-3.122,2.590,-4.966,0.034,0.123,2,14,0,0.214,0,1,15.857,nan,16.091,0,0,0.214,-19.148,4.039,-0.606,-1.372
70.0,-3.266,2.648,-5.048,-0.048,0.113,2,14,0,0.271,0,1,16.123,nan,16.383,0,0,0.271,-19.649,2.627,-0.394,-1.447
71.0,-3.290,2.671,-5.036,-0.036,0.107,2,14,0,0.322,0,1,16.431,nan,16.712,0,0,0.322,-19.933,1.155,-0.173,-1.490
72.0,-3.362,2.611,-5.009,-0.009,0.128,2,14,0,0.321,0,1,16.594,nan,16.893,0,0,0.321,-19.994,-0.342,0.051,-1.499
73.0,-3.513,2.521,-4.992,0.008,0.132,2,14,0,0.303,0,1,16.573,nan,16.888,0,0,0.303,-19.831,-1.832,0.275,-1.475
74.0,-3.530,2.437,-5.038,-0.038,0.120,2,14,0,0.282,0,1,16.582,nan,16.912,0,0,0.282,-19.447,-3.280,0.492,-1.417
75.0,-3.581,2.342,-5.014,-0.014,0.116,2,14,0,0.241,0,1,16.453,nan,16.796,0,0,0.241,-18.850,-4.655,0.698,-1.328
76.0,-3.651,2.290,-4.996,0.004,0.122,2,14,0,0.790,0,1,16.231,nan,16.583,0,0,0.790,-18.055,-5.926,0.889,-1.208
77.0,-3.686,2.198,-4.938,0.062,0.116,2,14,0,0.288,0,1,15.925,nan,16.284,0,0,0.288,-17.079,-7.063,1.059,-1.062
78.0,-3.728,2.041,-5.001,-0.001,0.128,2,14,0,0.267,0,1,15.478,nan,15.840,0,0,0.267,-15.944,-8.041,1.206,-0.892
79.0,-3.860,1.976,-5.018,-0.018,0.126,2,14,0,0.231,0,1,14.931,nan,15.295,0,0,0.231,-14.676,-8.839,1.326,-0.701
80.0,-3.969,1.906,-5.037,-0.037,0.126,2,14,0,0.262,0,1,14.329,nan,14.691,0,0,0.262,-13.303,-9.439,1.416,-0.495
81.0,-4.084,1.832,-5.063,-0.063,0.120,2,14,0,0.267,0,1,13.654,nan,14.011,0,0,0.267,-11.855,-9.826,1.474,-0.278
82.0,-4.153,1.759,-5.057,-0.057,0.113,2,14,0,0.304,0,1,12.945,nan,13.293,0,0,0.304,-10.366,-9.993,1.499,-0.055
83.0,-4.211,1.689,-4.969,0.031,0.121,2,14,0,0.265,0,1,12.189,nan,12.523,0,0,0.265,-8.868,-9.936,1.490,0.170
84.0,-4.269,1.591,-4.990,0.010,0.116,2,14,0,0.261,0,1,11.357,nan,11.673,0,0,0.261,-7.396,-9.655,1.448,0.391
85.0,-4.367,1.542,-4.968,0.032,0.119,2,14,0,0.265,0,1,10.529,nan,10.821,0,0,0.265,-5.983,-9.157,1.374,0.603
86.0,-4.469,1.403,-5.005,-0.005,0.120,2,14,0,0.238,0,1,9.601,nan,9.859,0,0,0.238,-4.659,-8.454,1.268,0.801
87.0,-4.389,1.224,-4.939,0.061,0.132,2,14,0,0.261,0,1,8.610,nan,8.835,0,0,0.261,-3.456,-7.561,1.134,0.982
88.0,-4.317,1.098,-4.962,0.038,0.128,2,14,0,0.302,0,1,7.654,nan,7.834,0,0,0.302,-2.399,-6.498,0.975,1.140
89.0,-4.221,1.060,-4.969,0.031,0.121,2,14,0,0.312,0,1,6.776,nan,6.903,0,0,0.312,-1.514,-5.290,0.793,1.273
90.0,-4.141,0.998,-5.011,-0.011,0.126,2,14,0,0.290,0,1,5.911,nan,5.970,0,0,0.290,-0.818,-3.962,0.594,1.377
91.0,-4.010,0.945,-5.008,-0.008,0.125,2,14,0,0.268,0,1,5.095,nan,5.072,0,0,0.268,-0.329,-2.545,0.382,1.451
92.0,-3.899,0.932,-4.995,0.005,0.115,2,14,0,0.292,0,1,4.456,nan,4.333,0,0,0.292,-0.058,-1.072,0.161,1.491
93.0,-3.814,0.854,-4.963,0.037,0.109,2,14,0,0.320,0,1,4.065,nan,3.829,0,0,0.320,-0.009,0.426,-0.064,1.499
94.0,-3.672,0.872,-4.983,0.017,0.128,2,14,0,0.273,0,1,3.963,nan,3.640,0,0,0.273,-0.185,1.914,-0.287,1.472
95.0,-3.569,0.946,-4.989,0.011,0.127,2,14,0,0.285,0,1,4.201,nan,3.841,0,0,0.285,-0.581,3.360,-0.504,1.413
96.0,-3.516,0.990,-5.016,-0.016,0.117,2,14,0,0.263,0,1,4.758,nan,4.404,0,0,0.263,-1.189,4.729,-0.709,1.322
97.0,-3.381,1.076,-5.023,-0.023,0.153,2,14,0,0.320,0,1,5.429,nan,5.109,0,0,0.320,-1.995,5.993,-0.899,1.201
98.0,-3.278,1.205,-5.060,-0.060,0.115,2,14,0,0.206,0,1,6.197,nan,5.924,0,0,0.206,-2.980,7.122,-1.068,1.053
99.0,-3.314,1.310,-4.982,0.018,0.133,2,14,0,0.255,0,1,7.060,nan,6.830,0,0,0.255,-4.123,8.091,-1.214,0.881
100.0,-3.466,1.416,-4.959,0.041,0.137,2,14,0,0.318,0,1,7.897,nan,7.708,0,0,0.318,-5.398,8.878,-1.332,0.690
101.0,-3.535,1.551,-5.008,-0.008,0.129,2,14,0,0.465,0,1,8.700,nan,8.553,0,0,0.465,-6.777,9.466,-1.420,0.483
102.0,-3.592,1.596,-5.013,-0.013,0.118,2,14,0,0.234,0,1,9.563,nan,9.459,0,0,0.234,-8.228,9.842,-1.476,0.266
103.0,-3.733,1.693,-5.033,-0.033,0.134,2,14,0,0.336,0,1,10.300,nan,10.235,0,0,0.336,-9.718,9.996,-1.499,0.042
104.0,-3.770,1.778,-5.002,-0.002,0.116,2,14,0,0.267,0,1,11.059,nan,11.038,0,0,0.267,-11.215,9.926,-1.489,-0.182
105.0,-3.911,1.841,-4.943,0.057,0.127,2,14,0,0.239,0,1,11.717,nan,11.734,0,0,0.239,-12.685,9.633,-1.445,-0.403
106.0,-3.970,1.893,-4.977,0.023,0.116,2,14,0,0.271,0,1,12.385,nan,12.441,0,0,0.271,-14.094,9.123,-1.369,-0.614
107.0,-4.046,1.957,-5.001,-0.001,0.120,2,14,0,0.272,0,1,12.977,nan,13.070,0,0,0.272,-15.412,8.409,-1.261,-0.812
108.0,-4.155,2.043,-5.012,-0.012,0.125,2,14,0,0.292,0,1,13.470,nan,13.599,0,0,0.292,-16.608,7.506,-1.126,-0.991
109.0,-4.287,2.178,-5.064,-0.064,0.134,2,14,0,0.256,0,1,13.865,nan,14.029,0,0,0.256,-17.655,6.434,-0.965,-1.148
110.0,-4.319,2.329,-4.980,0.020,0.124,2,14,0,0.300,0,1,14.303,nan,14.502,0,0,0.300,-18.531,5.218,-0.783,-1.280
111.0,-4.308,2.396,-5.002,-0.002,0.113,2,14,0,0.196,0,1,14.750,nan,14.981,0,0,0.196,-19.215,3.885,-0.583,-1.382
112.0,-4.345,2.424,-5.041,-0.041,0.103,2,14,0,0.232,0,1,15.090,nan,15.347,0,0,0.232,-19.692,2.464,-0.370,-1.454
113.0,-4.513,2.342,-4.994,0.006,0.133,2,14,0,0.263,0,1,15.218,nan,15.497,0,0,0.263,-19.951,0.988,-0.148,-1.493
114.0,-4.687,2.248,-4.947,0.053,0.136,2,14,0,0.315,0,1,15.248,nan,15.547,0,0,0.315,-19.987,-0.510,0.077,-1.498
115.0,-4.774,2.172,-4.955,0.045,0.123,2,14,0,0.310,0,1,15.274,nan,15.593,0,0,0.310,-19.799,-1.997,0.300,-1.470
116.0,-4.815,2.048,-5.015,-0.015,0.125,2,14,0,0.263,0,1,15.241,nan,15.574,0,0,0.263,-19.390,-3.439,0.516,-1.409
117.0,-4.945,1.936,-5.026,-0.026,0.133,2,14,0,0.225,0,1,15.036,nan,15.381,0,0,0.225,-18.771,-4.803,0.721,-1.316
118.0,-4.928,1.812,-4.923,0.077,0.113,2,14,0,0.219,0,1,14.865,nan,15.220,0,0,0.219,-17.955,-6.060,0.909,-1.193
119.0,-5.060,1.764,-4.960,0.040,0.125,2,14,0,0.229,0,1,14.524,nan,14.886,0,0,0.229,-16.960,-7.181,1.077,-1.044
120.0,-5.223,1.687,-4.992,0.008,0.128,2,14,0,0.238,0,1,14.078,nan,14.444,0,0,0.238,-15.808,-8.140,1.221,-0.871
121.0,-5.283,1.568,-5.036,-0.036,0.121,2,14,0,0.258,0,1,13.613,nan,13.978,0,0,0.258,-14.527,-8.917,1.338,-0.679
122.0,-5.303,1.489,-5.007,-0.007,0.118,2,14,0,0.261,0,1,13.132,nan,13.494,0,0,0.261,-13.143,-9.493,1.424,-0.472
123.0,-5.410,1.430,-5.057,-0.057,0.123,2,14,0,0.303,0,1,12.563,nan,12.916,0,0,0.303,-11.689,-9.856,1.478,-0.253
124.0,-5.516,1.323,-5.058,-0.058,0.127,2,14,0,0.278,0,1,11.913,nan,12.251,0,0,0.278,-10.198,-9.998,1.500,-0.030
125.0,-5.556,1.273,-4.947,0.053,0.112,2,14,0,0.263,0,1,11.302,nan,11.622,0,0,0.263,-8.701,-9.915,1.487,0.195
126.0,-5.632,1.216,-4.961,0.039,0.122,2,14,0,0.511,0,1,10.650,nan,10.944,0,0,0.511,-7.234,-9.610,1.441,0.415
127.0,-5.675,1.118,-5.047,-0.047,0.110,2,14,0,0.298,0,1,9.946,nan,10.207,0,0,0.298,-5.829,-9.089,1.363,0.626
128.0,-5.618,1.018,-5.004,-0.004,0.120,2,14,0,0.251,0,1,9.220,nan,9.446,0,0,0.251,-4.518,-8.363,1.254,0.822
129.0,-5.558,0.891,-5.066,-0.066,0.131,2,14,0,0.340,0,1,8.454,nan,8.634,0,0,0.340,-3.330,-7.450,1.118,1.001
130.0,-5.485,0.800,-4.993,0.007,0.126,2,14,0,0.290,0,1,7.722,nan,7.849,0,0,0.290,-2.291,-6.370,0.955,1.156
131.0,-5.443,0.740,-5.050,-0.050,0.123,2,14,0,0.278,0,1,7.066,nan,7.127,0,0,0.278,-1.426,-5.146,0.772,1.286
132.0,-5.275,0.637,-4.992,0.008,0.128,2,14,0,0.320,0,1,6.350,nan,6.340,0,0,0.320,-0.753,-3.807,0.571,1.387
133.0,-5.174,0.552,-4.957,0.043,0.129,2,14,0,0.279,0,1,5.796,nan,5.700,0,0,0.279,-0.288,-2.382,0.357,1.457
134.0,-5.014,0.444,-4.977,0.023,0.133,2,14,0,0.257,0,1,5.341,nan,5.153,0,0,0.257,-0.041,-0.904,0.136,1.494
135.0,-4.871,0.387,-4.975,0.025,0.125,2,14,0,0.304,0,1,5.130,nan,4.858,0,0,0.304,-0.018,0.594,-0.089,1.497
136.0,-4.787,0.471,-5.019,-0.019,0.123,2,14,0,0.317,0,1,5.173,nan,4.843,0,0,0.317,-0.219,2.079,-0.312,1.467
137.0,-4.704,0.549,-5.023,-0.023,0.124,2,14,0,0.350,0,1,5.394,nan,5.034,0,0,0.350,-0.639,3.518,-0.528,1.404
138.0,-4.616,0.664,-4.977,0.023,0.134,2,14,0,0.347,0,1,5.744,nan,5.380,0,0,0.347,-1.270,4.877,-0.732,1.310
139.0,-4.489,0.794,-5.013,-0.013,0.154,2,14,0,0.277,0,1,6.188,nan,5.845,0,0,0.277,-2.097,6.127,-0.919,1.185
140.0,-4.430,0.960,-4.986,0.014,0.127,2,14,0,0.220,0,1,6.728,nan,6.418,0,0,0.220,-3.101,7.239,-1.086,1.035
141.0,-4.454,1.117,-5.022,-0.022,0.127,2,14,0,0.232,0,1,7.347,nan,7.075,0,0,0.232,-4.260,8.189,-1.228,0.861
142.0,-4.492,1.259,-5.002,-0.002,0.122,2,14,0,0.224,0,1,7.995,nan,7.768,0,0,0.224,-5.548,8.955,-1.343,0.668
143.0,-4.598,1.366,-5.002,-0.002,0.128,2,14,0,0.275,0,1,8.667,nan,8.482,0,0,0.275,-6.937,9.519,-1.428,0.460
144.0,-4.622,1.423,-5.019,-0.019,0.122,2,14,0,0.307,0,1,9.390,nan,9.251,0,0,0.307,-8.393,9.870,-1.481,0.241
145.0,-4.729,1.517,-5.007,-0.007,0.128,2,14,0,0.218,0,1,10.023,nan,9.928,0,0,0.218,-9.886,9.999,-1.500,0.017
146.0,-4.851,1.567,-5.013,-0.013,0.124,2,14,0,0.277,0,1,10.643,nan,10.591,0,0,0.277,-11.382,9.904,-1.486,-0.207
147.0,-5.015,1.618,-4.979,0.021,0.122,2,14,0,0.236,0,1,11.184,nan,11.173,0,0,0.236,-12.847,9.586,-1.438,-0.427
148.0,-5.142,1.708,-4.991,0.009,0.129,2,14,0,0.267,0,1,11.668,nan,11.698,0,0,0.267,-14.247,9.053,-1.358,-0.637
149.0,-5.198,1.842,-4.985,0.015,0.126,2,14,0,0.260,0,1,12.137,nan,12.212,0,0,0.260,-15.552,8.317,-1.248,-0.833
