t,d0_x,d0_y,d0_z,d0_zerr,d0_velxy,d0_arm,d0_nav,d0_mpc,d0_solve_ms,d0_fallback,d0_hover,d0_poserr,d1_x,d1_y,d1_z,d1_zerr,d1_velxy,d1_arm,d1_nav,d1_mpc,d1_solve_ms,d1_fallback,d1_hover,d1_poserr,d2_x,d2_y,d2_z,d2_zerr,d2_velxy,d2_arm,d2_nav,d2_mpc,d2_solve_ms,d2_fallback,d2_hover,d2_poserr,d3_x,d3_y,d3_z,d3_zerr,d3_velxy,d3_arm,d3_nav,d3_mpc,d3_solve_ms,d3_fallback,d3_hover,d3_poserr,d4_x,d4_y,d4_z,d4_zerr,d4_velxy,d4_arm,d4_nav,d4_mpc,d4_solve_ms,d4_fallback,d4_hover,d4_poserr,min_spacing,formation_max_err,safety_violations,total_fallbacks,max_solve_ms,leader_x,leader_y,leader_vx,leader_vy
1.0,-0.581,-0.152,0.202,5.202,0.022,1,4,-1,0.000,0,0,0.000,0.079,2.948,-0.800,4.200,0.016,1,4,-1,0.000,0,0,0.000,0.316,-3.261,0.725,5.725,0.012,1,4,-1,0.000,0,0,0.000,2.906,-0.184,-0.444,4.556,0.030,1,4,-1,0.000,0,0,0.000,-2.676,0.129,0.400,5.400,0.021,1,4,-1,0.000,0,0,0.000,2.122,0.601,0,0,0.000,0.000,0.000,0.000,0.000
2.0,-0.545,-0.179,0.238,5.238,0.012,1,4,-1,0.000,0,0,0.000,0.051,2.941,-0.777,4.223,0.019,1,4,-1,0.000,0,0,0.000,0.330,-3.261,0.733,5.733,0.010,1,4,-1,0.000,0,0,0.000,2.968,-0.155,-0.439,4.561,0.040,1,4,-1,0.000,0,0,0.000,-2.666,0.129,0.395,5.395,0.016,1,4,-1,0.000,0,0,0.000,2.149,0.573,0,0,0.000,0.000,0.000,0.000,0.000
3.0,-0.527,-0.182,0.208,5.208,0.012,1,4,-1,0.000,0,0,0.000,0.017,2.941,-0.760,4.240,0.026,1,4,-1,0.000,0,0,0.000,0.310,-3.228,0.683,5.683,0.007,1,4,-1,0.000,0,0,0.000,3.020,-0.134,-0.404,4.596,0.045,1,4,-1,0.000,0,0,0.000,-2.642,0.102,0.309,5.309,0.010,1,4,-1,0.000,0,0,0.000,2.136,0.557,0,0,0.000,0.000,0.000,0.000,0.000
4.0,-0.521,-0.196,0.198,5.198,0.014,2,14,-1,0.000,0,0,0.000,0.030,2.958,-0.718,4.282,0.012,2,14,-1,0.000,0,0,0.000,0.255,-3.229,0.652,5.652,0.014,2,14,-1,0.000,0,0,0.000,3.003,-0.120,-0.426,4.574,0.028,2,14,-1,0.000,0,0,0.000,-2.601,0.162,0.288,5.288,0.034,2,14,-1,0.000,0,0,0.000,2.112,0.556,0,0,0.000,0.000,0.000,0.000,0.000
5.0,-0.529,-0.234,0.166,5.166,0.023,2,14,0,0.378,0,0,1.261,0.056,2.975,-0.810,4.190,0.009,2,14,0,0.224,0,0,0.676,0.251,-3.243,0.705,5.705,0.018,2,14,0,0.231,0,0,0.889,2.906,-0.102,-0.427,4.573,0.014,2,14,0,0.225,0,0,0.691,-2.586,0.139,0.304,5.304,0.025,2,14,0,0.264,0,0,0.949,2.096,0.578,0,0,0.378,0.000,0.000,0.000,0.000
6.0,-0.479,-0.208,0.164,5.164,0.019,2,14,0,0.239,0,0,1.316,0.090,2.973,-0.813,4.187,0.017,2,14,0,0.234,0,0,0.702,0.269,-3.251,0.731,5.731,0.014,2,14,0,0.237,0,0,0.869,2.897,-0.106,-0.498,4.502,0.016,2,14,0,0.231,0,0,0.688,-2.628,0.111,0.360,5.360,0.002,2,14,0,0.451,0,0,0.911,2.181,0.522,0,0,0.451,0.000,0.000,0.000,0.000
7.0,-0.483,-0.232,0.183,5.183,0.031,2,14,0,0.250,0,0,1.298,0.051,2.950,-0.822,4.178,0.004,2,14,0,0.225,0,0,0.657,0.229,-3.241,0.730,5.730,0.021,2,14,0,0.235,0,0,0.908,2.836,-0.106,-0.611,4.389,0.033,2,14,0,0.394,0,0,0.652,-2.715,0.085,0.381,5.381,0.036,2,14,0,0.554,0,0,0.865,2.263,0.536,0,0,0.554,0.000,0.000,0.000,0.000
8.0,-0.604,-0.471,-0.064,4.936,0.573,2,14,0,0.378,0,1,1.078,-0.026,2.811,-1.057,3.943,0.351,2,14,0,0.284,0,0,0.520,0.503,-3.368,0.383,5.383,0.548,2,14,0,0.234,0,1,0.613,2.739,0.014,-0.819,4.181,0.329,2,14,0,0.314,0,0,0.500,-2.667,-0.214,0.002,5.002,0.459,2,14,0,0.505,0,1,0.596,2.080,0.766,0,0,0.505,0.000,0.000,0.000,0.000
9.0,-0.876,-0.607,-0.466,4.534,0.167,2,14,0,0.298,0,0,0.769,-0.416,2.657,-2.152,2.848,0.379,2,14,0,0.253,0,0,0.129,0.766,-3.512,-0.006,4.994,0.133,2,14,0,0.233,0,1,0.308,2.686,0.470,-1.878,3.122,0.501,2,14,0,0.350,0,0,0.218,-2.741,-0.407,-0.428,4.572,0.091,2,14,0,0.266,0,1,0.384,1.876,1.066,0,0,0.350,0.000,0.000,0.000,0.000
10.0,-1.252,-0.748,-1.559,3.441,0.393,2,14,0,0.271,0,0,0.373,-0.710,2.495,-3.349,1.651,0.259,2,14,0,0.319,0,0,0.249,0.845,-3.550,-0.437,4.563,0.039,2,14,0,0.265,0,1,0.221,2.579,0.750,-3.054,1.946,0.241,2,14,0,0.367,0,0,0.333,-2.759,-0.487,-1.343,3.657,0.162,2,14,0,0.233,0,0,0.305,1.545,1.458,0,0,0.367,0.000,0.000,0.000,0.000
11.0,-1.556,-0.898,-2.863,2.137,0.313,2,14,0,0.365,0,0,0.082,-0.776,2.418,-4.648,0.352,0.061,2,14,0,0.173,0,0,0.335,0.881,-3.528,-1.397,3.603,0.037,2,14,0,0.241,0,0,0.206,2.445,0.822,-4.322,0.678,0.119,2,14,0,0.237,0,0,0.389,-2.850,-0.694,-2.616,2.384,0.179,2,14,0,0.421,0,0,0.078,1.333,1.796,1,0,0.421,0.000,0.000,0.000,0.000
12.0,-1.680,-1.021,-4.176,0.824,0.162,2,14,0,0.255,0,0,0.375,-0.790,2.399,-5.267,-0.267,0.143,2,14,0,0.225,0,0,0.589,0.872,-3.546,-2.856,2.144,0.085,2,14,0,0.501,0,0,0.418,2.315,0.720,-5.134,-0.134,0.193,2,14,0,0.282,0,0,0.488,-2.900,-0.842,-3.991,1.009,0.107,2,14,0,0.233,0,0,0.276,1.247,2.192,2,0,0.501,0.260,0.000,1.000,0.000
13.0,-1.639,-1.054,-4.675,0.325,0.204,2,14,0,0.237,0,0,1.333,-0.451,2.383,-5.691,-0.691,0.501,2,14,0,0.202,0,0,1.247,1.119,-3.539,-3.998,1.002,0.349,2,14,0,0.242,0,0,1.163,2.264,0.491,-5.440,-0.440,0.304,2,14,0,0.249,0,0,1.447,-2.726,-0.899,-4.570,0.430,0.309,2,14,0,0.226,0,0,1.110,1.103,3.084,3,0,0.249,1.260,0.000,1.000,0.000
14.0,-1.215,-1.084,-4.857,0.143,0.564,2,14,0,0.283,0,0,1.915,0.285,2.414,-5.892,-0.892,0.900,2,14,0,0.304,0,0,1.513,1.572,-3.614,-4.264,0.736,0.646,2,14,0,0.324,0,0,1.705,2.515,0.266,-5.589,-0.589,0.539,2,14,0,0.331,0,0,2.205,-2.299,-0.832,-4.779,0.221,0.626,2,14,0,0.228,0,0,1.677,1.115,3.641,4,0,0.331,2.260,0.000,1.000,0.000
15.0,-0.450,-1.134,-4.970,0.030,0.945,2,14,0,0.242,0,0,2.148,1.383,2.437,-5.895,-0.895,1.298,2,14,0,0.197,0,0,1.420,2.423,-3.719,-4.338,0.662,0.991,2,14,0,0.264,0,0,1.856,3.272,0.149,-5.683,-0.683,0.886,2,14,0,0.250,0,0,2.462,-1.537,-0.797,-4.884,0.116,0.980,2,14,0,0.508,0,0,1.920,1.141,3.880,5,0,0.508,3.260,0.000,1.000,0.000
16.0,0.695,-1.014,-5.003,-0.003,1.349,2,14,0,0.222,0,0,1.997,2.849,2.514,-6.017,-1.017,1.681,2,14,0,0.168,0,0,0.956,3.501,-3.698,-4.396,0.604,1.329,2,14,0,0.436,0,0,1.770,4.394,0.098,-5.715,-0.715,1.273,2,14,0,0.267,0,0,2.350,-0.323,-0.783,-4.927,0.073,1.382,2,14,0,0.249,0,0,1.710,1.047,3.707,6,0,0.436,4.260,0.000,1.000,0.000
17.0,2.186,-0.908,-5.035,-0.035,1.746,2,14,0,0.242,0,0,1.507,4.502,2.553,-6.054,-1.054,1.792,2,14,0,0.172,0,0,0.304,4.988,-3.691,-4.395,0.605,1.719,2,14,0,0.367,0,0,1.297,5.895,0.163,-5.763,-0.763,1.689,2,14,0,0.241,0,0,1.836,1.152,-0.742,-4.965,0.035,1.769,2,14,0,0.174,0,0,1.242,1.050,3.205,7,0,0.367,5.260,0.000,1.000,0.000
18.0,3.999,-0.883,-4.958,0.042,2.040,2,14,0,0.183,0,0,0.699,6.222,2.542,-5.995,-0.995,1.656,2,14,0,0.251,0,0,0.416,6.854,-3.680,-4.434,0.566,1.939,2,14,0,0.203,0,0,0.433,7.829,0.243,-5.743,-0.743,2.073,2,14,0,0.169,0,0,0.919,2.991,-0.725,-4.991,0.009,1.944,2,14,0,0.199,0,0,0.406,1.020,2.428,8,0,0.251,6.260,0.000,1.000,0.000
19.0,5.976,-0.858,-4.996,0.004,1.948,2,14,0,0.238,0,0,0.293,7.655,2.609,-5.996,-0.996,1.406,2,14,0,0.243,0,0,0.858,8.672,-3.695,-4.441,0.559,1.777,2,14,0,0.208,0,0,0.388,9.906,0.313,-5.711,-0.711,2.020,2,14,0,0.336,0,0,0.217,4.828,-0.762,-4.983,0.017,1.785,2,14,0,0.229,0,0,0.419,1.152,1.573,9,0,0.336,7.260,0.000,1.000,0.000
20.0,7.837,-0.931,-4.957,0.043,1.760,2,14,0,0.266,0,0,1.146,8.843,2.693,-6.074,-1.074,1.133,2,14,0,0.198,0,0,1.059,10.267,-3.658,-4.433,0.567,1.537,2,14,0,0.211,0,0,0.984,11.741,0.457,-5.745,-0.745,1.802,2,14,0,0.237,0,0,1.016,6.496,-0.713,-5.000,0.000,1.567,2,14,0,0.235,0,0,1.107,1.359,2.112,10,0,0.266,8.260,0.000,1.000,0.000
21.0,9.391,-0.962,-5.012,-0.012,1.509,2,14,0,0.325,0,0,1.685,9.783,2.678,-6.107,-1.107,0.836,2,14,0,0.199,0,0,1.001,11.645,-3.623,-4.464,0.536,1.275,2,14,0,0.484,0,0,1.364,13.396,0.645,-5.754,-0.754,1.551,2,14,0,0.244,0,0,1.686,7.972,-0.732,-5.012,-0.012,1.317,2,14,0,0.268,0,0,1.575,1.438,2.465,11,0,0.484,9.260,0.000,1.000,0.000
22.0,10.721,-0.954,-5.004,-0.004,1.230,2,14,0,0.239,0,0,2.029,10.461,2.669,-6.057,-1.057,0.566,2,14,0,0.226,0,0,0.686,12.772,-3.612,-4.510,0.490,0.979,2,14,0,0.242,0,0,1.494,14.751,0.732,-5.741,-0.741,1.260,2,14,0,0.225,0,0,2.053,9.052,-0.716,-4.972,0.028,1.006,2,14,0,0.282,0,0,1.672,1.686,2.586,11,0,0.282,10.260,0.000,1.000,0.000
23.0,11.807,-0.946,-5.003,-0.003,0.929,2,14,0,0.263,0,0,2.108,10.993,2.683,-6.077,-1.077,0.505,2,14,0,0.198,0,0,0.252,13.581,-3.606,-4.457,0.543,0.640,2,14,0,0.209,0,0,1.307,15.805,0.709,-5.729,-0.729,0.944,2,14,0,0.251,0,0,2.106,9.938,-0.711,-4.992,0.008,0.694,2,14,0,0.255,0,0,1.557,1.883,2.398,11,0,0.263,11.260,0.000,1.000,0.000
24.0,12.551,-0.918,-5.011,-0.011,0.594,2,14,0,0.236,0,0,1.860,11.569,2.634,-6.121,-1.121,0.646,2,14,0,0.169,0,0,0.240,13.996,-3.611,-4.470,0.530,0.328,2,14,0,0.235,0,0,0.724,16.544,0.602,-5.771,-0.771,0.616,2,14,0,0.207,0,0,1.841,10.441,-0.682,-5.017,-0.017,0.351,2,14,0,0.315,0,0,1.072,2.123,1.840,11,0,0.315,12.260,0.000,1.000,0.000
25.0,12.949,-0.950,-4.979,0.021,0.223,2,14,0,0.212,0,0,1.257,12.337,2.502,-6.067,-1.067,0.882,2,14,0,0.170,0,0,0.456,14.295,-3.649,-4.438,0.562,0.321,2,14,0,0.303,0,0,0.031,16.971,0.481,-5.799,-0.799,0.290,2,14,0,0.202,0,0,1.260,10.723,-0.674,-4.913,0.087,0.229,2,14,0,0.184,0,0,0.366,2.244,1.222,11,0,0.303,13.260,0.000,1.000,0.000
26.0,13.047,-0.959,-4.948,0.052,0.061,2,14,0,0.184,0,0,0.355,13.352,2.391,-6.050,-1.050,1.108,2,14,0,0.170,0,0,0.468,14.730,-3.682,-4.495,0.505,0.554,2,14,0,0.275,0,0,0.547,17.092,0.336,-5.772,-0.772,0.135,2,14,0,0.170,0,0,0.394,11.011,-0.651,-5.013,-0.013,0.406,2,14,0,0.204,0,0,0.382,2.061,1.546,11,0,0.275,14.260,0.000,1.000,0.000
27.0,13.230,-1.043,-5.028,-0.028,0.258,2,14,0,0.209,0,0,0.466,14.476,2.345,-6.061,-1.061,1.240,2,14,0,0.151,0,0,0.375,15.518,-3.703,-4.436,0.564,0.851,2,14,0,0.211,0,0,0.761,17.235,0.285,-5.743,-0.743,0.256,2,14,0,0.225,0,0,0.498,11.517,-0.730,-4.955,0.045,0.670,2,14,0,0.202,0,0,0.860,1.743,2.282,11,0,0.225,15.260,0.000,1.000,0.000
28.0,13.654,-1.059,-5.030,-0.030,0.527,2,14,0,0.211,0,0,1.041,15.775,2.328,-6.076,-1.076,1.283,2,14,0,0.171,0,0,0.213,16.557,-3.690,-4.443,0.557,1.168,2,14,0,0.181,0,0,0.724,17.562,0.289,-5.728,-0.728,0.500,2,14,0,0.247,0,0,1.160,12.391,-0.837,-5.010,-0.010,0.984,2,14,0,0.198,0,0,0.992,1.282,2.813,12,0,0.247,16.260,0.000,1.000,0.000
29.0,14.314,-1.101,-5.018,-0.018,0.812,2,14,0,0.213,0,0,1.384,16.987,2.396,-6.069,-1.069,1.184,2,14,0,0.178,0,0,0.239,17.863,-3.664,-4.426,0.574,1.378,2,14,0,0.246,0,0,0.409,18.236,0.333,-5.748,-0.748,0.796,2,14,0,0.238,0,0,1.485,13.521,-0.872,-5.019,-0.019,1.304,2,14,0,0.177,0,0,0.884,0.825,3.145,13,0,0.246,17.260,0.000,1.000,0.000
30.0,15.293,-1.006,-4.986,0.014,1.142,2,14,0,0.215,0,0,1.408,18.079,2.530,-6.058,-1.058,1.054,2,14,0,0.170,0,0,0.283,19.247,-3.616,-4.436,0.564,1.393,2,14,0,0.179,0,0,0.063,19.219,0.369,-5.780,-0.780,1.125,2,14,0,0.197,0,0,1.502,14.931,-0.876,-5.017,-0.017,1.496,2,14,0,0.176,0,0,0.482,0.385,3.133,14,0,0.215,18.260,0.000,1.000,0.000
31.0,16.496,-0.897,-5.007,-0.007,1.464,2,14,0,0.239,0,0,1.201,19.095,2.557,-6.048,-1.048,0.919,2,14,0,0.176,0,0,0.317,20.489,-3.602,-4.434,0.566,1.236,2,14,0,0.211,0,0,0.233,20.520,0.331,-5.710,-0.710,1.480,2,14,0,0.234,0,0,1.192,15.946,-0.871,-4.984,0.016,0.482,2,14,0,0.276,0,1,0.428,0.551,2.889,15,0,0.276,19.243,0.000,0.870,0.000
32.0,18.053,-0.841,-5.028,-0.028,1.557,2,14,0,0.264,0,0,0.288,19.889,2.587,-6.080,-1.080,0.658,2,14,0,0.221,0,0,0.488,21.482,-3.580,-4.473,0.527,0.933,2,14,0,0.252,0,0,0.595,22.062,0.288,-5.726,-0.726,1.565,2,14,0,0.238,0,0,0.301,16.219,-0.825,-4.978,0.022,0.410,2,14,0,0.233,0,0,0.770,1.835,1.996,15,0,0.264,19.863,0.000,0.370,0.000
33.0,19.495,-0.851,-5.037,-0.037,1.321,2,14,0,0.233,0,0,1.041,20.404,2.678,-6.033,-1.033,0.324,2,14,0,0.203,0,0,0.872,22.222,-3.669,-4.481,0.519,0.618,2,14,0,0.223,0,0,1.191,23.500,0.306,-5.756,-0.756,1.330,2,14,0,0.239,0,0,1.028,16.777,-0.747,-4.989,0.011,0.552,2,14,0,0.180,0,0,0.365,2.721,2.321,15,0,0.239,20.000,0.000,0.000,0.000
34.0,20.652,-0.908,-4.995,0.005,1.049,2,14,0,0.268,0,0,2.201,20.528,2.721,-6.034,-1.034,0.060,2,14,0,0.196,0,0,1.006,22.778,-3.653,-4.474,0.526,0.300,2,14,0,0.229,0,0,1.744,24.657,0.366,-5.685,-0.685,1.051,2,14,0,0.241,0,0,2.187,17.355,-0.732,-4.943,0.057,0.439,2,14,0,0.176,0,0,0.225,3.301,2.854,15,0,0.268,20.000,0.000,0.000,0.000
35.0,21.484,-0.989,-4.977,0.023,0.724,2,14,0,0.238,0,0,3.023,20.290,2.706,-6.069,-1.069,0.434,2,14,0,0.172,0,0,0.777,22.899,-3.672,-4.397,0.603,0.076,2,14,0,0.257,0,0,1.869,25.520,0.492,-5.815,-0.815,0.737,2,14,0,0.311,0,0,3.050,17.629,-0.751,-4.966,0.034,0.179,2,14,0,0.178,0,0,0.500,3.088,2.976,15,0,0.311,20.000,0.000,0.000,0.000
36.0,21.971,-1.021,-4.954,0.046,0.373,2,14,0,0.399,0,0,3.519,19.775,2.673,-6.085,-1.085,0.583,2,14,0,0.174,0,0,0.276,22.588,-3.716,-4.516,0.484,0.474,2,14,0,0.235,0,0,1.561,26.040,0.636,-5.764,-0.764,0.386,2,14,0,0.373,0,0,3.576,17.728,-0.741,-4.995,0.005,0.068,2,14,0,0.215,0,0,0.606,2.799,3.106,15,0,0.399,20.000,0.000,0.000,0.000
37.0,22.121,-1.014,-4.952,0.048,0.019,2,14,0,0.325,0,0,3.670,19.235,2.524,-6.046,-1.046,0.477,2,14,0,0.230,0,0,0.296,21.918,-3.667,-4.523,0.477,0.852,2,14,0,0.200,0,0,0.887,26.197,0.679,-5.811,-0.811,0.049,2,14,0,0.307,0,0,3.735,17.558,-0.710,-5.008,-0.008,0.232,2,14,0,0.174,0,0,0.440,2.695,3.269,15,0,0.325,20.000,0.000,0.000,0.000
38.0,21.962,-0.979,-5.013,-0.013,0.373,2,14,0,0.294,0,0,3.510,18.866,2.365,-6.097,-1.097,0.257,2,14,0,0.197,0,0,0.690,21.023,-3.595,-4.386,0.614,0.862,2,14,0,0.227,0,0,0.073,26.031,0.662,-5.721,-0.721,0.397,2,14,0,0.370,0,0,3.568,17.301,-0.724,-4.931,0.069,0.263,2,14,0,0.178,0,0,0.185,2.850,3.102,15,0,0.370,20.000,0.000,0.000,0.000
39.0,21.407,-0.968,-5.020,-0.020,0.773,2,14,0,0.271,0,0,2.955,18.754,2.255,-6.081,-1.081,0.054,2,14,0,0.212,0,0,0.833,20.267,-3.538,-4.470,0.530,0.658,2,14,0,0.253,0,0,0.775,25.459,0.576,-5.701,-0.701,0.804,2,14,0,0.226,0,0,2.998,17.118,-0.771,-4.937,0.063,0.186,2,14,0,0.182,0,0,0.007,2.865,2.526,15,0,0.271,20.000,0.000,0.000,0.000
40.0,20.396,-0.931,-5.043,-0.043,1.212,2,14,0,0.232,0,0,1.944,18.957,2.192,-5.996,-0.996,0.312,2,14,0,0.243,0,0,0.679,19.841,-3.579,-4.473,0.527,0.390,2,14,0,0.214,0,0,1.191,24.382,0.474,-5.733,-0.733,1.246,2,14,0,0.226,0,0,1.912,16.989,-0.826,-4.949,0.051,0.078,2,14,0,0.207,0,0,0.150,2.765,1.461,15,0,0.243,20.000,0.000,0.000,0.000
41.0,19.003,-0.920,-4.985,0.015,1.476,2,14,0,0.235,0,0,0.554,19.380,2.283,-6.047,-1.047,0.437,2,14,0,0.168,0,0,0.306,19.679,-3.592,-4.413,0.587,0.100,2,14,0,0.265,0,0,1.354,22.999,0.409,-5.707,-0.707,1.451,2,14,0,0.207,0,0,0.530,17.016,-0.804,-5.038,-0.038,0.024,2,14,0,0.229,0,0,0.117,1.992,1.357,15,0,0.265,20.000,0.000,0.000,0.000
42.0,17.706,-0.908,-4.950,0.050,1.297,2,14,0,0.241,0,0,0.749,19.754,2.399,-6.003,-1.003,0.355,2,14,0,0.224,0,0,0.255,19.679,-3.622,-4.466,0.534,0.203,2,14,0,0.565,0,0,1.354,21.690,0.328,-5.700,-0.700,1.274,2,14,0,0.234,0,0,0.778,17.094,-0.773,-5.023,-0.023,0.042,2,14,0,0.176,0,0,0.033,0.631,2.467,16,0,0.565,20.000,0.000,0.000,0.000
43.0,16.803,-0.939,-5.072,-0.072,0.486,2,14,0,0.236,0,1,1.649,19.912,2.505,-6.057,-1.057,0.185,2,14,0,0.169,0,0,0.376,20.045,-3.652,-4.474,0.526,0.533,2,14,0,0.173,0,0,0.990,20.629,0.284,-5.754,-0.754,1.043,2,14,0,0.264,0,0,1.847,17.069,-0.703,-4.985,0.015,0.029,2,14,0,0.172,0,0,0.082,0.366,3.332,17,0,0.264,20.000,0.000,0.000,0.000
44.0,16.650,-1.052,-5.050,-0.050,0.046,2,14,0,0.215,0,0,1.804,19.855,2.602,-6.092,-1.092,0.148,2,14,0,0.222,0,0,0.325,20.656,-3.736,-4.465,0.535,0.689,2,14,0,0.179,0,0,0.387,19.782,0.285,-5.777,-0.777,0.780,2,14,0,0.362,0,0,2.686,16.858,-0.682,-5.012,-0.012,0.160,2,14,0,0.177,0,0,0.275,0.426,3.512,18,0,0.362,20.000,0.000,0.000,0.000
45.0,16.675,-1.062,-4.945,0.055,0.048,2,14,0,0.277,0,1,1.779,19.669,2.707,-6.053,-1.053,0.197,2,14,0,0.220,0,0,0.214,21.267,-3.770,-4.553,0.447,0.543,2,14,0,0.209,0,0,0.257,19.293,0.207,-5.730,-0.730,0.192,2,14,0,0.254,0,1,3.183,16.811,-0.736,-4.970,0.030,0.047,2,14,0,0.178,0,1,0.317,0.355,3.713,19,0,0.277,20.000,0.000,0.000,0.000
46.0,16.677,-1.011,-4.930,0.070,0.045,2,14,0,0.213,0,1,1.776,19.507,2.744,-6.117,-1.117,0.176,2,14,0,0.182,0,0,0.208,21.622,-3.752,-4.497,0.503,0.270,2,14,0,0.207,0,0,0.595,19.256,0.201,-5.697,-0.697,0.141,2,14,0,0.356,0,0,3.223,16.782,-0.791,-4.975,0.025,0.020,2,14,0,0.155,0,1,0.344,0.248,3.750,20,0,0.356,20.000,0.000,0.000,0.000
47.0,16.678,-0.929,-5.009,-0.009,0.050,2,14,0,0.250,0,1,1.775,19.378,2.679,-6.083,-1.083,0.151,2,14,0,0.180,0,0,0.213,21.719,-3.678,-4.476,0.524,0.088,2,14,0,0.216,0,0,0.688,19.592,0.252,-5.804,-0.804,0.510,2,14,0,0.248,0,0,2.887,16.784,-0.792,-4.929,0.071,0.005,2,14,0,0.173,0,1,0.344,0.191,3.450,21,0,0.250,20.000,0.000,0.000,0.000
48.0,16.779,-0.886,-5.030,-0.030,0.159,2,14,0,0.205,0,0,1.681,19.315,2.554,-6.054,-1.054,0.133,2,14,0,0.173,0,0,0.223,21.591,-3.560,-4.433,0.567,0.302,2,14,0,0.193,0,0,0.571,20.262,0.275,-5.773,-0.773,0.900,2,14,0,0.243,0,0,2.221,16.807,-0.793,-4.985,0.015,0.004,2,14,0,0.154,0,1,0.320,0.107,3.341,22,0,0.243,20.000,0.000,0.000,0.000
49.0,17.067,-0.914,-5.017,-0.017,0.488,2,14,0,0.214,0,0,1.400,19.318,2.382,-6.055,-1.055,0.114,2,14,0,0.253,0,0,0.270,21.229,-3.506,-4.427,0.573,0.404,2,14,0,0.192,0,0,0.259,21.294,0.340,-5.661,-0.661,1.279,2,14,0,0.186,0,0,1.190,16.914,-0.746,-4.961,0.039,0.015,2,14,0,0.155,0,1,0.213,0.234,3.072,23,0,0.253,20.000,0.000,0.000,0.000
50.0,17.751,-0.925,-4.920,0.080,0.804,2,14,0,0.197,0,0,0.709,19.397,2.361,-6.087,-1.087,0.125,2,14,0,0.391,0,0,0.229,20.841,-3.567,-4.439,0.561,0.324,2,14,0,0.186,0,0,0.214,22.542,0.467,-5.733,-0.733,1.221,2,14,0,0.224,0,0,0.070,16.919,-0.760,-4.988,0.012,0.027,2,14,0,0.149,0,0,0.206,0.851,2.431,24,0,0.391,20.000,0.000,0.000,0.000
51.0,18.495,-1.010,-4.989,0.011,0.762,2,14,0,0.215,0,0,0.055,19.522,2.407,-6.116,-1.116,0.150,2,14,0,0.143,0,0,0.134,20.625,-3.629,-4.501,0.499,0.143,2,14,0,0.225,0,0,0.408,23.628,0.573,-5.750,-0.750,1.009,2,14,0,0.228,0,0,1.157,16.987,-0.796,-4.968,0.032,0.088,2,14,0,0.217,0,0,0.143,1.523,1.812,24,0,0.228,20.000,0.000,0.000,0.000
52.0,19.076,-1.027,-5.011,-0.011,0.514,2,14,0,0.238,0,0,0.626,19.646,2.460,-6.072,-1.072,0.129,2,14,0,0.208,0,0,0.132,20.572,-3.741,-4.525,0.475,0.095,2,14,0,0.188,0,0,0.465,24.527,0.605,-5.791,-0.791,0.770,2,14,0,0.311,0,0,2.058,17.059,-0.786,-4.980,0.020,0.102,2,14,0,0.175,0,0,0.070,2.032,1.642,24,0,0.311,20.000,0.000,0.000,0.000
53.0,19.470,-1.046,-4.994,0.006,0.241,2,14,0,0.216,0,0,1.021,19.700,2.538,-6.079,-1.079,0.097,2,14,0,0.173,0,0,0.162,20.684,-3.771,-4.525,0.475,0.215,2,14,0,0.175,0,0,0.362,25.119,0.619,-5.747,-0.747,0.483,2,14,0,0.241,0,0,2.652,17.108,-0.752,-4.957,0.043,0.096,2,14,0,0.151,0,0,0.021,2.381,2.207,24,0,0.241,20.000,0.000,0.000,0.000
54.0,19.585,-1.014,-5.037,-0.037,0.074,2,14,0,0.211,0,0,1.134,19.669,2.624,-6.068,-1.068,0.068,2,14,0,0.141,0,0,0.156,20.982,-3.767,-4.428,0.572,0.274,2,14,0,0.184,0,0,0.110,25.379,0.608,-5.777,-0.777,0.182,2,14,0,0.253,0,0,2.913,17.131,-0.757,-4.947,0.053,0.081,2,14,0,0.146,0,0,0.009,2.470,2.455,24,0,0.253,20.000,0.000,0.000,0.000
55.0,19.333,-0.990,-4.992,0.008,0.394,2,14,0,0.185,0,0,0.881,19.569,2.707,-6.097,-1.097,0.092,2,14,0,0.181,0,0,0.171,21.194,-3.695,-4.457,0.543,0.204,2,14,0,0.192,0,0,0.164,25.356,0.584,-5.780,-0.780,0.209,2,14,0,0.251,0,0,2.891,17.200,-0.722,-4.962,0.038,0.069,2,14,0,0.206,0,0,0.085,2.150,2.427,24,0,0.251,20.000,0.000,0.000,0.000
56.0,18.830,-0.961,-5.000,0.000,0.544,2,14,0,0.185,0,0,0.378,19.431,2.672,-6.079,-1.079,0.095,2,14,0,0.177,0,0,0.173,21.378,-3.598,-4.482,0.518,0.082,2,14,0,0.182,0,0,0.353,25.004,0.461,-5.729,-0.729,0.558,2,14,0,0.225,0,0,2.538,17.255,-0.798,-4.960,0.040,0.040,2,14,0,0.159,0,0,0.133,1.583,2.057,24,0,0.225,20.000,0.000,0.000,0.000
57.0,18.319,-0.921,-5.098,-0.098,0.437,2,14,0,0.213,0,0,0.144,19.448,2.530,-6.018,-1.018,0.094,2,14,0,0.156,0,0,0.091,21.330,-3.591,-4.483,0.517,0.100,2,14,0,0.190,0,0,0.310,24.306,0.417,-5.774,-0.774,0.928,2,14,0,0.232,0,0,1.835,17.242,-0.766,-4.996,0.004,0.035,2,14,0,0.187,0,0,0.118,1.093,1.917,25,0,0.232,20.000,0.000,0.000,0.000
58.0,18.058,-0.924,-5.037,-0.037,0.174,2,14,0,0.186,0,0,0.397,19.455,2.451,-6.061,-1.061,0.063,2,14,0,0.176,0,0,0.121,21.169,-3.615,-4.454,0.546,0.177,2,14,0,0.195,0,0,0.149,23.220,0.394,-5.686,-0.686,1.238,2,14,0,0.171,0,0,0.761,17.189,-0.754,-4.949,0.051,0.062,2,14,0,0.172,0,0,0.065,0.890,2.150,26,0,0.195,20.000,0.000,0.000,0.000
59.0,17.997,-0.961,-4.987,0.013,0.067,2,14,0,0.188,0,0,0.455,19.498,2.464,-6.023,-1.023,0.050,2,14,0,0.146,0,0,0.085,21.005,-3.617,-4.429,0.571,0.169,2,14,0,0.228,0,0,0.058,22.076,0.401,-5.722,-0.722,1.104,2,14,0,0.448,0,0,0.396,17.133,-0.735,-4.981,0.019,0.075,2,14,0,0.147,0,0,0.031,0.893,2.221,27,0,0.448,20.000,0.000,0.000,0.000
60.0,18.196,-0.966,-4.990,0.010,0.205,2,14,0,0.188,0,0,0.256,19.534,2.454,-6.095,-1.095,0.054,2,14,0,0.168,0,0,0.085,20.872,-3.675,-4.452,0.548,0.101,2,14,0,0.181,0,0,0.159,21.122,0.393,-5.759,-0.759,0.877,2,14,0,0.226,0,0,1.341,17.068,-0.760,-4.970,0.030,0.058,2,14,0,0.153,0,0,0.056,1.146,2.046,28,0,0.226,20.000,0.000,0.000,0.000
61.0,18.290,-0.930,-4.961,0.039,0.035,2,14,0,0.180,0,1,0.168,19.582,2.503,-6.042,-1.042,0.056,2,14,0,0.149,0,0,0.057,20.800,-3.718,-4.442,0.558,0.027,2,14,0,0.183,0,0,0.237,20.690,0.337,-5.772,-0.772,0.159,2,14,0,0.209,0,1,1.781,17.011,-0.798,-5.025,-0.025,0.016,2,14,0,0.169,0,0,0.121,1.287,2.335,29,0,0.209,20.000,0.000,0.000,0.000
62.0,18.219,-0.929,-4.996,0.004,0.087,2,14,0,0.182,0,0,0.237,19.586,2.553,-6.057,-1.057,0.045,2,14,0,0.146,0,0,0.050,20.804,-3.726,-4.455,0.545,0.081,2,14,0,0.188,0,0,0.234,20.660,0.239,-5.750,-0.750,0.149,2,14,0,0.232,0,0,1.821,17.027,-0.799,-4.964,0.036,0.027,2,14,0,0.148,0,0,0.105,1.200,2.352,30,0,0.232,20.000,0.000,0.000,0.000
63.0,18.158,-0.964,-5.015,-0.015,0.023,2,14,0,0.157,0,1,0.294,19.572,2.600,-6.051,-1.051,0.036,2,14,0,0.174,0,0,0.069,20.925,-3.673,-4.514,0.486,0.148,2,14,0,0.183,0,0,0.108,21.006,0.217,-5.730,-0.730,0.517,2,14,0,0.200,0,0,1.485,17.107,-0.777,-4.989,0.011,0.053,2,14,0,0.218,0,0,0.025,1.068,2.079,31,0,0.218,20.000,0.000,0.000,0.000
64.0,18.170,-1.011,-4.971,0.029,0.040,2,14,0,0.183,0,0,0.287,19.556,2.631,-6.087,-1.087,0.031,2,14,0,0.258,0,0,0.094,21.079,-3.603,-4.489,0.511,0.133,2,14,0,0.188,0,0,0.082,21.703,0.277,-5.726,-0.726,0.854,2,14,0,0.172,0,0,0.790,17.182,-0.756,-5.001,-0.001,0.021,2,14,0,0.176,0,0,0.058,1.021,2.091,32,0,0.258,20.000,0.000,0.000,0.000
65.0,18.262,-1.010,-5.025,-0.025,0.130,2,14,0,0.184,0,0,0.193,19.593,2.608,-6.081,-1.081,0.050,2,14,0,0.186,0,0,0.089,21.244,-3.622,-4.479,0.521,0.064,2,14,0,0.193,0,0,0.218,22.539,0.417,-5.742,-0.742,0.821,2,14,0,0.244,0,0,0.070,17.188,-0.761,-5.011,-0.011,0.009,2,14,0,0.153,0,0,0.062,1.102,2.011,33,0,0.244,20.000,0.000,0.000,0.000
66.0,18.402,-1.028,-4.975,0.025,0.167,2,14,0,0.189,0,0,0.073,19.564,2.557,-6.080,-1.080,0.069,2,14,0,0.177,0,0,0.033,21.250,-3.623,-4.411,0.589,0.050,2,14,0,0.248,0,0,0.224,23.175,0.480,-5.694,-0.694,0.570,2,14,0,0.232,0,0,0.702,17.237,-0.748,-4.978,0.022,0.035,2,14,0,0.175,0,0,0.113,1.199,1.900,34,0,0.248,20.000,0.000,0.000,0.000
67.0,18.573,-0.943,-4.984,0.016,0.140,2,14,0,0.206,0,0,0.126,19.551,2.497,-6.067,-1.067,0.050,2,14,0,0.173,0,0,0.042,21.154,-3.679,-4.448,0.552,0.122,2,14,0,0.193,0,0,0.123,23.595,0.491,-5.673,-0.673,0.301,2,14,0,0.264,0,0,1.124,17.149,-0.702,-4.931,0.069,0.067,2,14,0,0.198,0,0,0.068,1.445,1.710,35,0,0.264,20.000,0.000,0.000,0.000
68.0,18.645,-0.909,-5.028,-0.028,0.034,2,14,0,0.184,0,0,0.204,19.470,2.430,-6.034,-1.034,0.029,2,14,0,0.176,0,0,0.128,20.977,-3.689,-4.481,0.519,0.127,2,14,0,0.188,0,0,0.056,23.725,0.490,-5.726,-0.726,0.006,2,14,0,0.274,0,0,1.256,16.993,-0.718,-4.966,0.034,0.054,2,14,0,0.150,0,0,0.140,1.664,1.632,35,0,0.274,20.000,0.000,0.000,0.000
69.0,18.639,-0.948,-4.952,0.048,0.046,2,14,0,0.182,0,0,0.190,19.379,2.505,-6.103,-1.103,0.043,2,14,0,0.188,0,0,0.162,20.937,-3.674,-4.482,0.518,0.054,2,14,0,0.276,0,0,0.094,23.588,0.535,-5.745,-0.745,0.330,2,14,0,0.208,0,0,1.122,17.014,-0.770,-4.991,0.009,0.050,2,14,0,0.237,0,0,0.112,1.635,1.659,35,0,0.276,20.000,0.000,0.000,0.000
70.0,18.551,-0.926,-5.021,-0.021,0.090,2,14,0,0.156,0,0,0.112,19.454,2.559,-6.040,-1.040,0.082,2,14,0,0.173,0,0,0.089,20.934,-3.671,-4.450,0.550,0.009,2,14,0,0.190,0,0,0.098,23.010,0.592,-5.793,-0.793,0.619,2,14,0,0.178,0,0,0.567,17.107,-0.860,-4.959,0.041,0.061,2,14,0,0.177,0,0,0.098,1.447,1.720,36,0,0.190,20.000,0.000,0.000,0.000
71.0,18.454,-0.931,-5.058,-0.058,0.099,2,14,0,0.158,0,0,0.045,19.627,2.600,-6.044,-1.044,0.080,2,14,0,0.180,0,0,0.107,20.908,-3.669,-4.463,0.537,0.035,2,14,0,0.185,0,0,0.124,22.417,0.585,-5.820,-0.820,0.590,2,14,0,0.198,0,0,0.160,17.183,-0.828,-4.926,0.074,0.052,2,14,0,0.172,0,0,0.085,1.282,1.804,37,0,0.198,20.000,0.000,0.000,0.000
72.0,18.321,-0.967,-5.063,-0.063,0.079,2,14,0,0.157,0,0,0.131,19.642,2.561,-6.093,-1.093,0.019,2,14,0,0.147,0,0,0.107,20.987,-3.648,-4.502,0.498,0.060,2,14,0,0.251,0,0,0.049,22.010,0.470,-5.739,-0.739,0.351,2,14,0,0.428,0,0,0.462,17.219,-0.776,-4.952,0.048,0.036,2,14,0,0.202,0,0,0.096,1.124,1.938,38,0,0.428,20.000,0.000,0.000,0.000
73.0,18.273,-0.981,-5.013,-0.013,0.028,2,14,0,0.178,0,0,0.179,19.561,2.562,-6.044,-1.044,0.045,2,14,0,0.190,0,0,0.034,21.065,-3.658,-4.553,0.447,0.066,2,14,0,0.188,0,0,0.034,21.839,0.389,-5.712,-0.712,0.090,2,14,0,0.259,0,0,0.633,17.138,-0.725,-4.947,0.053,0.055,2,14,0,0.409,0,0,0.042,1.166,1.986,39,0,0.409,20.000,0.000,0.000,0.000
74.0,18.349,-0.979,-5.003,-0.003,0.074,2,14,0,0.163,0,0,0.103,19.572,2.582,-6.039,-1.039,0.024,2,14,0,0.179,0,0,0.053,21.175,-3.711,-4.510,0.490,0.031,2,14,0,0.165,0,0,0.149,22.023,0.286,-5.700,-0.700,0.232,2,14,0,0.171,0,0,0.472,17.057,-0.696,-4.974,0.026,0.024,2,14,0,0.157,0,0,0.098,1.324,1.919,40,0,0.179,20.000,0.000,0.000,0.000
75.0,18.445,-1.010,-4.990,0.010,0.071,2,14,0,0.155,0,0,0.035,19.536,2.575,-6.039,-1.039,0.039,2,14,0,0.144,0,0,0.036,21.160,-3.710,-4.464,0.536,0.039,2,14,0,0.299,0,0,0.135,22.301,0.265,-5.774,-0.774,0.320,2,14,0,0.191,0,0,0.239,17.111,-0.694,-5.002,-0.002,0.025,2,14,0,0.149,0,0,0.072,1.371,1.854,41,0,0.299,20.000,0.000,0.000,0.000
76.0,18.481,-1.026,-4.961,0.039,0.055,2,14,0,0.185,0,0,0.060,19.502,2.512,-6.043,-1.043,0.038,2,14,0,0.168,0,0,0.044,21.094,-3.710,-4.437,0.563,0.073,2,14,0,0.190,0,0,0.075,22.577,0.296,-5.781,-0.781,0.276,2,14,0,0.178,0,0,0.173,17.173,-0.746,-4.952,0.048,0.052,2,14,0,0.174,0,0,0.053,1.338,1.833,42,0,0.190,20.000,0.000,0.000,0.000
77.0,18.548,-0.940,-4.989,0.011,0.050,2,14,0,0.156,0,0,0.102,19.449,2.438,-5.999,-0.999,0.018,2,14,0,0.145,0,0,0.134,21.000,-3.659,-4.482,0.518,0.077,2,14,0,0.198,0,0,0.031,22.783,0.349,-5.785,-0.785,0.160,2,14,0,0.179,0,0,0.324,17.213,-0.814,-5.025,-0.025,0.033,2,14,0,0.174,0,0,0.101,1.341,1.730,43,0,0.198,20.000,0.000,0.000,0.000
78.0,18.564,-0.939,-4.998,0.002,0.018,2,14,0,0.185,0,0,0.118,19.508,2.463,-6.065,-1.065,0.051,2,14,0,0.171,0,0,0.083,20.907,-3.656,-4.517,0.483,0.036,2,14,0,0.155,0,0,0.125,22.726,0.509,-5.718,-0.718,0.112,2,14,0,0.172,0,0,0.267,17.180,-0.825,-4.925,0.075,0.044,2,14,0,0.184,0,0,0.082,1.391,1.715,44,0,0.185,20.000,0.000,0.000,0.000
79.0,18.485,-0.950,-4.993,0.007,0.058,2,14,0,0.157,0,0,0.042,19.550,2.565,-6.103,-1.103,0.061,2,14,0,0.156,0,0,0.029,20.970,-3.684,-4.509,0.491,0.036,2,14,0,0.363,0,0,0.063,22.667,0.601,-5.677,-0.677,0.124,2,14,0,0.174,0,0,0.258,17.169,-0.805,-4.953,0.047,0.048,2,14,0,0.194,0,0,0.060,1.325,1.788,45,0,0.363,20.000,0.000,0.000,0.000
80.0,18.470,-0.966,-5.041,-0.041,0.043,2,14,0,0.187,0,0,0.021,19.581,2.597,-6.075,-1.075,0.027,2,14,0,0.153,0,0,0.072,21.059,-3.713,-4.457,0.543,0.048,2,14,0,0.180,0,0,0.051,22.509,0.602,-5.658,-0.658,0.159,2,14,0,0.173,0,0,0.173,17.096,-0.739,-4.978,0.022,0.057,2,14,0,0.179,0,0,0.037,1.393,1.809,46,0,0.187,20.000,0.000,0.000,0.000
81.0,18.447,-1.026,-4.958,0.042,0.036,2,14,0,0.177,0,0,0.051,19.605,2.606,-6.110,-1.110,0.008,2,14,0,0.144,0,0,0.095,21.040,-3.716,-4.480,0.520,0.025,2,14,0,0.210,0,0,0.048,22.408,0.505,-5.685,-0.685,0.145,2,14,0,0.170,0,0,0.095,17.043,-0.686,-4.953,0.047,0.018,2,14,0,0.159,0,0,0.113,1.445,1.861,47,0,0.210,20.000,0.000,0.000,0.000
82.0,18.432,-1.035,-4.953,0.047,0.015,2,14,0,0.226,0,0,0.063,19.553,2.612,-6.058,-1.058,0.041,2,14,0,0.171,0,0,0.075,21.083,-3.654,-4.437,0.563,0.036,2,14,0,0.187,0,0,0.054,22.291,0.398,-5.725,-0.725,0.096,2,14,0,0.218,0,0,0.182,17.005,-0.759,-5.004,-0.004,0.044,2,14,0,0.170,0,0,0.122,1.454,1.879,48,0,0.226,20.000,0.000,0.000,0.000
83.0,18.406,-1.005,-5.000,0.000,0.036,2,14,0,0.183,0,0,0.054,19.550,2.527,-6.008,-1.008,0.055,2,14,0,0.175,0,0,0.015,21.078,-3.646,-4.489,0.511,0.014,2,14,0,0.156,0,0,0.052,22.318,0.357,-5.784,-0.784,0.055,2,14,0,0.172,0,0,0.170,17.062,-0.829,-4.929,0.071,0.060,2,14,0,0.150,0,0,0.091,1.358,1.884,49,0,0.183,20.000,0.000,0.000,0.000
84.0,18.393,-0.944,-5.029,-0.029,0.036,2,14,0,0.182,0,0,0.067,19.543,2.522,-6.068,-1.068,0.018,2,14,0,0.142,0,0,0.017,21.046,-3.600,-4.532,0.468,0.030,2,14,0,0.195,0,0,0.070,22.368,0.345,-5.812,-0.812,0.083,2,14,0,0.284,0,0,0.135,17.112,-0.813,-4.952,0.048,0.056,2,14,0,0.152,0,0,0.050,1.290,1.864,50,0,0.284,20.000,0.000,0.000,0.000
85.0,18.388,-0.909,-4.972,0.028,0.031,2,14,0,0.163,0,0,0.092,19.517,2.488,-6.048,-1.048,0.017,2,14,0,0.145,0,0,0.055,20.938,-3.616,-4.472,0.528,0.048,2,14,0,0.158,0,0,0.106,22.469,0.327,-5.728,-0.728,0.102,2,14,0,0.176,0,0,0.107,17.127,-0.817,-4.998,0.002,0.050,2,14,0,0.176,0,0,0.053,1.264,1.851,51,0,0.176,20.000,0.000,0.000,0.000
86.0,18.472,-0.922,-4.987,0.013,0.055,2,14,0,0.183,0,0,0.057,19.503,2.482,-6.069,-1.069,0.014,2,14,0,0.161,0,0,0.067,20.956,-3.641,-4.494,0.506,0.048,2,14,0,0.460,0,0,0.080,22.498,0.402,-5.657,-0.657,0.075,2,14,0,0.174,0,0,0.043,17.229,-0.762,-5.009,-0.009,0.042,2,14,0,0.177,0,0,0.103,1.254,1.784,52,0,0.460,20.000,0.000,0.000,0.000
87.0,18.472,-0.958,-5.037,-0.037,0.036,2,14,0,0.156,0,0,0.027,19.501,2.531,-6.031,-1.031,0.034,2,14,0,0.151,0,0,0.038,21.025,-3.682,-4.421,0.579,0.062,2,14,0,0.186,0,0,0.015,22.474,0.483,-5.733,-0.733,0.052,2,14,0,0.173,0,0,0.050,17.175,-0.703,-4.978,0.022,0.040,2,14,0,0.204,0,0,0.078,1.323,1.804,53,0,0.204,20.000,0.000,0.000,0.000
88.0,18.433,-0.973,-5.020,-0.020,0.027,2,14,0,0.153,0,0,0.019,19.546,2.564,-6.063,-1.063,0.037,2,14,0,0.179,0,0,0.027,21.057,-3.721,-4.471,0.529,0.030,2,14,0,0.153,0,0,0.057,22.502,0.496,-5.794,-0.794,0.008,2,14,0,0.176,0,0,0.070,17.127,-0.684,-5.010,-0.010,0.038,2,14,0,0.170,0,0,0.081,1.337,1.845,54,0,0.179,20.000,0.000,0.000,0.000
89.0,18.431,-1.028,-4.969,0.031,0.020,2,14,0,0.189,0,0,0.056,19.568,2.592,-6.057,-1.057,0.024,2,14,0,0.170,0,0,0.060,21.102,-3.735,-4.399,0.601,0.018,2,14,0,0.149,0,0,0.097,22.523,0.494,-5.747,-0.747,0.020,2,14,0,0.157,0,0,0.080,17.074,-0.674,-4.943,0.057,0.040,2,14,0,0.155,0,0,0.105,1.402,1.876,55,0,0.189,20.000,0.000,0.000,0.000
90.0,18.379,-1.005,-4.950,0.050,0.014,2,14,0,0.218,0,0,0.078,19.545,2.551,-6.088,-1.088,0.031,2,14,0,0.335,0,0,0.017,21.058,-3.714,-4.463,0.537,0.038,2,14,0,0.183,0,0,0.052,22.480,0.504,-5.757,-0.757,0.047,2,14,0,0.274,0,0,0.071,17.067,-0.747,-4.979,0.021,0.051,2,14,0,0.150,0,0,0.063,1.338,1.907,56,0,0.335,20.000,0.000,0.000,0.000
91.0,18.365,-1.008,-4.953,0.047,0.047,2,14,0,0.182,0,0,0.093,19.545,2.500,-6.092,-1.092,0.023,2,14,0,0.148,0,0,0.039,21.031,-3.690,-4.484,0.516,0.044,2,14,0,0.154,0,0,0.022,22.461,0.490,-5.747,-0.747,0.050,2,14,0,0.144,0,0,0.058,17.079,-0.819,-4.940,0.060,0.044,2,14,0,0.143,0,0,0.070,1.300,1.921,57,0,0.182,20.000,0.000,0.000,0.000
92.0,18.501,-0.999,-5.019,-0.019,0.065,2,14,0,0.160,0,0,0.055,19.503,2.534,-6.023,-1.023,0.010,2,14,0,0.158,0,0,0.036,21.051,-3.614,-4.466,0.534,0.039,2,14,0,0.176,0,0,0.058,22.463,0.431,-5.796,-0.796,0.051,2,14,0,0.392,0,0,0.007,17.074,-0.875,-5.013,-0.013,0.028,2,14,0,0.529,0,0,0.122,1.432,1.801,58,0,0.529,20.000,0.000,0.000,0.000
93.0,18.560,-0.999,-5.046,-0.046,0.028,2,14,0,0.161,0,0,0.110,19.496,2.523,-6.059,-1.059,0.006,2,14,0,0.146,0,0,0.044,20.989,-3.608,-4.491,0.509,0.022,2,14,0,0.188,0,0,0.074,22.514,0.401,-5.777,-0.777,0.031,2,14,0,0.154,0,0,0.054,17.177,-0.858,-4.991,0.009,0.052,2,14,0,0.157,0,0,0.107,1.391,1.753,59,0,0.188,20.000,0.000,0.000,0.000
94.0,18.554,-0.974,-5.005,-0.005,0.035,2,14,0,0.189,0,0,0.102,19.504,2.522,-6.033,-1.033,0.017,2,14,0,0.221,0,0,0.038,20.935,-3.652,-4.499,0.501,0.029,2,14,0,0.183,0,0,0.098,22.551,0.395,-5.725,-0.725,0.004,2,14,0,0.246,0,0,0.089,17.210,-0.817,-4.992,0.008,0.050,2,14,0,0.177,0,0,0.099,1.353,1.744,60,0,0.246,20.000,0.000,0.000,0.000
95.0,18.565,-0.945,-5.019,-0.019,0.052,2,14,0,0.184,0,0,0.117,19.521,2.545,-6.010,-1.010,0.027,2,14,0,0.143,0,0,0.019,21.027,-3.650,-4.534,0.466,0.043,2,14,0,0.170,0,0,0.020,22.610,0.448,-5.692,-0.692,0.033,2,14,0,0.173,0,0,0.141,17.262,-0.738,-4.967,0.033,0.064,2,14,0,0.173,0,0,0.140,1.320,1.718,61,0,0.184,20.000,0.000,0.000,0.000
96.0,18.553,-0.918,-4.951,0.049,0.074,2,14,0,0.162,0,0,0.116,19.543,2.553,-6.044,-1.044,0.014,2,14,0,0.147,0,0,0.016,21.058,-3.691,-4.446,0.554,0.028,2,14,0,0.190,0,0,0.035,22.588,0.430,-5.705,-0.705,0.076,2,14,0,0.285,0,0,0.119,17.162,-0.649,-4.947,0.053,0.079,2,14,0,0.188,0,0,0.121,1.417,1.714,62,0,0.285,20.000,0.000,0.000,0.000
97.0,18.515,-0.909,-4.996,0.004,0.092,2,14,0,0.189,0,0,0.093,19.536,2.536,-6.034,-1.034,0.012,2,14,0,0.147,0,0,0.004,21.122,-3.677,-4.425,0.575,0.007,2,14,0,0.362,0,0,0.092,22.416,0.451,-5.773,-0.773,0.097,2,14,0,0.207,0,0,0.055,17.051,-0.639,-5.034,-0.034,0.067,2,14,0,0.262,0,0,0.146,1.489,1.741,63,0,0.362,20.000,0.000,0.000,0.000
98.0,18.425,-0.965,-5.095,-0.095,0.099,2,14,0,0.191,0,0,0.029,19.560,2.561,-6.053,-1.053,0.005,2,14,0,0.159,0,0,0.031,21.091,-3.699,-4.529,0.471,0.041,2,14,0,0.188,0,0,0.067,22.313,0.415,-5.712,-0.712,0.041,2,14,0,0.173,0,0,0.158,17.076,-0.676,-4.994,0.006,0.063,2,14,0,0.147,0,0,0.102,1.383,1.847,64,0,0.191,20.000,0.000,0.000,0.000
99.0,18.302,-1.046,-5.048,-0.048,0.064,2,14,0,0.183,0,0,0.166,19.586,2.578,-6.036,-1.036,0.003,2,14,0,0.154,0,0,0.062,20.997,-3.687,-4.422,0.578,0.060,2,14,0,0.160,0,0,0.039,22.322,0.386,-5.722,-0.722,0.048,2,14,0,0.202,0,0,0.156,17.065,-0.739,-4.945,0.055,0.071,2,14,0,0.173,0,0,0.066,1.279,1.994,65,0,0.202,20.000,0.000,0.000,0.000
100.0,18.245,-1.036,-5.047,-0.047,0.031,2,14,0,0.188,0,0,0.215,19.556,2.525,-6.102,-1.102,0.034,2,14,0,0.175,0,0,0.023,20.955,-3.649,-4.480,0.520,0.026,2,14,0,0.163,0,0,0.078,22.331,0.372,-5.734,-0.734,0.074,2,14,0,0.150,0,0,0.152,17.077,-0.797,-4.936,0.064,0.060,2,14,0,0.145,0,0,0.059,1.198,2.038,66,0,0.188,20.000,0.000,0.000,0.000
101.0,18.360,-1.063,-4.945,0.055,0.103,2,14,0,0.156,0,0,0.127,19.567,2.537,-6.055,-1.055,0.015,2,14,0,0.401,0,0,0.028,21.027,-3.679,-4.457,0.543,0.023,2,14,0,0.156,0,0,0.011,22.369,0.429,-5.763,-0.763,0.101,2,14,0,0.174,0,0,0.102,17.123,-0.883,-4.947,0.053,0.048,2,14,0,0.147,0,0,0.115,1.250,1.954,67,0,0.401,20.000,0.000,0.000,0.000
102.0,18.358,-0.981,-4.984,0.016,0.105,2,14,0,0.228,0,0,0.094,19.546,2.536,-6.043,-1.043,0.026,2,14,0,0.144,0,0,0.009,21.098,-3.647,-4.450,0.550,0.026,2,14,0,0.185,0,0,0.070,22.436,0.451,-5.750,-0.750,0.103,2,14,0,0.173,0,0,0.040,17.126,-0.917,-5.020,-0.020,0.035,2,14,0,0.147,0,0,0.152,1.234,1.913,68,0,0.228,20.000,0.000,0.000,0.000
103.0,18.395,-0.918,-5.005,-0.005,0.102,2,14,0,0.156,0,0,0.081,19.501,2.500,-6.041,-1.041,0.020,2,14,0,0.174,0,0,0.053,21.058,-3.635,-4.457,0.543,0.020,2,14,0,0.187,0,0,0.044,22.534,0.529,-5.730,-0.730,0.063,2,14,0,0.148,0,0,0.114,17.158,-0.844,-4.950,0.050,0.077,2,14,0,0.177,0,0,0.087,1.240,1.849,69,0,0.187,20.000,0.000,0.000,0.000
104.0,18.511,-0.902,-4.990,0.010,0.098,2,14,0,0.178,0,0,0.093,19.455,2.487,-6.064,-1.064,0.018,2,14,0,0.144,0,0,0.098,21.030,-3.651,-4.456,0.544,0.023,2,14,0,0.184,0,0,0.019,22.600,0.563,-5.730,-0.730,0.033,2,14,0,0.219,0,0,0.184,17.199,-0.776,-5.024,-0.024,0.084,2,14,0,0.180,0,0,0.075,1.319,1.741,70,0,0.219,20.000,0.000,0.000,0.000
105.0,18.606,-0.946,-5.004,-0.004,0.045,2,14,0,0.181,0,0,0.157,19.488,2.531,-6.028,-1.028,0.047,2,14,0,0.147,0,0,0.051,21.088,-3.700,-4.451,0.549,0.029,2,14,0,0.185,0,0,0.065,22.598,0.480,-5.732,-0.732,0.078,2,14,0,0.188,0,0,0.136,17.205,-0.648,-4.944,0.056,0.071,2,14,0,0.175,0,0,0.141,1.433,1.685,71,0,0.188,20.000,0.000,0.000,0.000
106.0,18.580,-1.032,-5.014,-0.014,0.067,2,14,0,0.182,0,0,0.140,19.510,2.554,-6.056,-1.056,0.045,2,14,0,0.212,0,0,0.033,21.066,-3.697,-4.528,0.472,0.026,2,14,0,0.163,0,0,0.044,22.576,0.422,-5.792,-0.792,0.097,2,14,0,0.178,0,0,0.107,17.172,-0.706,-4.972,0.028,0.052,2,14,0,0.174,0,0,0.077,1.446,1.756,72,0,0.212,20.000,0.000,0.000,0.000
107.0,18.536,-1.011,-5.029,-0.029,0.076,2,14,0,0.154,0,0,0.092,19.596,2.525,-6.035,-1.035,0.034,2,14,0,0.148,0,0,0.058,20.990,-3.630,-4.429,0.571,0.034,2,14,0,0.163,0,0,0.057,22.408,0.396,-5.795,-0.795,0.097,2,14,0,0.209,0,0,0.073,17.092,-0.716,-4.938,0.062,0.050,2,14,0,0.174,0,0,0.058,1.477,1.779,73,0,0.209,20.000,0.000,0.000,0.000
108.0,18.471,-0.970,-4.983,0.017,0.083,2,14,0,0.225,0,0,0.020,19.644,2.526,-6.118,-1.118,0.017,2,14,0,0.184,0,0,0.104,21.002,-3.628,-4.480,0.520,0.004,2,14,0,0.166,0,0,0.050,22.388,0.399,-5.734,-0.734,0.018,2,14,0,0.241,0,0,0.089,17.106,-0.701,-4.918,0.082,0.031,2,14,0,0.170,0,0,0.066,1.393,1.811,74,0,0.241,20.000,0.000,0.000,0.000
109.0,18.443,-0.940,-5.034,-0.034,0.057,2,14,0,0.156,0,0,0.036,19.605,2.581,-6.106,-1.106,0.033,2,14,0,0.179,0,0,0.079,21.003,-3.688,-4.487,0.513,0.030,2,14,0,0.150,0,0,0.034,22.504,0.425,-5.707,-0.707,0.028,2,14,0,0.188,0,0,0.035,17.058,-0.751,-4.997,0.003,0.048,2,14,0,0.173,0,0,0.068,1.399,1.819,75,0,0.188,20.000,0.000,0.000,0.000
110.0,18.378,-0.995,-4.956,0.044,0.039,2,14,0,0.189,0,0,0.076,19.594,2.592,-6.058,-1.058,0.045,2,14,0,0.145,0,0,0.078,21.056,-3.705,-4.495,0.505,0.025,2,14,0,0.417,0,0,0.043,22.466,0.412,-5.669,-0.669,0.006,2,14,0,0.147,0,0,0.022,17.026,-0.773,-4.974,0.026,0.039,2,14,0,0.148,0,0,0.100,1.370,1.903,76,0,0.417,20.000,0.000,0.000,0.000
111.0,18.333,-0.991,-5.030,-0.030,0.007,2,14,0,0.183,0,0,0.119,19.536,2.555,-6.059,-1.059,0.050,2,14,0,0.146,0,0,0.017,21.076,-3.702,-4.461,0.539,0.011,2,14,0,0.161,0,0,0.055,22.468,0.412,-5.756,-0.756,0.010,2,14,0,0.147,0,0,0.022,17.116,-0.758,-4.921,0.079,0.060,2,14,0,0.142,0,0,0.014,1.244,1.939,77,0,0.183,20.000,0.000,0.000,0.000
112.0,18.388,-0.986,-5.028,-0.028,0.053,2,14,0,0.161,0,0,0.064,19.513,2.543,-6.079,-1.079,0.029,2,14,0,0.175,0,0,0.026,21.062,-3.671,-4.474,0.526,0.023,2,14,0,0.155,0,0,0.031,22.479,0.438,-5.798,-0.798,0.013,2,14,0,0.175,0,0,0.010,17.199,-0.796,-4.992,0.008,0.035,2,14,0,0.147,0,0,0.079,1.205,1.889,78,0,0.175,20.000,0.000,0.000,0.000
113.0,18.451,-0.993,-4.961,0.039,0.067,2,14,0,0.180,0,0,0.018,19.481,2.585,-6.061,-1.061,0.013,2,14,0,0.225,0,0,0.075,20.996,-3.688,-4.497,0.503,0.033,2,14,0,0.173,0,0,0.040,22.457,0.437,-5.772,-0.772,0.008,2,14,0,0.160,0,0,0.014,17.152,-0.818,-5.015,-0.015,0.025,2,14,0,0.147,0,0,0.059,1.312,1.840,79,0,0.225,20.000,0.000,0.000,0.000
114.0,18.534,-0.994,-4.943,0.057,0.042,2,14,0,0.154,0,0,0.084,19.477,2.588,-6.011,-1.011,0.032,2,14,0,0.151,0,0,0.079,20.923,-3.647,-4.490,0.510,0.017,2,14,0,0.178,0,0,0.110,22.447,0.467,-5.820,-0.820,0.011,2,14,0,0.327,0,0,0.040,17.114,-0.850,-4.974,0.026,0.022,2,14,0,0.150,0,0,0.086,1.428,1.772,80,0,0.327,20.000,0.000,0.000,0.000
115.0,18.551,-0.982,-5.013,-0.013,0.015,2,14,0,0.157,0,0,0.099,19.482,2.513,-6.078,-1.078,0.049,2,14,0,0.145,0,0,0.062,20.949,-3.633,-4.476,0.524,0.043,2,14,0,0.160,0,0,0.091,22.485,0.465,-5.739,-0.739,0.015,2,14,0,0.164,0,0,0.035,17.141,-0.826,-4.968,0.032,0.043,2,14,0,0.150,0,0,0.063,1.419,1.751,81,0,0.164,20.000,0.000,0.000,0.000
116.0,18.535,-0.962,-5.020,-0.020,0.051,2,14,0,0.182,0,0,0.084,19.499,2.510,-6.138,-1.138,0.048,2,14,0,0.160,0,0,0.050,20.931,-3.677,-4.520,0.480,0.056,2,14,0,0.157,0,0,0.101,22.482,0.418,-5.691,-0.691,0.027,2,14,0,0.174,0,0,0.020,17.176,-0.757,-4.932,0.068,0.050,2,14,0,0.152,0,0,0.051,1.377,1.753,82,0,0.182,20.000,0.000,0.000,0.000
117.0,18.435,-0.974,-4.983,0.017,0.071,2,14,0,0.180,0,0,0.017,19.576,2.535,-6.004,-1.004,0.042,2,14,0,0.244,0,0,0.038,21.087,-3.703,-4.490,0.510,0.083,2,14,0,0.195,0,0,0.064,22.430,0.434,-5.702,-0.702,0.012,2,14,0,0.143,0,0,0.041,17.123,-0.714,-4.967,0.033,0.037,2,14,0,0.220,0,0,0.051,1.338,1.843,83,0,0.244,20.000,0.000,0.000,0.000
118.0,18.326,-0.971,-5.007,-0.007,0.036,2,14,0,0.160,0,0,0.126,19.567,2.569,-6.051,-1.051,0.023,2,14,0,0.177,0,0,0.040,21.204,-3.665,-4.452,0.548,0.028,2,14,0,0.196,0,0,0.173,22.443,0.434,-5.787,-0.787,0.011,2,14,0,0.215,0,0,0.027,17.121,-0.706,-4.968,0.032,0.010,2,14,0,0.147,0,0,0.058,1.234,1.935,84,0,0.215,20.000,0.000,0.000,0.000
119.0,18.381,-0.990,-5.053,-0.053,0.034,2,14,0,0.200,0,0,0.073,19.528,2.566,-6.080,-1.080,0.008,2,14,0,0.173,0,0,0.029,21.135,-3.647,-4.458,0.542,0.060,2,14,0,0.173,0,0,0.107,22.487,0.420,-5.790,-0.790,0.021,2,14,0,0.182,0,0,0.021,17.062,-0.707,-5.046,-0.046,0.024,2,14,0,0.174,0,0,0.087,1.349,1.898,85,0,0.200,20.000,0.000,0.000,0.000
120.0,18.472,-0.992,-5.035,-0.035,0.057,2,14,0,0.180,0,0,0.026,19.567,2.542,-6.025,-1.025,0.020,2,14,0,0.145,0,0,0.030,21.098,-3.616,-4.441,0.559,0.064,2,14,0,0.184,0,0,0.086,22.488,0.465,-5.748,-0.748,0.012,2,14,0,0.170,0,0,0.036,17.070,-0.767,-5.047,-0.047,0.040,2,14,0,0.175,0,0,0.057,1.420,1.822,86,0,0.184,20.000,0.000,0.000,0.000
121.0,18.550,-0.962,-5.004,-0.004,0.034,2,14,0,0.151,0,0,0.099,19.557,2.537,-6.024,-1.024,0.007,2,14,0,0.175,0,0,0.017,21.011,-3.610,-4.402,0.598,0.069,2,14,0,0.185,0,0,0.062,22.499,0.478,-5.740,-0.740,0.009,2,14,0,0.169,0,0,0.053,17.154,-0.758,-5.002,-0.002,0.039,2,14,0,0.173,0,0,0.028,1.410,1.741,87,0,0.185,20.000,0.000,0.000,0.000
122.0,18.550,-0.953,-5.030,-0.030,0.022,2,14,0,0.152,0,0,0.101,19.544,2.539,-6.003,-1.003,0.014,2,14,0,0.144,0,0,0.005,20.943,-3.657,-4.475,0.525,0.050,2,14,0,0.184,0,0,0.090,22.498,0.494,-5.717,-0.717,0.024,2,14,0,0.192,0,0,0.066,17.239,-0.749,-4.937,0.063,0.022,2,14,0,0.151,0,0,0.114,1.330,1.735,88,0,0.192,20.000,0.000,0.000,0.000
123.0,18.494,-0.968,-5.013,-0.013,0.063,2,14,0,0.179,0,0,0.043,19.567,2.547,-6.080,-1.080,0.010,2,14,0,0.149,0,0,0.029,20.953,-3.736,-4.455,0.545,0.028,2,14,0,0.156,0,0,0.103,22.485,0.479,-5.716,-0.716,0.035,2,14,0,0.170,0,0,0.048,17.198,-0.806,-5.034,-0.034,0.043,2,14,0,0.174,0,0,0.084,1.306,1.790,89,0,0.179,20.000,0.000,0.000,0.000
124.0,18.367,-1.015,-5.008,-0.008,0.056,2,14,0,0.189,0,0,0.094,19.580,2.522,-6.061,-1.061,0.025,2,14,0,0.162,0,0,0.045,20.948,-3.731,-4.492,0.508,0.036,2,14,0,0.190,0,0,0.104,22.476,0.406,-5.742,-0.742,0.044,2,14,0,0.189,0,0,0.027,17.103,-0.844,-4.964,0.036,0.055,2,14,0,0.171,0,0,0.082,1.276,1.923,90,0,0.190,20.000,0.000,0.000,0.000
125.0,18.342,-1.028,-4.920,0.080,0.020,2,14,0,0.238,0,0,0.123,19.517,2.484,-6.028,-1.028,0.034,2,14,0,0.171,0,0,0.058,20.970,-3.712,-4.498,0.502,0.063,2,14,0,0.161,0,0,0.075,22.463,0.319,-5.751,-0.751,0.026,2,14,0,0.172,0,0,0.115,17.032,-0.816,-4.917,0.083,0.044,2,14,0,0.174,0,0,0.105,1.327,1.951,91,0,0.238,20.000,0.000,0.000,0.000
126.0,18.399,-1.025,-4.949,0.051,0.068,2,14,0,0.179,0,0,0.072,19.494,2.545,-5.965,-0.965,0.030,2,14,0,0.172,0,0,0.044,21.046,-3.701,-4.475,0.525,0.070,2,14,0,0.183,0,0,0.035,22.485,0.358,-5.754,-0.754,0.032,2,14,0,0.171,0,0,0.077,17.017,-0.723,-4.959,0.041,0.047,2,14,0,0.176,0,0,0.117,1.416,1.901,92,0,0.183,20.000,0.000,0.000,0.000
127.0,18.434,-1.000,-5.020,-0.020,0.060,2,14,0,0.155,0,0,0.030,19.395,2.591,-6.013,-1.013,0.015,2,14,0,0.174,0,0,0.151,21.065,-3.686,-4.497,0.503,0.048,2,14,0,0.156,0,0,0.038,22.475,0.417,-5.748,-0.748,0.052,2,14,0,0.173,0,0,0.019,17.136,-0.681,-4.918,0.082,0.060,2,14,0,0.148,0,0,0.085,1.340,1.858,93,0,0.174,20.000,0.000,0.000,0.000
128.0,18.524,-0.957,-5.023,-0.023,0.048,2,14,0,0.156,0,0,0.075,19.373,2.550,-6.101,-1.101,0.055,2,14,0,0.148,0,0,0.166,21.117,-3.628,-4.477,0.523,0.036,2,14,0,0.180,0,0,0.094,22.460,0.479,-5.722,-0.722,0.044,2,14,0,0.170,0,0,0.046,17.143,-0.668,-4.982,0.018,0.037,2,14,0,0.153,0,0,0.099,1.412,1.759,94,0,0.180,20.000,0.000,0.000,0.000
129.0,18.460,-0.898,-4.960,0.040,0.023,2,14,0,0.156,0,0,0.078,19.507,2.516,-6.096,-1.096,0.103,2,14,0,0.171,0,0,0.041,21.065,-3.588,-4.494,0.506,0.038,2,14,0,0.218,0,0,0.088,22.458,0.523,-5.696,-0.696,0.011,2,14,0,0.173,0,0,0.090,17.229,-0.724,-5.000,0.000,0.047,2,14,0,0.148,0,0,0.110,1.244,1.783,95,0,0.218,20.000,0.000,0.000,0.000
130.0,18.435,-0.857,-5.009,-0.009,0.029,2,14,0,0.182,0,0,0.119,19.701,2.504,-6.089,-1.089,0.079,2,14,0,0.150,0,0,0.166,21.009,-3.626,-4.505,0.495,0.047,2,14,0,0.159,0,0,0.049,22.482,0.545,-5.762,-0.762,0.029,2,14,0,0.174,0,0,0.112,17.166,-0.781,-4.982,0.018,0.059,2,14,0,0.154,0,0,0.045,1.272,1.784,96,0,0.182,20.000,0.000,0.000,0.000
131.0,18.454,-0.887,-5.015,-0.015,0.058,2,14,0,0.183,0,0,0.089,19.773,2.553,-6.066,-1.066,0.023,2,14,0,0.176,0,0,0.235,20.952,-3.680,-4.513,0.487,0.027,2,14,0,0.184,0,0,0.080,22.570,0.476,-5.697,-0.697,0.056,2,14,0,0.171,0,0,0.109,17.163,-0.828,-4.991,0.009,0.036,2,14,0,0.152,0,0,0.073,1.292,1.782,97,0,0.184,20.000,0.000,0.000,0.000
132.0,18.509,-0.950,-5.017,-0.017,0.074,2,14,0,0.229,0,0,0.062,19.729,2.579,-6.087,-1.087,0.096,2,14,0,0.170,0,0,0.198,20.985,-3.676,-4.434,0.566,0.032,2,14,0,0.160,0,0,0.047,22.519,0.449,-5.747,-0.747,0.069,2,14,0,0.172,0,0,0.052,17.142,-0.870,-4.940,0.060,0.031,2,14,0,0.184,0,0,0.106,1.372,1.768,98,0,0.229,20.000,0.000,0.000,0.000
133.0,18.513,-1.020,-5.009,-0.009,0.065,2,14,0,0.397,0,0,0.075,19.579,2.540,-6.099,-1.099,0.130,2,14,0,0.168,0,0,0.043,21.019,-3.657,-4.461,0.539,0.044,2,14,0,0.187,0,0,0.018,22.416,0.413,-5.738,-0.738,0.062,2,14,0,0.185,0,0,0.058,17.134,-0.832,-4.969,0.031,0.055,2,14,0,0.179,0,0,0.070,1.392,1.803,99,0,0.397,20.000,0.000,0.000,0.000
134.0,18.475,-1.056,-4.975,0.025,0.033,2,14,0,0.188,0,0,0.084,19.453,2.533,-6.097,-1.097,0.088,2,14,0,0.149,0,0,0.085,21.129,-3.646,-4.500,0.500,0.042,2,14,0,0.211,0,0,0.101,22.338,0.399,-5.756,-0.756,0.016,2,14,0,0.144,0,0,0.136,17.016,-0.774,-4.987,0.013,0.065,2,14,0,0.177,0,0,0.107,1.486,1.855,100,0,0.211,20.000,0.000,0.000,0.000
135.0,18.487,-1.037,-4.963,0.037,0.035,2,14,0,0.179,0,0,0.071,19.408,2.511,-6.076,-1.076,0.024,2,14,0,0.169,0,0,0.133,21.124,-3.689,-4.445,0.555,0.030,2,14,0,0.214,0,0,0.096,22.339,0.343,-5.745,-0.745,0.047,2,14,0,0.148,0,0,0.159,16.997,-0.723,-4.982,0.018,0.055,2,14,0,0.179,0,0,0.137,1.523,1.834,100,0,0.214,20.000,0.000,0.000,0.000
136.0,18.428,-0.988,-5.006,-0.006,0.065,2,14,0,0.217,0,0,0.027,19.420,2.479,-6.074,-1.074,0.036,2,14,0,0.151,0,0,0.134,21.107,-3.729,-4.478,0.522,0.042,2,14,0,0.168,0,0,0.097,22.465,0.386,-5.737,-0.737,0.092,2,14,0,0.270,0,0,0.049,17.121,-0.729,-4.962,0.038,0.069,2,14,0,0.146,0,0,0.037,1.334,1.856,101,0,0.270,20.000,0.000,0.000,0.000
137.0,18.348,-0.949,-4.994,0.006,0.037,2,14,0,0.196,0,0,0.107,19.502,2.525,-6.049,-1.049,0.074,2,14,0,0.146,0,0,0.041,21.027,-3.730,-4.537,0.463,0.064,2,14,0,0.185,0,0,0.061,22.496,0.384,-5.713,-0.713,0.065,2,14,0,0.170,0,0,0.056,17.169,-0.734,-4.969,0.031,0.048,2,14,0,0.208,0,0,0.053,1.199,1.905,102,0,0.208,20.000,0.000,0.000,0.000
138.0,18.302,-0.911,-4.977,0.023,0.039,2,14,0,0.179,0,0,0.163,19.494,2.551,-6.030,-1.030,0.054,2,14,0,0.144,0,0,0.048,20.916,-3.734,-4.499,0.501,0.051,2,14,0,0.154,0,0,0.132,22.565,0.420,-5.727,-0.727,0.046,2,14,0,0.155,0,0,0.096,17.200,-0.752,-4.946,0.054,0.017,2,14,0,0.176,0,0,0.074,1.114,1.927,103,0,0.179,20.000,0.000,0.000,0.000
139.0,18.391,-0.939,-5.020,-0.020,0.102,2,14,0,0.181,0,0,0.077,19.570,2.537,-6.026,-1.026,0.058,2,14,0,0.171,0,0,0.030,20.899,-3.684,-4.489,0.511,0.050,2,14,0,0.172,0,0,0.133,22.553,0.430,-5.697,-0.697,0.035,2,14,0,0.177,0,0,0.083,17.200,-0.744,-4.987,0.013,0.028,2,14,0,0.168,0,0,0.078,1.207,1.863,104,0,0.181,20.000,0.000,0.000,0.000
140.0,18.576,-1.041,-5.055,-0.055,0.094,2,14,0,0.190,0,0,0.136,19.595,2.564,-5.991,-0.991,0.018,2,14,0,0.161,0,0,0.062,20.988,-3.620,-4.479,0.521,0.072,2,14,0,0.165,0,0,0.065,22.511,0.408,-5.759,-0.759,0.047,2,14,0,0.172,0,0,0.049,17.078,-0.816,-4.962,0.038,0.062,2,14,0,0.200,0,0,0.067,1.517,1.764,104,0,0.200,20.000,0.000,0.000,0.000
141.0,18.645,-1.058,-4.988,0.012,0.010,2,14,0,0.185,0,0,0.210,19.605,2.506,-6.091,-1.091,0.022,2,14,0,0.415,0,0,0.074,21.091,-3.608,-4.465,0.535,0.068,2,14,0,0.155,0,0,0.085,22.401,0.432,-5.740,-0.740,0.053,2,14,0,0.177,0,0,0.068,16.979,-0.872,-4.938,0.062,0.013,2,14,0,0.170,0,0,0.180,1.678,1.719,104,0,0.415,20.000,0.000,0.000,0.000
142.0,18.579,-0.992,-4.981,0.019,0.100,2,14,0,0.181,0,0,0.129,19.548,2.517,-6.064,-1.064,0.036,2,14,0,0.149,0,0,0.024,21.126,-3.623,-4.513,0.487,0.029,2,14,0,0.181,0,0,0.107,22.372,0.499,-5.748,-0.748,0.024,2,14,0,0.170,0,0,0.117,17.044,-0.866,-5.028,-0.028,0.083,2,14,0,0.183,0,0,0.135,1.541,1.734,104,0,0.183,20.000,0.000,0.000,0.000
143.0,18.440,-0.969,-5.005,-0.005,0.109,2,14,0,0.181,0,0,0.014,19.539,2.557,-6.085,-1.085,0.026,2,14,0,0.173,0,0,0.017,21.122,-3.692,-4.428,0.572,0.042,2,14,0,0.248,0,0,0.093,22.441,0.510,-5.775,-0.775,0.055,2,14,0,0.147,0,0,0.082,17.162,-0.769,-5.023,-0.023,0.093,2,14,0,0.205,0,0,0.035,1.294,1.837,105,0,0.248,20.000,0.000,0.000,0.000
144.0,18.322,-0.870,-4.946,0.054,0.064,2,14,0,0.180,0,0,0.168,19.544,2.604,-6.052,-1.052,0.015,2,14,0,0.145,0,0,0.065,21.118,-3.686,-4.423,0.577,0.049,2,14,0,0.272,0,0,0.089,22.456,0.464,-5.737,-0.737,0.050,2,14,0,0.170,0,0,0.034,17.269,-0.678,-4.907,0.093,0.057,2,14,0,0.175,0,0,0.166,1.070,1.891,106,0,0.272,20.000,0.000,0.000,0.000
