t,d0_x,d0_y,d0_z,d0_zerr,d0_velxy,d0_arm,d0_nav,d0_mpc,d0_solve_ms,d0_fallback,d0_hover,d0_poserr,d0_planratio,d0_clipn,min_spacing,formation_max_err,safety_violations,total_fallbacks,max_solve_ms,leader_x,leader_y,leader_vx,leader_vy
1.0,0.247,0.028,0.251,5.251,0.042,2,14,0,0.231,0,0,0.197,0.0245,0,nan,0.249,0,0,0.231,0.000,0.000,0.000,0.000
2.0,0.344,-0.095,-0.541,4.459,0.054,2,14,0,0.229,0,0,0.095,0.0469,0,nan,0.357,0,0,0.229,0.000,0.000,0.000,0.000
3.0,0.350,-0.115,-1.756,3.244,0.082,2,14,0,0.289,0,0,0.087,0.0469,0,nan,0.369,0,0,0.289,0.000,0.000,0.000,0.000
4.0,0.216,-0.171,-2.974,2.026,0.099,2,14,0,0.416,0,0,0.064,0.0469,0,nan,0.276,0,0,0.416,0.000,0.000,0.000,0.000
5.0,0.205,-0.257,-4.155,0.845,0.056,2,14,0,0.170,0,0,0.119,0.0469,0,nan,0.329,0,0,0.170,0.000,0.000,0.000,0.000
6.0,0.243,-0.293,-4.663,0.337,0.021,2,14,0,0.176,0,0,0.133,0.0469,0,nan,0.380,0,0,0.176,0.000,0.000,0.000,0.000
7.0,0.303,-0.310,-4.807,0.193,0.057,2,14,0,0.180,0,0,0.193,0.0499,0,nan,0.468,0,0,0.180,-0.000,0.047,-0.001,0.168
8.0,0.256,-0.224,-4.850,0.150,0.245,2,14,0,0.199,0,0,0.424,0.1464,0,nan,0.644,0,0,0.199,-0.007,0.365,-0.017,0.468
9.0,0.253,0.233,-4.961,0.039,0.601,2,14,0,0.227,0,0,0.588,0.2659,0,nan,0.807,0,0,0.227,-0.048,0.981,-0.075,0.764
10.0,0.303,0.954,-4.972,0.028,0.938,2,14,0,0.205,0,0,0.797,0.3823,0,nan,1.053,0,0,0.205,-0.180,1.890,-0.202,1.049
11.0,0.197,2.052,-4.948,0.052,1.336,2,14,0,0.238,0,0,0.941,0.5233,0,nan,1.223,0,0,0.238,-0.482,3.069,-0.420,1.302
12.0,-0.104,3.644,-4.929,0.071,1.810,2,14,0,0.198,0,0,0.913,0.6488,0,nan,1.219,0,0,0.198,-1.035,4.431,-0.665,1.345
13.0,-0.838,5.501,-4.957,0.043,2.067,2,14,0,0.248,0,0,0.682,0.6767,0,nan,0.985,0,0,0.248,-1.798,5.720,-0.858,1.230
14.0,-2.009,7.324,-4.997,0.003,2.115,2,14,0,0.223,0,0,0.755,0.6767,0,nan,0.858,0,0,0.223,-2.745,6.882,-1.032,1.088
15.0,-3.356,8.982,-5.010,-0.010,2.078,2,14,0,0.279,0,0,1.277,0.6767,0,nan,1.202,0,0,0.279,-3.855,7.889,-1.183,0.922
16.0,-4.806,10.373,-5.036,-0.036,1.958,2,14,0,0.237,0,0,1.820,0.6767,0,nan,1.681,0,0,0.237,-5.103,8.719,-1.308,0.735
17.0,-6.442,11.483,-5.032,-0.032,1.812,2,14,0,0.223,0,0,2.302,0.6767,0,nan,2.131,0,0,0.223,-6.460,9.353,-1.403,0.531
18.0,-8.024,12.249,-4.981,0.019,1.587,2,14,0,0.233,0,0,2.669,0.6767,0,nan,2.476,0,0,0.233,-7.898,9.777,-1.466,0.315
19.0,-9.425,12.668,-5.038,-0.038,1.397,2,14,0,0.261,0,0,2.871,0.6767,0,nan,2.688,0,0,0.261,-9.382,9.981,-1.497,0.093
20.0,-10.820,12.688,-5.035,-0.035,1.366,2,14,0,0.228,0,0,2.900,0.6767,0,nan,2.728,0,0,0.228,-10.881,9.961,-1.494,-0.132
21.0,-12.034,12.383,-5.036,-0.036,1.457,2,14,0,0.311,0,0,2.831,0.6767,0,nan,2.686,0,0,0.311,-12.360,9.718,-1.458,-0.354
22.0,-13.427,11.651,-4.982,0.018,1.736,2,14,0,0.252,0,0,2.561,0.6767,0,nan,2.422,0,0,0.252,-13.785,9.256,-1.388,-0.568
23.0,-15.000,10.537,-4.974,0.026,2.025,2,14,0,0.194,0,0,2.131,0.7010,0,nan,1.955,0,0,0.194,-15.126,8.586,-1.288,-0.769
24.0,-16.453,8.971,-4.963,0.037,2.270,2,14,0,0.185,0,0,1.475,0.7808,0,nan,1.252,0,0,0.185,-16.352,7.724,-1.159,-0.953
25.0,-17.637,7.033,-5.004,-0.004,2.374,2,14,0,0.175,0,0,0.708,0.7813,0,nan,0.400,0,0,0.175,-17.434,6.688,-1.003,-1.115
26.0,-18.540,4.946,-5.013,-0.013,2.199,2,14,0,0.194,0,0,0.611,0.7813,0,nan,0.588,0,0,0.194,-18.350,5.502,-0.825,-1.253
27.0,-19.192,3.033,-5.051,-0.051,1.945,2,14,0,0.221,0,0,1.069,0.7813,0,nan,1.165,0,0,0.221,-19.079,4.192,-0.629,-1.362
28.0,-19.534,1.250,-5.010,-0.010,1.706,2,14,0,0.190,0,0,1.375,0.7813,0,nan,1.540,0,0,0.190,-19.603,2.788,-0.418,-1.441
29.0,-19.657,-0.308,-4.989,0.011,1.445,2,14,0,0.197,0,0,1.465,0.7813,0,nan,1.650,0,0,0.197,-19.912,1.322,-0.198,-1.487
30.0,-19.666,-1.649,-5.009,-0.009,1.179,2,14,0,0.197,0,0,1.301,0.7813,0,nan,1.512,0,0,0.197,-19.998,-0.174,0.026,-1.500
31.0,-19.584,-2.636,-4.975,0.025,0.888,2,14,0,0.166,0,0,0.798,0.7813,0,nan,1.009,0,0,0.166,-19.860,-1.666,0.250,-1.479
32.0,-19.367,-3.446,-4.996,0.004,0.891,2,14,0,0.170,0,0,0.216,0.7813,0,nan,0.351,0,0,0.170,-19.500,-3.121,0.468,-1.425
33.0,-18.899,-4.377,-5.045,-0.045,1.162,2,14,0,0.164,0,0,0.387,0.7813,0,nan,0.132,0,0,0.164,-18.927,-4.506,0.676,-1.339
34.0,-18.202,-5.522,-5.059,-0.059,1.496,2,14,0,0.166,0,0,0.543,0.7813,0,nan,0.271,0,0,0.166,-18.154,-5.789,0.868,-1.223
35.0,-17.371,-6.871,-5.016,-0.016,1.738,2,14,0,0.179,0,0,0.512,0.7813,0,nan,0.188,0,0,0.179,-17.197,-6.943,1.041,-1.080
36.0,-16.278,-8.220,-4.915,0.085,1.866,2,14,0,0.169,0,0,0.500,0.7813,0,nan,0.343,0,0,0.169,-16.079,-7.940,1.191,-0.912
37.0,-14.930,-9.392,-4.962,0.038,1.890,2,14,0,0.190,0,0,0.606,0.7813,0,nan,0.641,0,0,0.190,-14.824,-8.760,1.314,-0.724
38.0,-13.292,-10.289,-5.032,-0.032,1.871,2,14,0,0.196,0,0,0.750,0.7813,0,nan,0.922,0,0,0.196,-13.461,-9.382,1.407,-0.519
39.0,-11.548,-10.831,-5.018,-0.018,1.770,2,14,0,0.186,0,0,0.887,0.7813,0,nan,1.139,0,0,0.186,-12.020,-9.794,1.469,-0.303
40.0,-9.900,-11.023,-4.992,0.008,1.633,2,14,0,0.236,0,0,0.941,0.7813,0,nan,1.215,0,0,0.236,-10.534,-9.986,1.498,-0.080
41.0,-8.286,-10.780,-4.988,0.012,1.553,2,14,0,0.167,0,0,0.807,0.7813,0,nan,1.116,0,0,0.167,-9.035,-9.953,1.493,0.145
42.0,-6.878,-10.229,-5.017,-0.017,1.512,2,14,0,0.163,0,0,0.539,0.7813,0,nan,0.864,0,0,0.163,-7.559,-9.697,1.455,0.366
43.0,-5.619,-9.520,-4.983,0.017,1.495,2,14,0,0.165,0,0,0.271,0.7813,0,nan,0.597,0,0,0.165,-6.137,-9.224,1.384,0.579
44.0,-4.381,-8.662,-5.048,-0.048,1.511,2,14,0,0.162,0,0,0.137,0.7813,0,nan,0.438,0,0,0.162,-4.802,-8.543,1.281,0.780
45.0,-3.196,-7.800,-5.003,-0.003,1.510,2,14,0,0.165,0,0,0.114,0.7813,0,nan,0.409,0,0,0.165,-3.584,-7.670,1.151,0.962
46.0,-1.986,-6.768,-4.975,0.025,1.523,2,14,0,0.175,0,0,0.244,0.7813,0,nan,0.542,0,0,0.175,-2.510,-6.625,0.994,1.124
47.0,-0.921,-5.653,-4.974,0.026,1.492,2,14,0,0.171,0,0,0.401,0.7813,0,nan,0.718,0,0,0.171,-1.604,-5.432,0.815,1.259
48.0,-0.245,-4.458,-4.973,0.027,1.474,2,14,0,0.163,0,0,0.403,0.7813,0,nan,0.727,0,0,0.163,-0.886,-4.116,0.617,1.367
49.0,0.230,-3.080,-4.999,0.001,1.559,2,14,0,0.166,0,0,0.383,0.7813,0,nan,0.709,0,0,0.166,-0.374,-2.708,0.406,1.444
50.0,0.512,-1.480,-4.971,0.029,1.645,2,14,0,0.162,0,0,0.320,0.7813,0,nan,0.637,0,0,0.162,-0.077,-1.239,0.186,1.488
51.0,0.632,0.118,-5.006,-0.006,1.662,2,14,0,0.167,0,0,0.355,0.7813,0,nan,0.651,0,0,0.167,-0.003,0.258,-0.039,1.500
52.0,0.543,1.740,-4.997,0.003,1.642,2,14,0,0.161,0,0,0.444,0.7813,0,nan,0.698,0,0,0.161,-0.154,1.749,-0.262,1.477
53.0,0.125,3.325,-4.936,0.064,1.633,2,14,0,0.168,0,0,0.470,0.7813,0,nan,0.663,0,0,0.168,-0.526,3.201,-0.480,1.421
54.0,-0.462,4.802,-4.983,0.017,1.589,2,14,0,0.165,0,0,0.534,0.7813,0,nan,0.686,0,0,0.165,-1.111,4.581,-0.687,1.333
55.0,-1.381,6.079,-4.958,0.042,1.569,2,14,0,0.168,0,0,0.452,0.7813,0,nan,0.560,0,0,0.168,-1.895,5.858,-0.879,1.216
56.0,-2.412,7.206,-5.000,0.000,1.548,2,14,0,0.169,0,0,0.405,0.7813,0,nan,0.493,0,0,0.169,-2.861,7.003,-1.050,1.071
57.0,-3.637,8.125,-5.027,-0.027,1.562,2,14,0,0.166,0,0,0.304,0.7813,0,nan,0.376,0,0,0.166,-3.988,7.991,-1.199,0.902
58.0,-5.000,8.884,-5.006,-0.006,1.585,2,14,0,0.159,0,0,0.244,0.7813,0,nan,0.263,0,0,0.159,-5.250,8.800,-1.320,0.713
59.0,-6.343,9.523,-5.061,-0.061,1.567,2,14,0,0.178,0,0,0.277,0.7813,0,nan,0.297,0,0,0.178,-6.618,9.411,-1.412,0.507
60.0,-7.888,9.915,-5.017,-0.017,1.570,2,14,0,0.169,0,0,0.290,0.7813,0,nan,0.203,0,0,0.169,-8.063,9.811,-1.472,0.291
61.0,-9.423,10.177,-5.002,-0.002,1.549,2,14,0,0.166,0,0,0.378,0.7813,0,nan,0.227,0,0,0.166,-9.550,9.990,-1.498,0.067
62.0,-10.889,10.208,-4.974,0.026,1.528,2,14,0,0.166,0,0,0.445,0.7813,0,nan,0.308,0,0,0.166,-11.048,9.945,-1.492,-0.157
63.0,-12.469,9.955,-4.940,0.060,1.565,2,14,0,0.164,0,0,0.495,0.7813,0,nan,0.283,0,0,0.164,-12.523,9.677,-1.451,-0.378
64.0,-13.931,9.412,-4.968,0.032,1.569,2,14,0,0.166,0,0,0.472,0.7813,0,nan,0.221,0,0,0.166,-13.940,9.191,-1.379,-0.591
65.0,-15.205,8.566,-5.024,-0.024,1.581,2,14,0,0.165,0,0,0.317,0.7813,0,nan,0.093,0,0,0.165,-15.270,8.499,-1.275,-0.790
66.0,-16.407,7.629,-5.000,-0.000,1.594,2,14,0,0.173,0,0,0.272,0.7813,0,nan,0.074,0,0,0.173,-16.480,7.616,-1.142,-0.972
67.0,-17.508,6.498,-5.010,-0.010,1.608,2,14,0,0.181,0,0,0.263,0.7813,0,nan,0.074,0,0,0.181,-17.546,6.562,-0.984,-1.132
68.0,-18.453,5.213,-5.040,-0.040,1.596,2,14,0,0.171,0,0,0.289,0.7813,0,nan,0.148,0,0,0.171,-18.442,5.361,-0.804,-1.266
69.0,-19.304,3.827,-5.003,-0.003,1.572,2,14,0,0.166,0,0,0.431,0.7813,0,nan,0.263,0,0,0.166,-19.148,4.039,-0.606,-1.372
70.0,-19.853,2.422,-4.996,0.004,1.518,2,14,0,0.178,0,0,0.484,0.7813,0,nan,0.289,0,0,0.178,-19.649,2.627,-0.394,-1.447
71.0,-20.139,0.938,-5.016,-0.016,1.523,2,14,0,0.177,0,0,0.487,0.7813,0,nan,0.300,0,0,0.177,-19.933,1.155,-0.173,-1.490
72.0,-20.030,-0.591,-5.020,-0.020,1.557,2,14,0,0.169,0,0,0.327,0.7813,0,nan,0.252,0,0,0.169,-19.994,-0.342,0.051,-1.499
73.0,-19.801,-2.155,-4.976,0.024,1.581,2,14,0,0.167,0,0,0.296,0.7813,0,nan,0.324,0,0,0.167,-19.831,-1.832,0.275,-1.475
74.0,-19.412,-3.666,-4.966,0.034,1.575,2,14,0,0.175,0,0,0.325,0.7813,0,nan,0.387,0,0,0.175,-19.447,-3.280,0.492,-1.417
75.0,-18.790,-5.064,-5.046,-0.046,1.558,2,14,0,0.169,0,0,0.328,0.7813,0,nan,0.414,0,0,0.169,-18.850,-4.655,0.698,-1.328
76.0,-17.942,-6.369,-4.995,0.005,1.552,2,14,0,0.240,0,0,0.324,0.7813,0,nan,0.458,0,0,0.240,-18.055,-5.926,0.889,-1.208
77.0,-16.925,-7.550,-5.050,-0.050,1.548,2,14,0,0.175,0,0,0.340,0.7813,0,nan,0.511,0,0,0.175,-17.079,-7.063,1.059,-1.062
78.0,-15.831,-8.563,-5.024,-0.024,1.549,2,14,0,0.174,0,0,0.394,0.7813,0,nan,0.534,0,0,0.174,-15.944,-8.041,1.206,-0.892
79.0,-14.490,-9.396,-4.959,0.041,1.564,2,14,0,0.172,0,0,0.400,0.7813,0,nan,0.587,0,0,0.172,-14.676,-8.839,1.326,-0.701
80.0,-13.085,-9.940,-5.013,-0.013,1.564,2,14,0,0.175,0,0,0.341,0.7813,0,nan,0.547,0,0,0.175,-13.303,-9.439,1.416,-0.495
81.0,-11.522,-10.341,-5.057,-0.057,1.594,2,14,0,0.173,0,0,0.353,0.7813,0,nan,0.612,0,0,0.173,-11.855,-9.826,1.474,-0.278
82.0,-9.918,-10.501,-5.011,-0.011,1.582,2,14,0,0.177,0,0,0.375,0.7813,0,nan,0.676,0,0,0.177,-10.366,-9.993,1.499,-0.055
83.0,-8.380,-10.365,-4.925,0.075,1.545,2,14,0,0.175,0,0,0.336,0.7813,0,nan,0.650,0,0,0.175,-8.868,-9.936,1.490,0.170
84.0,-6.837,-10.041,-4.990,0.010,1.531,2,14,0,0.214,0,0,0.355,0.7813,0,nan,0.679,0,0,0.214,-7.396,-9.655,1.448,0.391
85.0,-5.433,-9.481,-4.975,0.025,1.501,2,14,0,0.174,0,0,0.305,0.7813,0,nan,0.638,0,0,0.174,-5.983,-9.157,1.374,0.603
86.0,-4.109,-8.819,-5.042,-0.042,1.481,2,14,0,0.176,0,0,0.335,0.7813,0,nan,0.660,0,0,0.176,-4.659,-8.454,1.268,0.801
87.0,-2.946,-7.916,-5.003,-0.003,1.499,2,14,0,0.189,0,0,0.296,0.7813,0,nan,0.621,0,0,0.189,-3.456,-7.561,1.134,0.982
88.0,-1.993,-6.845,-4.971,0.029,1.541,2,14,0,0.171,0,0,0.221,0.7813,0,nan,0.535,0,0,0.171,-2.399,-6.498,0.975,1.140
89.0,-0.988,-5.526,-5.008,-0.008,1.606,2,14,0,0.172,0,0,0.256,0.7813,0,nan,0.577,0,0,0.172,-1.514,-5.290,0.793,1.273
90.0,-0.232,-4.152,-4.988,0.012,1.600,2,14,0,0.163,0,0,0.303,0.7813,0,nan,0.617,0,0,0.163,-0.818,-3.962,0.594,1.377
91.0,0.358,-2.725,-4.957,0.043,1.574,2,14,0,0.178,0,0,0.408,0.7813,0,nan,0.711,0,0,0.178,-0.329,-2.545,0.382,1.451
92.0,0.718,-1.252,-4.986,0.014,1.563,2,14,0,0.168,0,0,0.496,0.7813,0,nan,0.796,0,0,0.168,-0.058,-1.072,0.161,1.491
93.0,0.735,0.318,-5.010,-0.010,1.599,2,14,0,0.168,0,0,0.466,0.7813,0,nan,0.751,0,0,0.168,-0.009,0.426,-0.064,1.499
94.0,0.552,1.848,-5.039,-0.039,1.603,2,14,0,0.171,0,0,0.468,0.7813,0,nan,0.740,0,0,0.171,-0.185,1.914,-0.287,1.472
95.0,0.072,3.400,-5.005,-0.005,1.644,2,14,0,0.169,0,0,0.424,0.7813,0,nan,0.654,0,0,0.169,-0.581,3.360,-0.504,1.413
96.0,-0.652,4.926,-4.970,0.030,1.646,2,14,0,0.176,0,0,0.444,0.7813,0,nan,0.572,0,0,0.176,-1.189,4.729,-0.709,1.322
97.0,-1.592,6.253,-5.004,-0.004,1.569,2,14,0,0.173,0,0,0.443,0.7813,0,nan,0.480,0,0,0.173,-1.995,5.993,-0.899,1.201
98.0,-2.593,7.393,-5.008,-0.008,1.511,2,14,0,0.174,0,0,0.443,0.7813,0,nan,0.473,0,0,0.174,-2.980,7.122,-1.068,1.053
99.0,-3.783,8.318,-5.039,-0.039,1.507,2,14,0,0.176,0,0,0.397,0.7813,0,nan,0.409,0,0,0.176,-4.123,8.091,-1.214,0.881
100.0,-5.090,8.990,-5.003,-0.003,1.508,2,14,0,0.162,0,0,0.274,0.7813,0,nan,0.328,0,0,0.162,-5.398,8.878,-1.332,0.690
101.0,-6.488,9.577,-4.979,0.021,1.537,2,14,0,0.172,0,0,0.272,0.7813,0,nan,0.310,0,0,0.172,-6.777,9.466,-1.420,0.483
102.0,-7.923,9.956,-4.975,0.025,1.560,2,14,0,0.170,0,0,0.280,0.7813,0,nan,0.326,0,0,0.170,-8.228,9.842,-1.476,0.266
103.0,-9.588,10.046,-5.000,-0.000,1.607,2,14,0,0.145,0,0,0.255,0.7813,0,nan,0.139,0,0,0.145,-9.718,9.996,-1.499,0.042
104.0,-11.216,9.958,-5.020,-0.020,1.549,2,14,0,0.171,0,0,0.334,0.7813,0,nan,0.032,0,0,0.171,-11.215,9.926,-1.489,-0.182
105.0,-12.682,9.748,-4.995,0.005,1.488,2,14,0,0.171,0,0,0.394,0.7813,0,nan,0.115,0,0,0.171,-12.685,9.633,-1.445,-0.403
106.0,-14.089,9.338,-5.039,-0.039,1.477,2,14,0,0.179,0,0,0.469,0.7813,0,nan,0.214,0,0,0.179,-14.094,9.123,-1.369,-0.614
107.0,-15.301,8.656,-5.003,-0.003,1.518,2,14,0,0.175,0,0,0.449,0.7813,0,nan,0.270,0,0,0.175,-15.412,8.409,-1.261,-0.812
108.0,-16.443,7.589,-4.936,0.064,1.629,2,14,0,0.172,0,0,0.274,0.7813,0,nan,0.184,0,0,0.172,-16.608,7.506,-1.126,-0.991
109.0,-17.572,6.372,-4.929,0.071,1.675,2,14,0,0.174,0,0,0.220,0.7813,0,nan,0.104,0,0,0.174,-17.655,6.434,-0.965,-1.148
110.0,-18.566,5.054,-5.034,-0.034,1.656,2,14,0,0.173,0,0,0.316,0.7813,0,nan,0.168,0,0,0.173,-18.531,5.218,-0.783,-1.280
111.0,-19.424,3.649,-4.998,0.002,1.577,2,14,0,0.197,0,0,0.494,0.7813,0,nan,0.315,0,0,0.197,-19.215,3.885,-0.583,-1.382
112.0,-19.901,2.241,-5.046,-0.046,1.509,2,14,0,0.169,0,0,0.489,0.7813,0,nan,0.306,0,0,0.169,-19.692,2.464,-0.370,-1.454
113.0,-20.005,0.768,-4.988,0.012,1.515,2,14,0,0.178,0,0,0.339,0.7813,0,nan,0.227,0,0,0.178,-19.951,0.988,-0.148,-1.493
114.0,-19.974,-0.769,-4.999,0.001,1.549,2,14,0,0.185,0,0,0.280,0.7813,0,nan,0.259,0,0,0.185,-19.987,-0.510,0.077,-1.498
115.0,-19.767,-2.318,-4.996,0.004,1.561,2,14,0,0.169,0,0,0.289,0.7813,0,nan,0.322,0,0,0.169,-19.799,-1.997,0.300,-1.470
116.0,-19.367,-3.803,-5.030,-0.030,1.557,2,14,0,0.176,0,0,0.325,0.7813,0,nan,0.365,0,0,0.176,-19.390,-3.439,0.516,-1.409
117.0,-18.836,-5.259,-5.038,-0.038,1.557,2,14,0,0.172,0,0,0.449,0.7813,0,nan,0.460,0,0,0.172,-18.771,-4.803,0.721,-1.316
118.0,-17.914,-6.552,-5.002,-0.002,1.573,2,14,0,0.179,0,0,0.406,0.7813,0,nan,0.494,0,0,0.179,-17.955,-6.060,0.909,-1.193
119.0,-16.813,-7.680,-4.972,0.028,1.570,2,14,0,0.170,0,0,0.360,0.7813,0,nan,0.520,0,0,0.170,-16.960,-7.181,1.077,-1.044
120.0,-15.644,-8.675,-4.995,0.005,1.557,2,14,0,0.168,0,0,0.384,0.7813,0,nan,0.559,0,0,0.168,-15.808,-8.140,1.221,-0.871
121.0,-14.244,-9.468,-4.998,0.002,1.563,2,14,0,0.177,0,0,0.386,0.7813,0,nan,0.619,0,0,0.177,-14.527,-8.917,1.338,-0.679
122.0,-12.731,-10.014,-5.018,-0.018,1.538,2,14,0,0.175,0,0,0.372,0.7813,0,nan,0.664,0,0,0.175,-13.143,-9.493,1.424,-0.472
123.0,-11.266,-10.271,-4.988,0.012,1.491,2,14,0,0.174,0,0,0.281,0.7813,0,nan,0.593,0,0,0.174,-11.689,-9.856,1.478,-0.253
124.0,-9.789,-10.398,-5.011,-0.011,1.496,2,14,0,0.175,0,0,0.267,0.7813,0,nan,0.571,0,0,0.175,-10.198,-9.998,1.500,-0.030
125.0,-8.311,-10.332,-4.965,0.035,1.497,2,14,0,0.173,0,0,0.271,0.7813,0,nan,0.571,0,0,0.173,-8.701,-9.915,1.487,0.195
126.0,-6.856,-10.093,-5.062,-0.062,1.524,2,14,0,0.175,0,0,0.333,0.7813,0,nan,0.614,0,0,0.175,-7.234,-9.610,1.441,0.415
127.0,-5.336,-9.620,-5.029,-0.029,1.577,2,14,0,0.172,0,0,0.423,0.7813,0,nan,0.724,0,0,0.172,-5.829,-9.089,1.363,0.626
128.0,-3.949,-8.796,-5.014,-0.014,1.582,2,14,0,0.185,0,0,0.391,0.7813,0,nan,0.714,0,0,0.185,-4.518,-8.363,1.254,0.822
129.0,-2.791,-7.783,-4.988,0.012,1.585,2,14,0,0.174,0,0,0.308,0.7813,0,nan,0.633,0,0,0.174,-3.330,-7.450,1.118,1.001
130.0,-1.670,-6.611,-4.953,0.047,1.593,2,14,0,0.172,0,0,0.343,0.7813,0,nan,0.667,0,0,0.172,-2.291,-6.370,0.955,1.156
131.0,-0.783,-5.318,-4.973,0.027,1.551,2,14,0,0.177,0,0,0.357,0.7813,0,nan,0.666,0,0,0.177,-1.426,-5.146,0.772,1.286
132.0,-0.101,-3.934,-5.005,-0.005,1.527,2,14,0,0.175,0,0,0.374,0.7813,0,nan,0.664,0,0,0.175,-0.753,-3.807,0.571,1.387
133.0,0.363,-2.459,-5.052,-0.052,1.516,2,14,0,0.175,0,0,0.376,0.7813,0,nan,0.655,0,0,0.175,-0.288,-2.382,0.357,1.457
134.0,0.566,-0.998,-5.031,-0.031,1.506,2,14,0,0.170,0,0,0.334,0.7813,0,nan,0.614,0,0,0.170,-0.041,-0.904,0.136,1.494
135.0,0.559,0.515,-5.055,-0.055,1.529,2,14,0,0.183,0,0,0.309,0.7813,0,nan,0.582,0,0,0.183,-0.018,0.594,-0.089,1.497
136.0,0.368,2.071,-5.023,-0.023,1.546,2,14,0,0.176,0,0,0.340,0.7813,0,nan,0.587,0,0,0.176,-0.219,2.079,-0.312,1.467
137.0,-0.008,3.526,-4.930,0.070,1.554,2,14,0,0.173,0,0,0.391,0.7813,0,nan,0.631,0,0,0.173,-0.639,3.518,-0.528,1.404
138.0,-0.639,4.929,-4.938,0.062,1.575,2,14,0,0.179,0,0,0.413,0.7813,0,nan,0.633,0,0,0.179,-1.270,4.877,-0.732,1.310
139.0,-1.527,6.249,-4.988,0.012,1.596,2,14,0,0.175,0,0,0.408,0.7813,0,nan,0.583,0,0,0.175,-2.097,6.127,-0.919,1.185
140.0,-2.547,7.443,-4.935,0.065,1.622,2,14,0,0.173,0,0,0.460,0.7813,0,nan,0.591,0,0,0.173,-3.101,7.239,-1.086,1.035
141.0,-3.910,8.417,-4.974,0.026,1.633,2,14,0,0.166,0,0,0.395,0.7813,0,nan,0.418,0,0,0.166,-4.260,8.189,-1.228,0.861
142.0,-5.373,9.172,-5.065,-0.065,1.599,2,14,0,0.169,0,0,0.389,0.7813,0,nan,0.279,0,0,0.169,-5.548,8.955,-1.343,0.668
143.0,-6.750,9.725,-4.965,0.035,1.528,2,14,0,0.172,0,0,0.383,0.7813,0,nan,0.278,0,0,0.172,-6.937,9.519,-1.428,0.460
144.0,-8.270,10.042,-5.013,-0.013,1.520,2,14,0,0.169,0,0,0.365,0.7813,0,nan,0.212,0,0,0.169,-8.393,9.870,-1.481,0.241
145.0,-9.849,10.178,-4.998,0.002,1.498,2,14,0,0.167,0,0,0.421,0.7813,0,nan,0.183,0,0,0.167,-9.886,9.999,-1.500,0.017
146.0,-11.283,10.035,-5.002,-0.002,1.477,2,14,0,0.163,0,0,0.347,0.7813,0,nan,0.164,0,0,0.163,-11.382,9.904,-1.486,-0.207
147.0,-12.682,9.674,-5.059,-0.059,1.496,2,14,0,0.166,0,0,0.277,0.7813,0,nan,0.186,0,0,0.166,-12.847,9.586,-1.438,-0.427
148.0,-14.051,9.148,-5.004,-0.004,1.545,2,14,0,0.176,0,0,0.274,0.7813,0,nan,0.218,0,0,0.176,-14.247,9.053,-1.358,-0.637
149.0,-15.481,8.388,-5.045,-0.045,1.604,2,14,0,0.160,0,0,0.316,0.7813,0,nan,0.101,0,0,0.160,-15.552,8.317,-1.248,-0.833
