t,d0_x,d0_y,d0_z,d0_zerr,d0_velxy,d0_arm,d0_nav,d0_mpc,d0_solve_ms,d0_fallback,d0_hover,d0_poserr,d1_x,d1_y,d1_z,d1_zerr,d1_velxy,d1_arm,d1_nav,d1_mpc,d1_solve_ms,d1_fallback,d1_hover,d1_poserr,min_spacing,formation_max_err,safety_violations,total_fallbacks,max_solve_ms,leader_x,leader_y,leader_vx,leader_vy
1.0,-0.028,-0.137,0.257,5.257,0.091,2,14,0,0.213,0,0,0.160,-2.904,0.021,-1.255,3.745,0.105,2,14,0,0.266,0,0,0.278,3.254,0.301,0,0,0.266,0.240,0.000,0.500,0.000
2.0,0.157,-0.104,-0.331,4.669,0.277,2,14,0,0.227,0,1,0.477,-2.573,0.017,-1.794,3.206,0.460,2,14,0,0.207,0,0,0.455,3.100,0.592,0,0,0.227,0.740,0.000,0.500,0.000
3.0,0.292,-0.111,-1.018,3.982,0.230,2,14,0,0.237,0,0,0.843,-1.959,-0.001,-2.852,2.148,0.656,2,14,0,0.282,0,0,0.343,2.905,0.955,0,0,0.282,1.240,0.000,0.500,0.000
4.0,0.802,-0.163,-2.290,2.710,0.623,2,14,0,0.328,0,0,0.834,-1.282,-0.089,-4.030,0.970,0.729,2,14,0,0.164,0,0,0.165,2.716,0.952,0,0,0.328,1.740,0.000,0.500,0.000
5.0,1.600,-0.221,-3.643,1.357,0.911,2,14,0,0.190,0,0,0.534,-0.574,-0.124,-4.628,0.372,0.690,2,14,0,0.147,0,0,0.097,2.389,0.677,0,0,0.190,2.240,0.000,0.500,0.000
6.0,2.493,-0.210,-4.482,0.518,0.948,2,14,0,0.160,0,0,0.148,0.013,-0.082,-4.765,0.235,0.586,2,14,0,0.171,0,0,0.141,2.500,0.324,0,0,0.171,2.740,0.000,0.500,0.000
7.0,3.377,-0.212,-4.739,0.261,0.852,2,14,0,0.169,0,0,0.253,0.531,-0.031,-4.925,0.075,0.508,2,14,0,0.155,0,0,0.155,2.858,0.293,0,0,0.169,3.240,0.000,0.500,0.000
8.0,4.109,-0.195,-4.897,0.103,0.619,2,14,0,0.151,0,0,0.476,1.101,-0.003,-4.995,0.005,0.465,2,14,0,0.149,0,0,0.230,3.017,0.418,0,0,0.151,3.740,0.000,0.500,0.000
9.0,4.593,-0.211,-4.868,0.132,0.382,2,14,0,0.150,0,0,0.465,1.513,-0.038,-4.925,0.075,0.395,2,14,0,0.144,0,0,0.138,3.085,0.411,0,0,0.150,4.240,0.000,0.500,0.000
10.0,4.888,-0.114,-4.935,0.065,0.262,2,14,0,0.167,0,0,0.258,1.915,-0.041,-4.964,0.036,0.401,2,14,0,0.137,0,0,0.037,2.974,0.187,0,0,0.167,4.740,0.000,0.500,0.000
11.0,5.117,-0.084,-4.958,0.042,0.250,2,14,0,0.146,0,0,0.074,2.387,-0.112,-4.986,0.014,0.425,2,14,0,0.117,0,0,0.072,2.730,0.185,0,0,0.146,5.240,0.000,0.500,0.000
12.0,5.473,-0.069,-4.989,0.011,0.369,2,14,0,0.164,0,0,0.180,2.802,-0.121,-5.007,-0.007,0.447,2,14,0,0.155,0,0,0.107,2.672,0.275,0,0,0.164,5.740,0.000,0.500,0.000
13.0,5.865,-0.056,-5.075,-0.075,0.485,2,14,0,0.152,0,0,0.284,3.248,-0.074,-4.972,0.028,0.493,2,14,0,0.180,0,0,0.132,2.620,0.379,0,0,0.180,6.240,0.000,0.500,0.000
14.0,6.412,-0.068,-4.963,0.037,0.592,2,14,0,0.153,0,0,0.240,3.706,-0.029,-5.007,-0.007,0.547,2,14,0,0.127,0,0,0.173,2.707,0.335,0,0,0.153,6.740,0.000,0.500,0.000
15.0,7.042,-0.177,-4.972,0.028,0.645,2,14,0,0.164,0,0,0.096,4.247,-0.058,-5.051,-0.051,0.583,2,14,0,0.141,0,0,0.128,2.799,0.266,0,0,0.164,7.240,0.000,0.500,0.000
16.0,7.659,-0.268,-5.018,-0.018,0.618,2,14,0,0.147,0,0,0.115,4.783,-0.048,-5.028,-0.028,0.608,2,14,0,0.161,0,0,0.094,2.885,0.280,0,0,0.161,7.740,0.000,0.500,0.000
17.0,8.228,-0.242,-5.010,-0.010,0.556,2,14,0,0.175,0,0,0.129,5.440,-0.016,-5.002,-0.002,0.602,2,14,0,0.129,0,0,0.070,2.798,0.242,0,0,0.175,8.240,0.000,0.500,0.000
18.0,8.756,-0.230,-4.988,0.012,0.512,2,14,0,0.160,0,0,0.145,5.909,0.020,-5.008,-0.008,0.537,2,14,0,0.170,0,0,0.070,2.858,0.231,0,0,0.170,8.740,0.000,0.500,0.000
19.0,9.182,-0.227,-5.062,-0.062,0.443,2,14,0,0.166,0,0,0.087,6.463,0.009,-4.976,0.024,0.511,2,14,0,0.119,0,0,0.099,2.730,0.234,0,0,0.166,9.240,0.000,0.500,0.000
20.0,9.617,-0.192,-5.015,-0.015,0.465,2,14,0,0.181,0,0,0.038,6.914,-0.038,-5.006,-0.006,0.462,2,14,0,0.148,0,0,0.040,2.707,0.228,0,0,0.181,9.740,0.000,0.500,0.000
21.0,10.033,-0.147,-4.896,0.104,0.479,2,14,0,0.178,0,0,0.098,7.344,-0.065,-5.053,-0.053,0.472,2,14,0,0.158,0,0,0.038,2.695,0.254,0,0,0.178,10.240,0.000,0.500,0.000
22.0,10.563,-0.139,-5.028,-0.028,0.535,2,14,0,0.136,0,0,0.070,7.894,-0.038,-4.977,0.023,0.495,2,14,0,0.169,0,0,0.020,2.672,0.225,0,0,0.169,10.740,0.000,0.500,0.000
23.0,11.074,-0.085,-4.995,0.005,0.538,2,14,0,0.158,0,0,0.092,8.430,-0.035,-4.954,0.046,0.486,2,14,0,0.170,0,0,0.054,2.645,0.193,0,0,0.170,11.240,0.000,0.500,0.000
24.0,11.579,-0.002,-5.000,-0.000,0.547,2,14,0,0.184,0,0,0.163,8.819,-0.067,-4.906,0.094,0.464,2,14,0,0.162,0,0,0.061,2.763,0.161,0,0,0.184,11.740,0.000,0.500,0.000
25.0,12.057,0.011,-4.954,0.046,0.553,2,14,0,0.145,0,0,0.183,9.291,-0.004,-5.039,-0.039,0.486,2,14,0,0.142,0,0,0.063,2.767,0.183,0,0,0.145,12.240,0.000,0.500,0.000
26.0,12.695,-0.069,-4.986,0.014,0.568,2,14,0,0.164,0,0,0.107,9.816,0.021,-5.148,-0.148,0.487,2,14,0,0.142,0,0,0.063,2.885,0.082,0,0,0.164,12.740,0.000,0.500,0.000
27.0,13.261,-0.200,-5.089,-0.089,0.512,2,14,0,0.166,0,0,0.137,10.226,0.027,-4.634,0.366,0.430,2,2,0,0.142,0,0,0.063,3.078,0.201,0,0,0.166,13.240,0.000,0.500,0.000
28.0,13.667,-0.268,-5.017,-0.017,0.437,2,14,0,0.144,0,0,0.117,10.630,0.027,-3.850,1.150,0.373,2,2,0,0.142,0,0,0.063,3.267,0.277,0,0,0.144,13.740,0.000,0.500,0.000
29.0,14.116,-0.283,-4.999,0.001,0.421,2,14,0,0.148,0,0,0.127,10.961,-0.015,-3.170,1.830,0.320,2,2,0,0.142,0,0,0.063,3.657,0.309,0,0,0.148,14.240,0.000,0.500,0.000
30.0,14.471,-0.266,-5.026,-0.026,0.425,2,14,0,0.137,0,0,0.194,11.253,-0.017,-2.475,2.525,0.273,2,2,0,0.142,0,0,0.063,4.114,0.487,0,0,0.142,14.740,0.000,0.500,0.000
31.0,14.930,-0.266,-5.023,-0.023,0.491,2,14,0,0.152,0,0,0.229,11.519,-0.092,-1.815,3.185,0.244,2,2,0,0.142,0,0,0.063,4.686,0.727,0,0,0.152,15.240,0.000,0.500,0.000
32.0,15.411,-0.168,-4.981,0.019,0.537,2,14,0,0.133,0,0,0.220,11.635,0.026,-1.609,3.391,0.935,2,2,0,0.142,0,0,0.063,5.066,1.106,0,0,0.142,15.740,0.000,0.500,0.000
33.0,15.987,-0.062,-4.980,0.020,0.546,2,14,0,0.161,0,0,0.172,11.509,0.229,-2.466,2.534,0.574,2,2,0,0.142,0,0,0.063,5.143,1.746,0,0,0.161,16.240,0.000,0.500,0.000
34.0,16.510,-0.023,-4.995,0.005,0.509,2,14,0,0.156,0,0,0.180,11.607,0.097,-2.855,2.145,0.134,2,2,0,0.142,0,0,0.063,5.352,2.136,0,0,0.156,16.740,0.000,0.500,0.000
35.0,16.977,-0.085,-4.964,0.036,0.472,2,14,0,0.146,0,0,0.170,11.704,-0.111,-3.071,1.929,0.173,2,2,0,0.142,0,0,0.063,5.602,2.539,0,0,0.146,17.240,0.000,0.500,0.000
36.0,17.470,-0.126,-5.037,-0.037,0.444,2,14,0,0.126,0,0,0.164,11.796,-0.184,-3.216,1.784,0.282,2,2,0,0.142,0,0,0.063,5.959,2.950,0,0,0.142,17.740,0.000,0.500,0.000
37.0,17.830,-0.180,-5.051,-0.051,0.411,2,14,0,0.153,0,0,0.301,11.824,-0.228,-3.013,1.987,0.305,2,2,0,0.142,0,0,0.063,6.343,3.424,0,0,0.153,18.240,0.000,0.500,0.000
38.0,18.273,-0.219,-5.011,-0.011,0.443,2,14,0,0.160,0,0,0.364,11.902,-0.255,-2.720,2.280,0.293,1,14,0,0.142,0,0,0.063,6.770,3.846,0,0,0.160,18.740,0.000,0.500,0.000
39.0,18.710,-0.209,-5.012,-0.012,0.450,2,14,0,0.149,0,0,0.424,11.850,-0.271,-2.395,2.605,0.250,1,14,0,0.142,0,0,0.063,7.343,4.399,0,0,0.149,19.240,0.000,0.500,0.000
40.0,19.127,-0.228,-4.980,0.020,0.481,2,14,0,0.160,0,0,0.508,11.820,-0.301,-2.108,2.892,0.223,1,14,0,0.142,0,0,0.063,7.852,4.929,0,0,0.160,19.740,0.000,0.500,0.000
41.0,19.614,-0.213,-5.031,-0.031,0.407,2,14,0,0.173,0,0,0.286,11.757,-0.302,-1.860,3.140,0.176,1,14,0,0.142,0,0,0.063,8.473,5.252,0,0,0.173,20.000,0.000,0.010,0.000
42.0,19.885,-0.166,-4.986,0.014,0.145,2,14,0,0.164,0,0,0.010,11.755,-0.247,-1.595,3.405,0.129,1,14,0,0.142,0,0,0.063,8.809,5.251,0,0,0.164,20.000,0.000,0.000,0.000
43.0,19.908,-0.093,-4.993,0.007,0.117,2,14,0,0.156,0,0,0.067,11.749,-0.244,-1.471,3.529,0.111,1,14,0,0.142,0,0,0.063,8.888,5.257,0,0,0.156,20.000,0.000,0.000,0.000
44.0,19.729,-0.070,-5.013,-0.013,0.269,2,14,0,0.156,0,0,0.183,11.810,-0.239,-1.330,3.670,0.095,1,14,0,0.142,0,0,0.063,8.736,5.195,0,0,0.156,20.000,0.000,0.000,0.000
45.0,19.454,-0.109,-5.011,-0.011,0.292,2,14,0,0.168,0,0,0.439,11.844,-0.186,-1.212,3.788,0.062,1,14,0,0.142,0,0,0.063,8.506,5.159,0,0,0.168,20.000,0.000,0.000,0.000
46.0,19.227,-0.235,-4.997,0.003,0.197,2,14,0,0.187,0,0,0.668,11.841,-0.104,-1.169,3.831,0.038,1,14,0,0.142,0,0,0.063,8.320,5.160,0,0,0.187,20.000,0.000,0.000,0.000
47.0,19.073,-0.244,-4.984,0.016,0.043,2,14,0,0.190,0,0,0.823,11.856,-0.093,-1.157,3.843,0.031,1,14,0,0.142,0,0,0.063,8.170,5.145,0,0,0.190,20.000,0.000,0.000,0.000
48.0,19.045,-0.261,-5.008,-0.008,0.117,2,14,0,0.185,0,0,0.852,11.836,-0.109,-1.212,3.788,0.012,1,14,0,0.142,0,0,0.063,8.149,5.166,0,0,0.185,20.000,0.000,0.000,0.000
49.0,19.318,-0.261,-5.054,-0.054,0.235,2,14,0,0.172,0,0,0.582,11.841,-0.106,-1.141,3.859,0.013,1,14,0,0.142,0,0,0.063,8.440,5.160,0,0,0.172,20.000,0.000,0.000,0.000
50.0,19.494,-0.152,-4.993,0.007,0.197,2,14,0,0.167,0,0,0.399,11.844,-0.075,-1.166,3.834,0.024,1,14,0,0.142,0,0,0.063,8.555,5.157,0,0,0.167,20.000,0.000,0.000,0.000
51.0,19.621,-0.110,-5.009,-0.009,0.099,2,14,0,0.152,0,0,0.275,11.847,-0.050,-1.220,3.780,0.031,1,14,0,0.142,0,0,0.063,8.649,5.154,0,0,0.152,20.000,0.000,0.000,0.000
52.0,19.601,-0.077,-5.002,-0.002,0.020,2,14,0,0.126,0,0,0.301,11.736,-0.099,-1.283,3.717,0.033,1,14,0,0.142,0,0,0.063,8.699,5.264,0,0,0.142,20.000,0.000,0.000,0.000
53.0,19.550,-0.095,-4.976,0.024,0.085,2,14,0,0.142,0,0,0.346,11.718,-0.151,-1.309,3.691,0.029,1,14,0,0.142,0,0,0.063,8.648,5.284,0,0,0.142,20.000,0.000,0.000,0.000
54.0,19.503,-0.086,-4.978,0.022,0.088,2,14,0,0.145,0,0,0.394,11.700,-0.140,-1.342,3.658,0.026,1,14,0,0.142,0,0,0.063,8.609,5.302,0,0,0.145,20.000,0.000,0.000,0.000
55.0,19.461,-0.151,-5.015,-0.015,0.100,2,14,0,0.164,0,0,0.425,11.727,-0.125,-1.390,3.610,0.014,1,14,0,0.142,0,0,0.063,8.542,5.275,0,0,0.164,20.000,0.000,0.000,0.000
56.0,19.402,-0.214,-5.002,-0.002,0.071,2,14,0,0.147,0,0,0.492,11.668,-0.111,-1.457,3.543,0.027,1,14,0,0.142,0,0,0.063,8.508,5.333,0,0,0.147,20.000,0.000,0.000,0.000
57.0,19.381,-0.246,-5.045,-0.045,0.022,2,14,0,0.119,0,0,0.518,11.676,-0.123,-1.404,3.596,0.017,1,14,0,0.142,0,0,0.063,8.523,5.326,0,0,0.142,20.000,0.000,0.000,0.000
58.0,19.347,-0.235,-5.042,-0.042,0.033,2,14,0,0.146,0,0,0.549,11.704,-0.119,-1.370,3.630,0.002,1,14,0,0.142,0,0,0.063,8.480,5.297,0,0,0.146,20.000,0.000,0.000,0.000
59.0,19.341,-0.181,-4.950,0.050,0.067,2,14,0,0.120,0,0,0.551,11.723,-0.153,-1.423,3.577,0.016,1,14,0,0.142,0,0,0.063,8.394,5.279,0,0,0.142,20.000,0.000,0.000,0.000
60.0,19.440,-0.109,-4.933,0.067,0.087,2,14,0,0.213,0,0,0.453,11.772,-0.177,-1.357,3.643,0.032,1,14,0,0.142,0,0,0.063,8.461,5.231,0,0,0.213,20.000,0.000,0.000,0.000
61.0,19.503,-0.110,-4.984,0.016,0.042,2,14,0,0.123,0,0,0.391,11.693,-0.165,-1.337,3.663,0.015,1,14,0,0.142,0,0,0.063,8.620,5.310,0,0,0.142,20.000,0.000,0.000,0.000
62.0,19.483,-0.113,-5.009,-0.009,0.019,2,14,0,0.130,0,0,0.410,11.631,-0.123,-1.306,3.694,0.021,1,14,0,0.142,0,0,0.063,8.681,5.370,0,0,0.142,20.000,0.000,0.000,0.000
63.0,19.447,-0.173,-5.012,-0.012,0.041,2,14,0,0.161,0,0,0.444,11.681,-0.110,-1.338,3.662,0.013,1,14,0,0.142,0,0,0.063,8.591,5.320,0,0,0.161,20.000,0.000,0.000,0.000
64.0,19.483,-0.166,-5.035,-0.035,0.010,2,14,0,0.142,0,0,0.408,11.701,-0.103,-1.262,3.738,0.018,1,14,0,0.142,0,0,0.063,8.649,5.300,0,0,0.142,20.000,0.000,0.000,0.000
65.0,19.542,-0.182,-4.963,0.037,0.012,2,14,0,0.143,0,0,0.350,11.705,-0.137,-1.286,3.714,0.010,1,14,0,0.142,0,0,0.063,8.657,5.297,0,0,0.143,20.000,0.000,0.000,0.000
66.0,19.507,-0.211,-4.941,0.059,0.049,2,14,0,0.141,0,0,0.388,11.719,-0.100,-1.381,3.619,0.018,1,14,0,0.142,0,0,0.063,8.563,5.281,0,0,0.142,20.000,0.000,0.000,0.000
67.0,19.463,-0.225,-4.947,0.053,0.054,2,14,0,0.145,0,0,0.433,11.676,-0.113,-1.371,3.629,0.017,1,14,0,0.142,0,0,0.063,8.569,5.325,0,0,0.145,20.000,0.000,0.000,0.000
68.0,19.430,-0.147,-5.019,-0.019,0.052,2,14,0,0.146,0,0,0.461,11.706,-0.162,-1.407,3.593,0.011,1,14,0,0.142,0,0,0.063,8.527,5.297,0,0,0.146,20.000,0.000,0.000,0.000
69.0,19.415,-0.148,-4.987,0.013,0.024,2,14,0,0.132,0,0,0.476,11.693,-0.161,-1.383,3.617,0.007,1,14,0,0.142,0,0,0.063,8.522,5.310,0,0,0.142,20.000,0.000,0.000,0.000
70.0,19.363,-0.149,-5.042,-0.042,0.007,2,14,0,0.149,0,0,0.528,11.717,-0.140,-1.416,3.584,0.009,1,14,0,0.142,0,0,0.063,8.463,5.285,0,0,0.149,20.000,0.000,0.000,0.000
71.0,19.334,-0.089,-4.993,0.007,0.033,2,14,0,0.147,0,0,0.561,11.751,-0.142,-1.410,3.590,0.007,1,14,0,0.142,0,0,0.063,8.387,5.251,0,0,0.147,20.000,0.000,0.000,0.000
72.0,19.367,-0.105,-4.964,0.036,0.068,2,14,0,0.146,0,0,0.526,11.725,-0.157,-1.408,3.592,0.010,1,14,0,0.142,0,0,0.063,8.429,5.278,0,0,0.146,20.000,0.000,0.000,0.000
73.0,19.386,-0.150,-5.013,-0.013,0.076,2,14,0,0.209,0,0,0.507,11.684,-0.188,-1.356,3.644,0.022,1,14,0,0.142,0,0,0.063,8.525,5.319,0,0,0.209,20.000,0.000,0.000,0.000
74.0,19.459,-0.174,-4.967,0.033,0.074,2,14,0,0.157,0,0,0.432,11.767,-0.173,-1.362,3.638,0.014,1,14,0,0.142,0,0,0.063,8.495,5.236,0,0,0.157,20.000,0.000,0.000,0.000
75.0,19.578,-0.240,-4.996,0.004,0.050,2,14,0,0.129,0,0,0.323,11.825,-0.191,-1.235,3.765,0.023,1,14,0,0.142,0,0,0.063,8.617,5.178,0,0,0.142,20.000,0.000,0.000,0.000
76.0,19.605,-0.203,-5.008,-0.008,0.033,2,14,0,0.161,0,0,0.290,11.800,-0.163,-1.132,3.868,0.007,1,14,0,0.142,0,0,0.063,8.715,5.203,0,0,0.161,20.000,0.000,0.000,0.000
77.0,19.599,-0.174,-4.984,0.016,0.066,2,14,0,0.132,0,0,0.293,11.764,-0.141,-1.039,3.961,0.021,1,14,0,0.142,0,0,0.063,8.772,5.238,0,0,0.142,20.000,0.000,0.000,0.000
78.0,19.509,-0.123,-4.981,0.019,0.100,2,14,0,0.168,0,0,0.382,11.703,-0.146,-1.072,3.928,0.035,1,14,0,0.142,0,0,0.063,8.730,5.299,0,0,0.168,20.000,0.000,0.000,0.000
79.0,19.420,-0.108,-5.013,-0.013,0.094,2,14,0,0.148,0,0,0.471,11.707,-0.156,-1.144,3.856,0.023,1,14,0,0.142,0,0,0.063,8.629,5.295,0,0,0.148,20.000,0.000,0.000,0.000
80.0,19.311,-0.128,-5.038,-0.038,0.048,2,14,0,0.161,0,0,0.580,11.733,-0.150,-1.191,3.809,0.008,1,14,0,0.142,0,0,0.063,8.499,5.269,0,0,0.161,20.000,0.000,0.000,0.000
81.0,19.231,-0.153,-5.039,-0.039,0.043,2,14,0,0.126,0,0,0.660,11.714,-0.135,-1.192,3.808,0.012,1,14,0,0.142,0,0,0.063,8.445,5.288,0,0,0.142,20.000,0.000,0.000,0.000
82.0,19.314,-0.145,-4.917,0.083,0.109,2,14,0,0.141,0,0,0.577,11.769,-0.182,-1.200,3.800,0.026,1,14,0,0.142,0,0,0.063,8.411,5.234,0,0,0.142,20.000,0.000,0.000,0.000
83.0,19.418,-0.144,-4.976,0.024,0.115,2,14,0,0.177,0,0,0.473,11.749,-0.170,-1.252,3.748,0.015,1,14,0,0.142,0,0,0.063,8.525,5.254,0,0,0.177,20.000,0.000,0.000,0.000
84.0,19.485,-0.151,-5.029,-0.029,0.079,2,14,0,0.164,0,0,0.406,11.723,-0.147,-1.257,3.743,0.008,1,14,0,0.142,0,0,0.063,8.630,5.279,0,0,0.164,20.000,0.000,0.000,0.000
85.0,19.572,-0.184,-5.036,-0.036,0.051,2,14,0,0.147,0,0,0.321,11.737,-0.151,-1.261,3.739,0.007,1,14,0,0.142,0,0,0.063,8.697,5.265,0,0,0.147,20.000,0.000,0.000,0.000
86.0,19.611,-0.153,-4.974,0.026,0.020,2,14,0,0.136,0,0,0.280,11.767,-0.172,-1.185,3.815,0.022,1,14,0,0.142,0,0,0.063,8.711,5.236,0,0,0.142,20.000,0.000,0.000,0.000
87.0,19.543,-0.234,-4.980,0.020,0.084,2,14,0,0.166,0,0,0.356,11.770,-0.141,-1.183,3.817,0.014,1,14,0,0.142,0,0,0.063,8.651,5.232,0,0,0.166,20.000,0.000,0.000,0.000
88.0,19.481,-0.261,-5.021,-0.021,0.082,2,14,0,0.136,0,0,0.423,11.815,-0.154,-1.254,3.746,0.020,1,14,0,0.142,0,0,0.063,8.542,5.187,0,0,0.142,20.000,0.000,0.000,0.000
89.0,19.407,-0.196,-5.028,-0.028,0.076,2,14,0,0.170,0,0,0.485,11.754,-0.153,-1.293,3.707,0.008,1,14,0,0.142,0,0,0.063,8.517,5.249,0,0,0.170,20.000,0.000,0.000,0.000
90.0,19.393,-0.139,-5.040,-0.040,0.049,2,14,0,0.177,0,0,0.498,11.755,-0.171,-1.236,3.764,0.016,1,14,0,0.142,0,0,0.063,8.533,5.248,0,0,0.177,20.000,0.000,0.000,0.000
91.0,19.415,-0.094,-4.961,0.039,0.025,2,14,0,0.154,0,0,0.480,11.695,-0.183,-1.235,3.765,0.027,1,14,0,0.142,0,0,0.063,8.572,5.308,0,0,0.154,20.000,0.000,0.000,0.000
92.0,19.435,-0.086,-4.949,0.051,0.031,2,14,0,0.167,0,0,0.461,11.703,-0.174,-1.239,3.761,0.022,1,14,0,0.142,0,0,0.063,8.576,5.300,0,0,0.167,20.000,0.000,0.000,0.000
93.0,19.502,-0.128,-5.016,-0.016,0.040,2,14,0,0.166,0,0,0.390,11.712,-0.143,-1.292,3.708,0.012,1,14,0,0.142,0,0,0.063,8.634,5.290,0,0,0.166,20.000,0.000,0.000,0.000
94.0,19.432,-0.176,-4.964,0.036,0.048,2,14,0,0.160,0,0,0.459,11.704,-0.176,-1.229,3.771,0.014,1,14,0,0.142,0,0,0.063,8.583,5.299,0,0,0.160,20.000,0.000,0.000,0.000
95.0,19.413,-0.218,-4.995,0.005,0.022,2,14,0,0.174,0,0,0.482,11.718,-0.203,-1.181,3.819,0.018,1,14,0,0.142,0,0,0.063,8.588,5.286,0,0,0.174,20.000,0.000,0.000,0.000
96.0,19.478,-0.211,-5.067,-0.067,0.022,2,14,0,0.148,0,0,0.416,11.711,-0.190,-1.164,3.836,0.005,1,14,0,0.142,0,0,0.063,8.693,5.293,0,0,0.148,20.000,0.000,0.000,0.000
97.0,19.432,-0.203,-5.050,-0.050,0.014,2,14,0,0.196,0,0,0.461,11.734,-0.196,-1.186,3.814,0.012,1,14,0,0.142,0,0,0.063,8.614,5.270,0,0,0.196,20.000,0.000,0.000,0.000
98.0,19.415,-0.185,-5.018,-0.018,0.028,2,14,0,0.180,0,0,0.476,11.753,-0.170,-1.193,3.807,0.014,1,14,0,0.142,0,0,0.063,8.564,5.250,0,0,0.180,20.000,0.000,0.000,0.000
99.0,19.366,-0.199,-5.037,-0.037,0.019,2,14,0,0.168,0,0,0.525,11.760,-0.192,-1.201,3.799,0.014,1,14,0,0.142,0,0,0.063,8.519,5.244,0,0,0.168,20.000,0.000,0.000,0.000
100.0,19.330,-0.189,-4.972,0.028,0.044,2,14,0,0.161,0,0,0.562,11.706,-0.198,-1.225,3.775,0.011,1,14,0,0.142,0,0,0.063,8.495,5.298,0,0,0.161,20.000,0.000,0.000,0.000
101.0,19.428,-0.158,-4.992,0.008,0.086,2,14,0,0.184,0,0,0.463,11.712,-0.222,-1.242,3.758,0.016,1,14,0,0.142,0,0,0.063,8.579,5.293,0,0,0.184,20.000,0.000,0.000,0.000
102.0,19.545,-0.127,-5.019,-0.019,0.061,2,14,0,0.160,0,0,0.348,11.713,-0.175,-1.284,3.716,0.002,1,14,0,0.142,0,0,0.063,8.677,5.290,0,0,0.160,20.000,0.000,0.000,0.000
103.0,19.563,-0.081,-4.982,0.018,0.001,2,14,0,0.162,0,0,0.337,11.743,-0.145,-1.181,3.819,0.019,1,14,0,0.142,0,0,0.063,8.694,5.259,0,0,0.162,20.000,0.000,0.000,0.000
104.0,19.575,-0.101,-4.986,0.014,0.065,2,14,0,0.181,0,0,0.320,11.740,-0.150,-1.133,3.867,0.009,1,14,0,0.142,0,0,0.063,8.732,5.262,0,0,0.181,20.000,0.000,0.000,0.000
105.0,19.425,-0.159,-4.952,0.048,0.105,2,14,0,0.186,0,0,0.463,11.693,-0.133,-1.217,3.783,0.004,1,14,0,0.142,0,0,0.063,8.586,5.308,0,0,0.186,20.000,0.000,0.000,0.000
106.0,19.273,-0.212,-5.041,-0.041,0.059,2,14,0,0.189,0,0,0.620,11.689,-0.147,-1.318,3.682,0.006,1,14,0,0.142,0,0,0.063,8.449,5.313,0,0,0.189,20.000,0.000,0.000,0.000
107.0,19.347,-0.255,-5.021,-0.021,0.046,2,14,0,0.195,0,0,0.552,11.739,-0.195,-1.299,3.701,0.019,1,14,0,0.142,0,0,0.063,8.471,5.265,0,0,0.195,20.000,0.000,0.000,0.000
108.0,19.474,-0.215,-4.966,0.034,0.085,2,14,0,0.208,0,0,0.421,11.760,-0.135,-1.282,3.718,0.019,1,14,0,0.142,0,0,0.063,8.549,5.242,0,0,0.208,20.000,0.000,0.000,0.000
109.0,19.554,-0.119,-4.971,0.029,0.061,2,14,0,0.197,0,0,0.339,11.724,-0.099,-1.302,3.698,0.024,1,14,0,0.142,0,0,0.063,8.647,5.277,0,0,0.197,20.000,0.000,0.000,0.000
110.0,19.555,-0.124,-4.967,0.033,0.022,2,14,0,0.139,0,0,0.336,11.768,-0.052,-1.284,3.716,0.039,1,14,0,0.142,0,0,0.063,8.614,5.232,0,0,0.142,20.000,0.000,0.000,0.000
111.0,19.497,-0.124,-4.989,0.011,0.064,2,14,0,0.191,0,0,0.395,11.712,-0.082,-1.214,3.786,0.019,1,14,0,0.142,0,0,0.063,8.651,5.288,0,0,0.191,20.000,0.000,0.000,0.000
112.0,19.417,-0.144,-5.070,-0.070,0.060,2,14,0,0.163,0,0,0.474,11.691,-0.138,-1.192,3.808,0.020,1,14,0,0.142,0,0,0.063,8.644,5.310,0,0,0.163,20.000,0.000,0.000,0.000
113.0,19.332,-0.191,-5.064,-0.064,0.037,2,14,0,0.141,0,0,0.559,11.633,-0.148,-1.188,3.812,0.031,1,14,0,0.142,0,0,0.063,8.620,5.369,0,0,0.142,20.000,0.000,0.000,0.000
114.0,19.394,-0.163,-5.043,-0.043,0.042,2,14,0,0.189,0,0,0.497,11.635,-0.163,-1.155,3.845,0.022,1,14,0,0.142,0,0,0.063,8.679,5.368,0,0,0.189,20.000,0.000,0.000,0.000
115.0,19.466,-0.132,-5.052,-0.052,0.042,2,14,0,0.172,0,0,0.426,11.728,-0.138,-1.230,3.770,0.020,1,14,0,0.142,0,0,0.063,8.631,5.274,0,0,0.172,20.000,0.000,0.000,0.000
116.0,19.483,-0.175,-4.962,0.038,0.011,2,14,0,0.133,0,0,0.408,11.724,-0.122,-1.344,3.656,0.018,1,14,0,0.142,0,0,0.063,8.562,5.277,0,0,0.142,20.000,0.000,0.000,0.000
117.0,19.401,-0.158,-5.009,-0.009,0.009,2,14,0,0.131,0,0,0.490,11.831,-0.143,-1.365,3.635,0.041,1,14,0,0.142,0,0,0.063,8.402,5.171,0,0,0.142,20.000,0.000,0.000,0.000
118.0,19.383,-0.092,-5.016,-0.016,0.019,2,14,0,0.137,0,0,0.512,11.878,-0.126,-1.333,3.667,0.045,1,14,0,0.142,0,0,0.063,8.360,5.123,0,0,0.142,20.000,0.000,0.000,0.000
119.0,19.450,-0.114,-4.955,0.045,0.047,2,14,0,0.130,0,0,0.443,11.837,-0.130,-1.387,3.613,0.018,1,14,0,0.142,0,0,0.063,8.408,5.165,0,0,0.142,20.000,0.000,0.000,0.000
120.0,19.490,-0.216,-4.943,0.057,0.052,2,14,0,0.155,0,0,0.405,11.814,-0.162,-1.391,3.609,0.009,1,14,0,0.142,0,0,0.063,8.458,5.188,0,0,0.155,20.000,0.000,0.000,0.000
121.0,19.487,-0.208,-4.902,0.098,0.002,2,14,0,0.144,0,0,0.407,11.780,-0.209,-1.449,3.551,0.018,1,14,0,0.142,0,0,0.063,8.445,5.224,0,0,0.144,20.000,0.000,0.000,0.000
122.0,19.471,-0.245,-4.954,0.046,0.019,2,14,0,0.317,0,0,0.430,11.718,-0.170,-1.443,3.557,0.032,1,14,0,0.142,0,0,0.063,8.511,5.284,0,0,0.317,20.000,0.000,0.000,0.000
123.0,19.469,-0.244,-5.028,-0.028,0.040,2,14,0,0.135,0,0,0.431,11.706,-0.149,-1.397,3.603,0.037,1,14,0,0.142,0,0,0.063,8.570,5.296,0,0,0.142,20.000,0.000,0.000,0.000
124.0,19.464,-0.188,-5.011,-0.011,0.060,2,14,0,0.145,0,0,0.428,11.651,-0.140,-1.310,3.690,0.048,1,14,0,0.142,0,0,0.063,8.646,5.351,0,0,0.145,20.000,0.000,0.000,0.000
125.0,19.466,-0.121,-5.058,-0.058,0.048,2,14,0,0.176,0,0,0.427,11.661,-0.183,-1.274,3.726,0.025,1,14,0,0.142,0,0,0.063,8.674,5.342,0,0,0.176,20.000,0.000,0.000,0.000
126.0,19.388,-0.076,-4.977,0.023,0.030,2,14,0,0.170,0,0,0.509,11.612,-0.175,-1.300,3.700,0.033,1,14,0,0.142,0,0,0.063,8.601,5.390,0,0,0.170,20.000,0.000,0.000,0.000
127.0,19.411,-0.099,-4.963,0.037,0.036,2,14,0,0.168,0,0,0.483,11.628,-0.139,-1.348,3.652,0.024,1,14,0,0.142,0,0,0.063,8.581,5.373,0,0,0.168,20.000,0.000,0.000,0.000
128.0,19.483,-0.168,-4.975,0.025,0.043,2,14,0,0.139,0,0,0.407,11.649,-0.139,-1.327,3.673,0.009,1,14,0,0.142,0,0,0.063,8.642,5.353,0,0,0.142,20.000,0.000,0.000,0.000
129.0,19.491,-0.191,-5.034,-0.034,0.011,2,14,0,0.173,0,0,0.402,11.651,-0.106,-1.304,3.696,0.020,1,14,0,0.142,0,0,0.063,8.682,5.350,0,0,0.173,20.000,0.000,0.000,0.000
130.0,19.437,-0.167,-5.069,-0.069,0.021,2,14,0,0.157,0,0,0.454,11.731,-0.139,-1.268,3.732,0.024,1,14,0,0.142,0,0,0.063,8.592,5.271,0,0,0.157,20.000,0.000,0.000,0.000
131.0,19.402,-0.143,-5.055,-0.055,0.014,2,14,0,0.135,0,0,0.489,11.761,-0.105,-1.305,3.695,0.031,1,14,0,0.142,0,0,0.063,8.512,5.240,0,0,0.142,20.000,0.000,0.000,0.000
132.0,19.417,-0.178,-4.996,0.004,0.014,2,14,0,0.171,0,0,0.474,11.754,-0.100,-1.283,3.717,0.025,1,14,0,0.142,0,0,0.063,8.516,5.247,0,0,0.171,20.000,0.000,0.000,0.000
133.0,19.431,-0.189,-4.945,0.055,0.022,2,14,0,0.149,0,0,0.461,11.737,-0.102,-1.274,3.726,0.014,1,14,0,0.142,0,0,0.063,8.525,5.264,0,0,0.149,20.000,0.000,0.000,0.000
134.0,19.498,-0.213,-5.001,-0.001,0.018,2,14,0,0.131,0,0,0.396,11.762,-0.097,-1.252,3.748,0.017,1,14,0,0.142,0,0,0.063,8.597,5.238,0,0,0.142,20.000,0.000,0.000,0.000
135.0,19.518,-0.236,-5.006,-0.006,0.023,2,14,0,0.118,0,0,0.381,11.686,-0.148,-1.177,3.823,0.016,1,14,0,0.142,0,0,0.063,8.718,5.316,0,0,0.142,20.000,0.000,0.000,0.000
136.0,19.433,-0.195,-5.025,-0.025,0.060,2,14,0,0.119,0,0,0.459,11.727,-0.161,-1.251,3.749,0.013,1,14,0,0.142,0,0,0.063,8.581,5.275,0,0,0.142,20.000,0.000,0.000,0.000
137.0,19.373,-0.099,-5.044,-0.044,0.052,2,14,0,0.117,0,0,0.521,11.715,-0.166,-1.224,3.776,0.014,1,14,0,0.142,0,0,0.063,8.558,5.287,0,0,0.142,20.000,0.000,0.000,0.000
138.0,19.419,-0.103,-4.971,0.029,0.015,2,14,0,0.133,0,0,0.475,11.705,-0.163,-1.227,3.773,0.014,1,14,0,0.142,0,0,0.063,8.575,5.298,0,0,0.142,20.000,0.000,0.000,0.000
139.0,19.406,-0.059,-5.013,-0.013,0.027,2,14,0,0.135,0,0,0.494,11.636,-0.128,-1.139,3.861,0.029,1,14,0,0.142,0,0,0.063,8.683,5.366,0,0,0.142,20.000,0.000,0.000,0.000
140.0,19.426,-0.118,-5.022,-0.022,0.057,2,14,0,0.173,0,0,0.466,11.583,-0.101,-1.210,3.790,0.039,1,14,0,0.142,0,0,0.063,8.720,5.418,0,0,0.173,20.000,0.000,0.000,0.000
141.0,19.520,-0.193,-4.999,0.001,0.050,2,14,0,0.120,0,0,0.373,11.639,-0.114,-1.297,3.703,0.012,1,14,0,0.142,0,0,0.063,8.708,5.362,0,0,0.142,20.000,0.000,0.000,0.000
142.0,19.563,-0.262,-5.019,-0.019,0.030,2,14,0,0.125,0,0,0.344,11.710,-0.132,-1.346,3.654,0.018,1,14,0,0.142,0,0,0.063,8.671,5.292,0,0,0.142,20.000,0.000,0.000,0.000
143.0,19.512,-0.245,-4.978,0.022,0.059,2,14,0,0.141,0,0,0.389,11.768,-0.138,-1.481,3.519,0.034,1,14,0,0.142,0,0,0.063,8.498,5.234,0,0,0.142,20.000,0.000,0.000,0.000
144.0,19.424,-0.206,-4.968,0.032,0.077,2,14,0,0.162,0,0,0.466,11.747,-0.134,-1.478,3.522,0.018,1,14,0,0.142,0,0,0.063,8.433,5.255,0,0,0.162,20.000,0.000,0.000,0.000
145.0,19.380,-0.207,-4.981,0.019,0.048,2,14,0,0.165,0,0,0.513,11.776,-0.087,-1.401,3.599,0.030,1,14,0,0.142,0,0,0.063,8.406,5.225,0,0,0.165,20.000,0.000,0.000,0.000
146.0,19.336,-0.196,-4.973,0.027,0.047,2,14,0,0.178,0,0,0.556,11.804,-0.110,-1.318,3.682,0.013,1,14,0,0.142,0,0,0.063,8.373,5.197,0,0,0.178,20.000,0.000,0.000,0.000
147.0,19.346,-0.117,-4.931,0.069,0.070,2,14,0,0.123,0,0,0.546,11.765,-0.138,-1.280,3.720,0.007,1,14,0,0.142,0,0,0.063,8.415,5.237,0,0,0.142,20.000,0.000,0.000,0.000
148.0,19.397,-0.100,-4.999,0.001,0.085,2,14,0,0.161,0,0,0.498,11.770,-0.163,-1.201,3.799,0.008,1,14,0,0.142,0,0,0.063,8.520,5.232,0,0,0.161,20.000,0.000,0.000,0.000
149.0,19.556,-0.113,-5.030,-0.030,0.077,2,14,0,0.165,0,0,0.338,11.788,-0.169,-1.270,3.730,0.002,1,14,0,0.142,0,0,0.063,8.630,5.214,0,0,0.165,20.000,0.000,0.000,0.000
150.0,19.567,-0.172,-5.014,-0.014,0.034,2,14,0,0.114,0,0,0.325,11.776,-0.119,-1.251,3.749,0.020,1,14,0,0.142,0,0,0.063,8.652,5.225,0,0,0.142,20.000,0.000,0.000,0.000
