t,d0_x,d0_y,d0_z,d0_zerr,d0_velxy,d0_arm,d0_nav,d0_mpc,d0_solve_ms,d0_fallback,d0_hover,d0_poserr,d1_x,d1_y,d1_z,d1_zerr,d1_velxy,d1_arm,d1_nav,d1_mpc,d1_solve_ms,d1_fallback,d1_hover,d1_poserr,d2_x,d2_y,d2_z,d2_zerr,d2_velxy,d2_arm,d2_nav,d2_mpc,d2_solve_ms,d2_fallback,d2_hover,d2_poserr,min_spacing,formation_max_err,safety_violations,total_fallbacks,max_solve_ms,leader_x,leader_y,leader_vx,leader_vy
1.0,-26.996,20.369,-5.000,0.000,1.005,2,14,0,0.239,0,0,27.895,-31.052,22.972,-5.097,-0.097,1.200,2,14,0,0.235,0,0,27.255,-21.474,17.947,-5.811,-0.811,1.512,2,14,0,0.320,0,0,25.448,4.820,27.406,0,0,0.320,-18.845,-4.666,0.700,-1.327
2.0,-26.776,18.581,-4.986,0.014,1.456,2,14,0,0.312,0,0,27.657,-30.820,20.833,-5.108,-0.108,1.687,2,14,0,0.236,0,0,26.679,-19.799,15.915,-5.651,-0.651,2.096,2,14,0,0.233,0,0,24.658,4.630,27.177,0,0,0.312,-18.048,-5.935,0.890,-1.207
3.0,-26.273,16.969,-4.963,0.037,1.870,2,14,0,0.257,0,0,27.432,-30.317,19.026,-5.139,-0.139,2.086,2,14,0,0.235,0,0,26.278,-18.406,14.177,-5.723,-0.723,2.465,2,14,0,0.201,0,0,24.035,4.540,26.960,0,0,0.257,-17.071,-7.071,1.061,-1.061
4.0,-25.507,15.085,-4.990,0.010,2.281,2,14,0,0.375,0,0,26.788,-29.517,16.964,-5.127,-0.127,2.501,2,14,0,0.233,0,0,25.466,-16.911,12.082,-5.729,-0.729,2.741,2,14,0,0.234,0,0,22.933,4.431,26.328,0,0,0.375,-15.935,-8.048,1.207,-0.890
5.0,-24.425,12.912,-4.964,0.036,2.709,2,14,0,0.234,0,0,25.669,-28.449,14.527,-5.101,-0.101,2.938,2,14,0,0.287,0,0,24.131,-15.395,9.718,-5.773,-0.773,2.983,2,14,0,0.292,0,0,21.372,4.338,25.223,0,0,0.292,-14.666,-8.845,1.327,-0.700
6.0,-23.057,10.393,-4.940,0.060,3.055,2,14,0,0.488,0,0,24.014,-27.123,11.847,-5.022,-0.022,3.109,2,14,0,0.253,0,0,22.384,-13.992,7.111,-5.787,-0.787,3.081,2,14,0,0.214,0,0,19.365,4.319,23.588,0,0,0.488,-13.291,-9.443,1.416,-0.494
7.0,-21.533,7.777,-5.046,-0.046,3.118,2,14,0,0.254,0,0,22.099,-25.568,9.170,-5.042,-0.042,3.125,2,14,0,0.340,0,0,20.464,-12.706,4.449,-5.740,-0.740,3.085,2,14,0,0.204,0,0,17.067,4.269,21.702,0,0,0.340,-11.843,-9.829,1.474,-0.276
8.0,-19.856,5.178,-5.112,-0.112,3.108,2,14,0,0.258,0,0,20.019,-24.006,6.610,-5.092,-0.092,3.097,2,14,0,0.231,0,0,18.518,-11.505,1.644,-5.744,-0.744,3.085,2,14,0,0.235,0,0,14.453,4.390,19.660,0,0,0.258,-10.354,-9.994,1.499,-0.053
9.0,-18.138,2.652,-5.036,-0.036,3.095,2,14,0,0.232,0,0,17.895,-22.356,4.076,-5.145,-0.145,3.082,2,14,0,0.281,0,0,16.547,-10.331,-1.095,-5.727,-0.727,3.060,2,14,0,0.261,0,0,11.643,4.454,17.586,0,0,0.281,-8.856,-9.934,1.490,0.172
10.0,-16.379,0.190,-5.023,-0.023,3.062,2,14,0,0.242,0,0,15.754,-20.623,1.630,-5.126,-0.126,3.067,2,14,0,0.258,0,0,14.550,-9.076,-3.815,-5.735,-0.735,3.048,2,14,0,0.290,0,0,8.684,4.483,15.516,0,0,0.290,-7.385,-9.652,1.448,0.392
11.0,-14.547,-2.174,-4.988,0.012,3.051,2,14,0,0.284,0,0,13.660,-18.730,-0.801,-5.109,-0.109,3.063,2,14,0,0.269,0,0,12.574,-7.746,-6.500,-5.731,-0.731,3.045,2,14,0,0.278,0,0,5.535,4.404,13.517,0,0,0.284,-5.972,-9.153,1.373,0.604
12.0,-12.678,-4.504,-5.045,-0.045,3.046,2,14,0,0.360,0,0,11.721,-16.898,-3.137,-5.058,-0.058,3.038,2,14,0,0.349,0,0,10.994,-6.324,-9.148,-5.684,-0.684,3.041,2,14,0,0.316,0,0,2.252,4.436,11.713,0,0,0.360,-4.649,-8.448,1.267,0.803
13.0,-10.767,-6.805,-5.059,-0.059,3.039,2,14,0,0.254,0,0,10.169,-14.933,-5.365,-5.160,-0.160,3.032,2,14,0,0.257,0,0,9.898,-4.735,-11.738,-5.678,-0.678,2.995,2,14,0,0.212,0,0,1.450,4.409,10.347,0,0,0.257,-3.447,-7.553,1.133,0.983
14.0,-8.571,-8.941,-5.013,-0.013,3.037,2,14,0,0.250,0,0,9.110,-12.656,-7.403,-5.086,-0.086,3.051,2,14,0,0.256,0,0,9.315,-3.181,-14.138,-5.728,-0.728,2.789,2,14,0,0.258,0,0,4.844,4.365,9.502,0,0,0.258,-2.392,-6.489,0.973,1.141
15.0,-6.273,-10.908,-4.973,0.027,3.034,2,14,0,0.228,0,0,9.022,-10.246,-9.178,-5.092,-0.092,3.033,2,14,0,0.313,0,0,9.603,-1.772,-16.360,-5.717,-0.717,2.530,2,14,0,0.262,0,0,8.302,4.335,9.727,0,0,0.313,-1.507,-5.280,0.792,1.274
16.0,-3.715,-12.562,-4.993,0.007,3.037,2,14,0,0.257,0,0,9.764,-7.620,-10.663,-5.071,-0.071,3.033,2,14,0,0.232,0,0,10.607,-0.468,-18.419,-5.733,-0.733,2.274,2,14,0,0.282,0,0,11.733,4.343,12.013,0,0,0.282,-0.814,-3.951,0.593,1.378
17.0,-1.045,-13.876,-5.009,-0.009,3.028,2,14,0,0.338,0,0,11.242,-4.859,-11.911,-5.085,-0.085,3.037,2,14,0,0.333,0,0,12.266,0.631,-20.252,-5.714,-0.714,1.984,2,14,0,0.232,0,0,15.053,4.292,15.319,0,0,0.338,-0.326,-2.534,0.380,1.451
18.0,1.709,-14.945,-4.963,0.037,2.957,2,14,0,0.229,0,0,13.274,-2.119,-12.858,-5.030,-0.030,2.929,2,14,0,0.283,0,0,14.341,1.492,-21.818,-5.751,-0.751,1.656,2,14,0,0.240,0,0,18.134,4.360,18.415,0,0,0.283,-0.056,-1.060,0.159,1.492
19.0,4.380,-15.744,-5.022,-0.022,2.761,2,14,0,0.787,0,0,15.622,0.638,-13.472,-5.117,-0.117,2.756,2,14,0,0.230,0,0,16.600,2.104,-23.132,-5.758,-0.758,1.323,2,14,0,0.208,0,0,21.011,4.379,21.281,0,0,0.787,-0.010,0.438,-0.066,1.499
20.0,6.935,-16.214,-4.947,0.053,2.571,2,14,0,0.256,0,0,18.033,3.241,-13.832,-5.140,-0.140,2.596,2,14,0,0.257,0,0,18.975,2.420,-24.174,-5.726,-0.726,0.971,2,14,0,0.312,0,0,23.581,4.399,23.858,0,0,0.312,-0.187,1.926,-0.289,1.472
21.0,9.291,-16.454,-5.033,-0.033,2.347,2,14,0,0.229,0,0,20.463,5.725,-13.912,-5.113,-0.113,2.393,2,14,0,0.228,0,0,21.343,2.610,-24.964,-5.759,-0.759,0.638,2,14,0,0.286,0,0,25.889,4.380,26.161,0,0,0.286,-0.585,3.371,-0.506,1.412
22.0,11.594,-16.425,-5.063,-0.063,2.161,2,14,0,0.232,0,0,22.848,8.033,-13.717,-5.129,-0.129,2.214,2,14,0,0.222,0,0,23.626,2.434,-25.469,-5.712,-0.712,0.460,2,14,0,0.258,0,0,27.812,4.474,28.083,0,0,0.258,-1.195,4.740,-0.711,1.321
23.0,13.620,-16.131,-5.067,-0.067,2.004,2,14,0,0.202,0,0,25.056,10.120,-13.215,-5.170,-0.170,2.105,2,14,0,0.232,0,0,25.725,2.031,-25.697,-5.689,-0.689,0.556,2,14,0,0.345,0,0,29.352,4.557,29.623,0,0,0.345,-2.002,6.003,-0.900,1.200
24.0,15.476,-15.485,-5.018,-0.018,1.915,2,14,0,0.236,0,0,27.021,11.992,-12.387,-5.104,-0.104,2.020,2,14,0,0.355,0,0,27.595,1.390,-25.557,-5.769,-0.769,0.885,2,14,0,0.241,0,0,30.387,4.663,30.658,0,0,0.355,-2.989,7.130,-1.070,1.052
25.0,17.059,-14.519,-4.934,0.066,1.875,2,14,0,0.337,0,0,28.699,13.529,-11.281,-5.092,-0.092,1.992,2,14,0,0.205,0,0,29.184,0.369,-25.058,-5.781,-0.781,1.313,2,14,0,0.333,0,0,30.880,4.793,31.142,0,0,0.337,-4.133,8.098,-1.215,0.880
26.0,18.360,-13.187,-4.997,0.003,1.940,2,14,0,0.260,0,0,30.029,14.922,-9.741,-5.060,-0.060,2.111,2,14,0,0.211,0,0,30.461,-0.937,-24.244,-5.751,-0.751,1.756,2,14,0,0.235,0,0,30.843,4.868,31.108,0,0,0.260,-5.409,8.884,-1.333,0.689
27.0,19.442,-11.504,-4.970,0.030,2.098,2,14,0,0.217,0,0,31.076,16.043,-7.862,-5.108,-0.108,2.297,2,14,0,0.468,0,0,31.498,-2.632,-23.120,-5.764,-0.764,2.224,2,14,0,0.377,0,0,30.263,4.984,31.451,0,0,0.468,-6.788,9.470,-1.421,0.482
28.0,20.325,-9.499,-4.949,0.051,2.327,2,14,0,0.231,0,0,31.896,16.887,-5.610,-5.042,-0.042,2.549,2,14,0,0.236,0,0,32.232,-4.519,-21.710,-5.787,-0.787,2.666,2,14,0,0.265,0,0,29.171,5.192,32.168,0,0,0.265,-8.239,9.844,-1.477,0.264
29.0,20.863,-7.186,-4.985,0.015,2.594,2,14,0,0.368,0,0,32.407,17.427,-3.073,-5.088,-0.088,2.825,2,14,0,0.283,0,0,32.728,-6.755,-19.966,-5.770,-0.770,3.047,2,14,0,0.260,0,0,27.506,5.360,32.660,0,0,0.368,-9.730,9.996,-1.499,0.040
30.0,21.088,-4.439,-4.989,0.011,2.937,2,14,0,0.232,0,0,32.619,17.716,-0.121,-5.048,-0.048,3.076,2,14,0,0.264,0,0,33.052,-9.105,-18.050,-5.748,-0.748,3.117,2,14,0,0.316,0,0,25.407,5.480,32.964,0,0,0.316,-11.227,9.924,-1.489,-0.184
31.0,21.044,-1.469,-5.020,-0.020,3.089,2,14,0,0.259,0,0,32.731,17.733,2.933,-5.122,-0.122,3.103,2,14,0,0.292,0,0,33.344,-11.402,-16.064,-5.737,-0.737,3.108,2,14,0,0.291,0,0,23.050,5.509,33.255,0,0,0.292,-12.696,9.630,-1.444,-0.404
32.0,20.648,1.562,-4.964,0.036,3.105,2,14,0,0.511,0,0,32.767,17.406,5.901,-5.090,-0.090,3.090,2,14,0,0.258,0,0,33.619,-13.703,-14.039,-5.736,-0.736,3.086,2,14,0,0.289,0,0,20.467,5.418,33.520,0,0,0.511,-14.105,9.119,-1.368,-0.616
33.0,19.967,4.528,-5.021,-0.021,3.097,2,14,0,0.342,0,0,32.823,16.677,8.922,-5.162,-0.162,3.090,2,14,0,0.236,0,0,33.770,-15.796,-11.856,-5.708,-0.708,3.074,2,14,0,0.267,0,0,17.518,5.491,33.663,0,0,0.342,-15.422,8.403,-1.260,-0.813
34.0,18.944,7.434,-4.941,0.059,3.092,2,14,0,0.229,0,0,32.841,15.658,11.843,-5.152,-0.152,3.084,2,14,0,0.238,0,0,33.934,-17.675,-9.470,-5.728,-0.728,3.055,2,14,0,0.311,0,0,14.221,5.503,33.820,0,0,0.311,-16.617,7.498,-1.125,-0.992
35.0,17.698,10.212,-4.993,0.007,3.069,2,14,0,0.235,0,0,32.933,14.351,14.586,-5.112,-0.112,3.074,2,14,0,0.233,0,0,34.092,-19.385,-6.909,-5.766,-0.766,3.058,2,14,0,0.272,0,0,10.639,5.509,33.973,0,0,0.272,-17.663,6.425,-0.964,-1.149
36.0,16.145,12.813,-5.011,-0.011,3.063,2,14,0,0.228,0,0,33.002,12.759,17.201,-5.026,-0.026,3.065,2,14,0,0.230,0,0,34.239,-20.704,-4.221,-5.741,-0.741,3.044,2,14,0,0.286,0,0,6.819,5.543,34.115,0,0,0.286,-18.537,5.208,-0.781,-1.281
37.0,14.246,15.212,-5.016,-0.016,3.062,2,14,0,0.271,0,0,32.991,10.867,19.597,-5.082,-0.082,3.060,2,14,0,0.231,0,0,34.339,-21.761,-1.430,-5.663,-0.663,3.007,2,14,0,0.238,0,0,3.030,5.537,34.205,0,0,0.271,-19.219,3.874,-0.581,-1.383
38.0,12.055,17.347,-5.008,-0.008,3.065,2,14,0,0.232,0,0,32.922,8.703,21.734,-5.087,-0.087,3.060,2,14,0,0.235,0,0,34.365,-22.613,1.337,-5.700,-0.700,2.825,2,14,0,0.243,0,0,2.561,5.522,34.238,0,0,0.243,-19.695,2.453,-0.368,-1.454
39.0,9.610,19.213,-4.967,0.033,3.058,2,14,0,0.229,0,0,32.813,6.241,23.603,-5.124,-0.124,3.063,2,14,0,0.210,0,0,34.304,-23.254,3.997,-5.750,-0.750,2.637,2,14,0,0.389,0,0,6.220,5.536,34.177,0,0,0.389,-19.952,0.976,-0.146,-1.493
40.0,7.028,20.687,-4.972,0.028,3.051,2,14,0,0.204,0,0,32.674,3.621,25.048,-5.087,-0.087,3.044,2,14,0,0.209,0,0,34.163,-23.592,6.482,-5.739,-0.739,2.450,2,14,0,0.207,0,0,10.117,5.536,34.030,0,0,0.209,-19.986,-0.522,0.078,-1.498
41.0,4.235,21.863,-4.969,0.031,3.053,2,14,0,0.229,0,0,32.480,0.785,26.199,-5.047,-0.047,3.067,2,14,0,0.204,0,0,33.934,-23.647,8.796,-5.691,-0.691,2.260,2,14,0,0.412,0,0,13.852,5.541,33.814,0,0,0.412,-19.796,-2.008,0.301,-1.469
42.0,1.335,22.723,-4.978,0.022,3.061,2,14,0,0.235,0,0,32.296,-2.177,26.967,-5.048,-0.048,3.059,2,14,0,0.275,0,0,33.638,-23.427,10.941,-5.739,-0.739,2.094,2,14,0,0.350,0,0,17.410,5.509,33.525,0,0,0.350,-19.386,-3.450,0.517,-1.408
43.0,-1.647,23.272,-4.999,0.001,3.054,2,14,0,0.230,0,0,32.135,-5.199,27.526,-5.131,-0.131,3.057,2,14,0,0.233,0,0,33.445,-22.813,12.888,-5.802,-0.802,1.984,2,14,0,0.236,0,0,20.694,5.543,33.340,0,0,0.236,-18.765,-4.814,0.722,-1.315
44.0,-4.720,23.528,-5.031,-0.031,3.057,2,14,0,0.255,0,0,32.015,-8.193,27.792,-5.133,-0.133,3.053,2,14,0,0.261,0,0,33.323,-21.946,14.661,-5.746,-0.746,1.932,2,14,0,0.261,0,0,23.677,5.500,33.227,0,0,0.261,-17.947,-6.070,0.910,-1.192
45.0,-7.635,23.446,-4.965,0.035,3.040,2,14,0,0.337,0,0,31.967,-11.159,27.740,-5.113,-0.113,3.043,2,14,0,0.263,0,0,33.228,-20.743,16.105,-5.693,-0.693,1.932,2,14,0,0.262,0,0,26.212,5.557,33.143,0,0,0.337,-16.951,-7.189,1.078,-1.043
46.0,-10.606,23.072,-4.990,0.010,3.033,2,14,0,0.315,0,0,31.961,-14.241,27.279,-5.066,-0.066,3.061,2,14,0,0.207,0,0,33.049,-19.209,17.231,-5.707,-0.707,2.014,2,14,0,0.288,0,0,28.249,5.560,32.970,0,0,0.315,-15.799,-8.147,1.222,-0.870
47.0,-13.466,22.357,-5.018,-0.018,2.971,2,14,0,0.260,0,0,31.971,-17.061,26.524,-5.120,-0.120,2.984,2,14,0,0.230,0,0,32.923,-17.353,18.152,-5.690,-0.690,2.192,2,14,0,0.350,0,0,29.899,5.503,32.864,0,0,0.350,-14.516,-8.922,1.338,-0.677
48.0,-16.171,21.289,-5.036,-0.036,2.930,2,14,0,0.203,0,0,31.959,-19.769,25.415,-5.140,-0.140,2.950,2,14,0,0.230,0,0,32.770,-15.198,18.830,-5.740,-0.740,2.424,2,14,0,0.238,0,0,31.112,2.736,32.719,0,0,0.238,-13.132,-9.497,1.425,-0.470
49.0,-18.723,19.874,-4.989,0.011,2.936,2,14,0,0.213,0,0,31.915,-22.310,23.949,-5.091,-0.091,2.969,2,14,0,0.260,0,0,32.546,-12.760,19.221,-5.771,-0.771,2.492,2,14,0,0.289,0,0,31.843,5.429,32.518,0,0,0.289,-11.678,-9.858,1.479,-0.252
50.0,-21.128,18.085,-4.992,0.008,2.998,2,14,0,0.264,0,0,31.821,-24.697,22.095,-5.091,-0.091,3.026,2,14,0,0.235,0,0,32.250,-10.285,19.319,-5.742,-0.742,2.437,2,14,0,0.322,0,0,32.094,5.368,32.237,0,0,0.322,-10.186,-9.998,1.500,-0.028
51.0,-23.306,15.981,-5.041,-0.041,3.047,2,14,0,0.238,0,0,31.711,-26.738,19.942,-5.098,-0.098,3.055,2,14,0,0.198,0,0,31.884,-7.887,19.154,-5.749,-0.749,2.376,2,14,0,0.258,0,0,31.885,5.241,31.888,0,0,0.258,-8.690,-9.914,1.487,0.197
52.0,-25.093,13.605,-4.982,0.018,3.056,2,14,0,0.468,0,0,31.527,-28.574,17.502,-5.078,-0.078,3.071,2,14,0,0.201,0,0,31.520,-5.742,18.614,-5.770,-0.770,2.313,2,14,0,0.236,0,0,31.085,5.226,31.541,0,0,0.468,-7.223,-9.607,1.441,0.417
53.0,-26.564,10.985,-4.961,0.039,3.062,2,14,0,0.226,0,0,31.315,-30.103,14.811,-5.108,-0.108,3.073,2,14,0,0.199,0,0,31.150,-3.652,17.726,-5.748,-0.748,2.303,2,14,0,0.223,0,0,29.744,5.215,31.188,0,0,0.226,-5.818,-9.084,1.363,0.627
54.0,-27.756,8.171,-4.991,0.009,3.065,2,14,0,0.227,0,0,31.148,-31.204,12.033,-5.108,-0.108,3.065,2,14,0,0.309,0,0,30.790,-1.657,16.572,-5.763,-0.763,2.339,2,14,0,0.237,0,0,27.967,5.179,31.018,0,0,0.309,-4.508,-8.357,1.254,0.824
55.0,-28.599,5.243,-5.056,-0.056,3.064,2,14,0,0.232,0,0,31.026,-31.906,9.183,-5.103,-0.103,3.041,2,14,0,0.262,0,0,30.439,0.131,15.074,-5.750,-0.750,2.413,2,14,0,0.233,0,0,25.669,5.145,30.993,0,0,0.262,-3.321,-7.442,1.116,1.002
56.0,-29.129,2.234,-4.939,0.061,3.065,2,14,0,0.289,0,0,30.993,-32.403,6.254,-5.088,-0.088,3.059,2,14,0,0.278,0,0,30.244,1.818,13.241,-5.789,-0.789,2.541,2,14,0,0.233,0,0,22.937,5.187,31.059,0,0,0.289,-2.284,-6.361,0.954,1.157
57.0,-29.309,-0.774,-4.929,0.071,3.060,2,14,0,0.283,0,0,31.034,-32.585,3.274,-5.025,-0.025,3.060,2,14,0,0.294,0,0,30.133,3.179,11.057,-5.775,-0.775,2.715,2,14,0,0.270,0,0,19.761,5.208,31.196,0,0,0.294,-1.420,-5.136,0.770,1.287
58.0,-29.151,-3.792,-4.954,0.046,3.001,2,14,0,0.224,0,0,31.147,-32.400,0.293,-5.072,-0.072,3.026,2,14,0,0.208,0,0,30.081,4.324,8.486,-5.714,-0.714,2.945,2,14,0,0.234,0,0,16.230,5.220,31.403,0,0,0.234,-0.749,-3.796,0.569,1.388
59.0,-28.621,-6.665,-5.023,-0.023,2.922,2,14,0,0.230,0,0,31.286,-31.816,-2.665,-5.018,-0.018,2.976,2,14,0,0.233,0,0,30.053,5.307,5.638,-5.676,-0.676,3.069,2,14,0,0.233,0,0,12.619,5.119,31.628,0,0,0.233,-0.285,-2.371,0.356,1.457
60.0,-27.875,-9.391,-4.954,0.046,2.860,2,14,0,0.204,0,0,31.565,-30.826,-5.445,-5.066,-0.066,2.940,2,14,0,0.207,0,0,30.024,5.897,2.720,-5.688,-0.688,3.081,2,14,0,0.257,0,0,9.374,4.928,31.985,0,0,0.257,-0.040,-0.893,0.134,1.494
61.0,-26.645,-11.971,-5.085,-0.085,2.849,2,14,0,0.199,0,0,31.698,-29.554,-8.099,-5.103,-0.103,2.945,2,14,0,0.198,0,0,30.102,6.300,-0.294,-5.735,-0.735,3.052,2,14,0,0.251,0,0,7.471,4.843,32.186,0,0,0.251,-0.018,0.606,-0.091,1.497
62.0,-25.062,-14.356,-4.971,0.029,2.872,2,14,0,0.211,0,0,31.787,-27.997,-10.501,-5.155,-0.155,2.958,2,14,0,0.234,0,0,30.224,6.387,-3.282,-5.733,-0.733,2.964,2,14,0,0.321,0,0,7.951,4.849,32.336,0,0,0.321,-0.221,2.091,-0.314,1.467
63.0,-23.220,-16.532,-5.009,-0.009,2.901,2,14,0,0.232,0,0,31.905,-26.040,-12.706,-5.122,-0.122,3.000,2,14,0,0.213,0,0,30.300,6.141,-6.139,-5.783,-0.783,2.850,2,14,0,0.239,0,0,10.312,4.754,32.505,0,0,0.239,-0.643,3.529,-0.529,1.404
64.0,-21.070,-18.522,-4.984,0.016,3.002,2,14,0,0.204,0,0,32.033,-23.814,-14.725,-5.128,-0.128,3.042,2,14,0,0.231,0,0,30.472,5.597,-8.875,-5.715,-0.715,2.773,2,14,0,0.232,0,0,13.442,4.687,32.674,0,0,0.232,-1.276,4.887,-0.733,1.309
65.0,-18.643,-20.278,-5.053,-0.053,3.068,2,14,0,0.300,0,0,32.184,-21.442,-16.468,-5.136,-0.136,3.054,2,14,0,0.202,0,0,30.761,4.747,-11.444,-5.791,-0.791,2.705,2,14,0,0.255,0,0,16.709,4.729,32.855,0,0,0.300,-2.104,6.136,-0.920,1.184
66.0,-15.930,-21.726,-5.009,-0.009,3.061,2,14,0,0.232,0,0,32.323,-18.687,-17.931,-5.105,-0.105,3.067,2,14,0,0.233,0,0,31.035,3.568,-13.808,-5.726,-0.726,2.687,2,14,0,0.288,0,0,19.787,4.691,33.011,0,0,0.288,-3.110,7.247,-1.087,1.034
67.0,-13.136,-22.814,-5.038,-0.038,3.056,2,14,0,0.259,0,0,32.509,-15.858,-19.056,-5.110,-0.110,3.069,2,14,0,0.233,0,0,31.414,2.085,-16.010,-5.750,-0.750,2.699,2,14,0,0.290,0,0,22.614,4.640,33.202,0,0,0.290,-4.270,8.196,-1.229,0.860
68.0,-10.206,-23.613,-4.997,0.003,3.065,2,14,0,0.385,0,0,32.775,-12.900,-19.795,-5.124,-0.124,3.071,2,14,0,0.268,0,0,31.811,0.247,-17.950,-5.751,-0.751,2.747,2,14,0,0.296,0,0,25.039,4.674,33.459,0,0,0.385,-5.559,8.960,-1.344,0.666
69.0,-7.207,-24.043,-4.987,0.013,3.056,2,14,0,0.256,0,0,33.061,-9.868,-20.244,-5.162,-0.162,3.017,2,14,0,0.231,0,0,32.329,-1.952,-19.713,-5.772,-0.772,2.867,2,14,0,0.258,0,0,27.102,4.642,33.723,0,0,0.258,-6.948,9.523,-1.428,0.458
70.0,-4.264,-24.094,-4.988,0.012,2.955,2,14,0,0.239,0,0,33.355,-6.999,-20.355,-5.057,-0.057,2.910,2,14,0,0.268,0,0,32.902,-4.439,-21.174,-5.729,-0.729,3.011,2,14,0,0.307,0,0,28.689,2.770,33.986,0,0,0.307,-8.405,9.872,-1.481,0.239
71.0,-1.413,-23.857,-4.967,0.033,2.868,2,14,0,0.229,0,0,33.709,-4.177,-20.083,-5.084,-0.084,2.814,2,14,0,0.238,0,0,33.431,-7.087,-22.402,-5.728,-0.728,3.050,2,14,0,0.268,0,0,29.861,3.776,34.298,0,0,0.268,-9.898,9.999,-1.500,0.015
72.0,1.405,-23.308,-5.023,-0.023,2.814,2,14,0,0.301,0,0,34.089,-1.414,-19.473,-5.136,-0.136,2.770,2,14,0,0.231,0,0,33.951,-9.987,-23.337,-5.740,-0.740,3.066,2,14,0,0.286,0,0,30.552,4.762,34.626,0,0,0.301,-11.394,9.902,-1.485,-0.209
73.0,3.967,-22.410,-5.026,-0.026,2.758,2,14,0,0.322,0,0,34.373,1.133,-18.551,-5.044,-0.044,2.727,2,14,0,0.203,0,0,34.410,-12.981,-23.876,-5.777,-0.777,3.035,2,14,0,0.290,0,0,30.695,4.788,34.852,0,0,0.322,-12.858,9.583,-1.437,-0.429
74.0,6.388,-21.152,-5.052,-0.052,2.753,2,14,0,0.240,0,0,34.563,3.534,-17.296,-5.069,-0.069,2.726,2,14,0,0.204,0,0,34.793,-15.949,-24.181,-5.764,-0.764,2.934,2,14,0,0.303,0,0,30.468,4.797,34.977,0,0,0.303,-14.258,9.048,-1.357,-0.639
75.0,8.638,-19.519,-4.982,0.018,2.808,2,14,0,0.207,0,0,34.642,5.691,-15.657,-4.989,0.011,2.765,2,14,0,0.204,0,0,35.004,-18.823,-24.170,-5.751,-0.751,2.832,2,14,0,0.442,0,0,29.805,4.858,34.985,0,0,0.442,-15.562,8.310,-1.247,-0.834
76.0,10.688,-17.531,-4.963,0.037,2.900,2,14,0,0.252,0,0,34.630,7.569,-13.633,-5.073,-0.073,2.860,2,14,0,0.206,0,0,35.025,-21.597,-23.844,-5.689,-0.689,2.739,2,14,0,0.261,0,0,28.736,4.993,34.985,0,0,0.261,-16.742,7.386,-1.108,-1.011
77.0,12.490,-15.220,-5.032,-0.032,3.029,2,14,0,0.259,0,0,34.546,9.330,-11.303,-5.161,-0.161,3.002,2,14,0,0.392,0,0,35.068,-24.131,-23.186,-5.785,-0.785,2.646,2,14,0,0.254,0,0,27.267,5.034,35.012,0,0,0.392,-17.770,6.295,-0.944,-1.165
78.0,14.049,-12.646,-4.994,0.006,3.063,2,14,0,0.230,0,0,34.462,10.807,-8.664,-5.126,-0.126,3.065,2,14,0,0.228,0,0,35.044,-26.488,-22.235,-5.805,-0.805,2.582,2,14,0,0.236,0,0,25.504,5.136,34.974,0,0,0.236,-18.623,5.064,-0.760,-1.293
79.0,15.265,-9.887,-5.020,-0.020,3.070,2,14,0,0.366,0,0,34.355,11.989,-5.815,-5.091,-0.091,3.079,2,14,0,0.235,0,0,35.028,-28.647,-20.938,-5.743,-0.743,2.571,2,14,0,0.244,0,0,23.469,5.226,34.945,0,0,0.366,-19.283,3.718,-0.558,-1.392
80.0,16.111,-6.952,-4.966,0.034,3.070,2,14,0,0.280,0,0,34.210,12.780,-2.856,-5.122,-0.122,3.083,2,14,0,0.276,0,0,34.979,-30.587,-19.293,-5.677,-0.677,2.617,2,14,0,0.240,0,0,21.285,5.282,34.885,0,0,0.280,-19.734,2.289,-0.343,-1.460
81.0,16.660,-3.930,-5.002,-0.002,3.066,2,14,0,0.416,0,0,34.139,13.265,0.168,-5.094,-0.094,3.059,2,14,0,0.231,0,0,34.988,-32.365,-17.352,-5.681,-0.681,2.715,2,14,0,0.238,0,0,19.217,5.322,34.883,0,0,0.416,-19.967,0.809,-0.121,-1.495
82.0,16.839,-0.970,-5.010,-0.010,2.961,2,14,0,0.248,0,0,34.081,13.427,3.171,-5.134,-0.134,2.959,2,14,0,0.283,0,0,35.039,-33.897,-15.089,-5.724,-0.724,2.858,2,14,0,0.265,0,0,17.455,5.367,34.926,0,0,0.283,-19.976,-0.690,0.103,-1.496
83.0,16.732,1.953,-4.996,0.004,2.866,2,14,0,0.229,0,0,34.092,13.282,6.041,-5.125,-0.125,2.855,2,14,0,0.228,0,0,35.116,-35.142,-12.445,-5.775,-0.775,3.022,2,14,0,0.524,0,0,16.302,5.350,34.997,0,0,0.524,-19.761,-2.173,0.326,-1.464
84.0,16.314,4.715,-4.962,0.038,2.784,2,14,0,0.223,0,0,34.103,12.774,8.725,-5.087,-0.087,2.764,2,14,0,0.231,0,0,35.106,-36.079,-9.601,-5.789,-0.789,3.071,2,14,0,0.212,0,0,16.162,5.350,34.983,0,0,0.231,-19.327,-3.607,0.541,-1.399
85.0,15.645,7.327,-5.002,-0.002,2.709,2,14,0,0.226,0,0,34.135,11.956,11.320,-5.045,-0.045,2.709,2,14,0,0.233,0,0,35.057,-36.727,-6.698,-5.709,-0.709,2.961,2,14,0,0.262,0,0,17.153,5.436,34.930,0,0,0.262,-18.683,-4.960,0.744,-1.302
86.0,14.513,9.784,-4.989,0.011,2.685,2,14,0,0.256,0,0,33.970,10.817,13.788,-5.092,-0.092,2.700,2,14,0,0.206,0,0,34.944,-37.077,-3.837,-5.718,-0.718,2.855,2,14,0,0.234,0,0,19.013,5.450,34.816,0,0,0.256,-17.844,-6.202,0.930,-1.177
87.0,13.047,12.017,-4.970,0.030,2.703,2,14,0,0.231,0,0,33.694,9.343,15.980,-5.092,-0.092,2.709,2,14,0,0.229,0,0,34.676,-37.104,-1.084,-5.735,-0.735,2.748,2,14,0,0.206,0,0,21.338,5.425,34.550,0,0,0.231,-16.829,-7.305,1.096,-1.024
88.0,11.225,14.058,-5.005,-0.005,2.773,2,14,0,0.199,0,0,33.312,7.518,17.920,-5.066,-0.066,2.763,2,14,0,0.232,0,0,34.246,-36.924,1.569,-5.744,-0.744,2.646,2,14,0,0.495,0,0,23.917,5.354,34.123,0,0,0.495,-15.661,-8.243,1.237,-0.849
89.0,9.044,15.903,-4.994,0.006,2.900,2,14,0,0.232,0,0,32.861,5.368,19.669,-5.106,-0.106,2.877,2,14,0,0.234,0,0,33.741,-36.367,4.093,-5.677,-0.677,2.568,2,14,0,0.215,0,0,26.380,5.264,33.621,0,0,0.234,-14.365,-8.997,1.350,-0.655
90.0,6.606,17.451,-5.014,-0.014,3.026,2,14,0,0.231,0,0,32.369,2.791,21.171,-5.150,-0.150,3.039,2,14,0,0.244,0,0,33.110,-35.413,6.436,-5.724,-0.724,2.524,2,14,0,0.233,0,0,28.546,5.330,32.997,0,0,0.244,-12.972,-9.548,1.432,-0.446
91.0,3.891,18.723,-4.984,0.016,3.060,2,14,0,0.230,0,0,31.875,-0.006,22.384,-5.109,-0.109,3.077,2,14,0,0.232,0,0,32.498,-34.272,8.601,-5.766,-0.766,2.503,2,14,0,0.233,0,0,30.473,5.348,32.397,0,0,0.233,-11.512,-9.885,1.483,-0.227
92.0,0.969,19.683,-5.001,-0.001,3.087,2,14,0,0.259,0,0,31.427,-2.967,23.297,-5.068,-0.068,3.081,2,14,0,0.313,0,0,31.957,-32.744,10.568,-5.757,-0.757,2.541,2,14,0,0.205,0,0,31.940,5.344,31.867,0,0,0.313,-10.018,-10.000,1.500,-0.003
93.0,-2.034,20.294,-5.031,-0.031,3.069,2,14,0,0.234,0,0,31.052,-5.913,23.820,-5.081,-0.081,3.068,2,14,0,0.493,0,0,31.459,-30.946,12.296,-5.760,-0.760,2.621,2,14,0,0.241,0,0,32.946,5.243,32.435,0,0,0.493,-8.523,-9.890,1.484,0.222
94.0,-4.923,20.653,-4.994,0.006,2.952,2,14,0,0.227,0,0,30.855,-8.849,24.005,-5.122,-0.122,2.959,2,14,0,0.232,0,0,31.028,-28.717,13.842,-5.795,-0.795,2.785,2,14,0,0.234,0,0,33.396,5.165,32.896,0,0,0.234,-7.062,-9.559,1.434,0.441
95.0,-7.837,20.669,-4.988,0.012,2.857,2,14,0,0.235,0,0,30.714,-11.644,23.916,-5.169,-0.169,2.843,2,14,0,0.206,0,0,30.705,-26.115,15.139,-5.827,-0.827,2.988,2,14,0,0.678,0,0,33.272,5.007,32.780,0,0,0.678,-5.666,-9.012,1.352,0.650
96.0,-10.650,20.382,-4.969,0.031,2.779,2,14,0,0.204,0,0,30.640,-14.363,23.521,-5.147,-0.147,2.755,2,14,0,0.203,0,0,30.427,-23.300,16.201,-5.765,-0.765,3.071,2,14,0,0.231,0,0,32.661,4.865,32.191,0,0,0.231,-4.368,-8.263,1.239,0.845
97.0,-13.274,19.662,-5.014,-0.014,2.707,2,14,0,0.213,0,0,30.456,-17.025,22.821,-5.075,-0.075,2.716,2,14,0,0.289,0,0,30.196,-20.425,16.929,-5.686,-0.686,3.065,2,14,0,0.239,0,0,31.585,4.904,31.122,0,0,0.289,-3.196,-7.329,1.099,1.021
98.0,-15.668,18.641,-5.003,-0.003,2.661,2,14,0,0.233,0,0,30.232,-19.535,21.786,-5.064,-0.064,2.700,2,14,0,0.253,0,0,29.953,-17.429,17.288,-5.730,-0.730,3.074,2,14,0,0.265,0,0,29.954,2.337,29.959,0,0,0.265,-2.178,-6.230,0.934,1.173
99.0,-17.919,17.281,-5.039,-0.039,2.659,2,14,0,0.232,0,0,29.969,-21.843,20.388,-5.051,-0.051,2.720,2,14,0,0.212,0,0,29.646,-14.351,17.333,-5.752,-0.752,3.075,2,14,0,0.352,0,0,27.881,3.640,29.669,0,0,0.352,-1.335,-4.991,0.749,1.300
100.0,-19.979,15.623,-5.027,-0.027,2.711,2,14,0,0.201,0,0,29.686,-23.951,18.617,-5.104,-0.104,2.781,2,14,0,0.205,0,0,29.288,-11.336,17.104,-5.764,-0.764,3.068,2,14,0,0.235,0,0,25.461,4.975,29.463,0,0,0.235,-0.686,-3.640,0.546,1.397
101.0,-21.768,13.592,-4.993,0.007,2.807,2,14,0,0.226,0,0,29.301,-25.750,16.504,-5.122,-0.122,2.883,2,14,0,0.228,0,0,28.853,-8.320,16.609,-5.713,-0.713,3.065,2,14,0,0.350,0,0,22.754,4.935,29.170,0,0,0.350,-0.247,-2.207,0.331,1.463
102.0,-23.346,11.189,-4.995,0.005,2.974,2,14,0,0.273,0,0,28.920,-27.240,14.058,-5.165,-0.165,3.021,2,14,0,0.236,0,0,28.381,-5.389,15.759,-5.678,-0.678,3.059,2,14,0,0.431,0,0,19.785,4.839,28.891,0,0,0.431,-0.026,-0.725,0.109,1.496
103.0,-24.656,8.515,-4.962,0.038,3.054,2,14,0,0.264,0,0,28.616,-28.568,11.379,-5.114,-0.114,3.065,2,14,0,0.479,0,0,28.110,-2.544,14.673,-5.682,-0.682,3.070,2,14,0,0.259,0,0,16.756,4.850,28.691,0,0,0.479,-0.030,0.774,-0.116,1.496
104.0,-25.637,5.643,-5.030,-0.030,3.063,2,14,0,0.280,0,0,28.398,-29.504,8.453,-5.127,-0.127,3.074,2,14,0,0.300,0,0,27.877,0.132,13.303,-5.796,-0.796,3.041,2,14,0,0.234,0,0,13.887,4.781,28.581,0,0,0.300,-0.258,2.255,-0.338,1.461
105.0,-26.315,2.767,-5.025,-0.025,2.924,2,14,0,0.425,0,0,28.343,-30.163,5.571,-5.107,-0.107,2.917,2,14,0,0.234,0,0,27.856,2.559,11.622,-5.754,-0.754,3.039,2,14,0,0.289,0,0,11.497,4.762,28.626,0,0,0.425,-0.704,3.685,-0.553,1.394
106.0,-26.799,-0.047,-5.000,0.000,2.793,2,14,0,0.291,0,0,28.516,-30.651,2.788,-5.145,-0.145,2.780,2,14,0,0.281,0,0,28.085,4.761,9.562,-5.771,-0.771,3.048,2,14,0,0.286,0,0,10.136,4.785,28.890,0,0,0.291,-1.359,5.033,-0.755,1.296
107.0,-26.875,-2.763,-5.012,-0.012,2.656,2,14,0,0.223,0,0,28.650,-30.781,0.158,-5.127,-0.127,2.626,2,14,0,0.201,0,0,28.314,6.706,7.222,-5.734,-0.734,3.058,2,14,0,0.286,0,0,10.494,4.879,29.103,0,0,0.286,-2.208,6.268,-0.940,1.169
108.0,-26.671,-5.314,-5.022,-0.022,2.546,2,14,0,0.202,0,0,28.807,-30.597,-2.390,-5.063,-0.063,2.521,2,14,0,0.206,0,0,28.535,8.321,4.755,-5.725,-0.725,2.930,2,14,0,0.212,0,0,12.454,4.896,29.320,0,0,0.212,-3.232,7.362,-1.104,1.015
109.0,-26.252,-7.734,-4.984,0.016,2.453,2,14,0,0.223,0,0,28.989,-30.098,-4.801,-5.045,-0.045,2.437,2,14,0,0.204,0,0,28.705,9.633,2.288,-5.746,-0.746,2.726,2,14,0,0.209,0,0,15.286,4.836,29.563,0,0,0.223,-4.409,8.291,-1.244,0.839
110.0,-25.529,-9.920,-4.968,0.032,2.384,2,14,0,0.203,0,0,29.046,-29.266,-6.992,-5.094,-0.094,2.381,2,14,0,0.233,0,0,28.741,10.769,-0.036,-5.782,-0.782,2.515,2,14,0,0.217,0,0,18.483,4.749,29.663,0,0,0.233,-5.710,9.033,-1.355,0.643
111.0,-24.340,-12.055,-4.933,0.067,2.405,2,14,0,0.204,0,0,28.963,-28.075,-9.064,-5.090,-0.090,2.395,2,14,0,0.226,0,0,28.686,11.586,-2.333,-5.748,-0.748,2.307,2,14,0,0.290,0,0,21.618,4.788,29.615,0,0,0.290,-7.108,9.573,-1.436,0.434
112.0,-22.765,-13.949,-5.029,-0.029,2.461,2,14,0,0.224,0,0,28.720,-26.536,-10.916,-5.108,-0.108,2.451,2,14,0,0.273,0,0,28.507,12.133,-4.464,-5.733,-0.733,2.089,2,14,0,0.235,0,0,24.507,4.840,29.398,0,0,0.273,-8.571,9.897,-1.485,0.214
113.0,-20.948,-15.634,-5.032,-0.032,2.571,2,14,0,0.237,0,0,28.458,-24.674,-12.517,-5.096,-0.096,2.553,2,14,0,0.239,0,0,28.220,12.350,-6.371,-5.755,-0.755,1.867,2,14,0,0.277,0,0,26.997,4.858,29.151,0,0,0.277,-10.066,10.000,-1.500,-0.010
114.0,-18.785,-17.021,-4.994,0.006,2.715,2,14,0,0.332,0,0,28.079,-22.496,-13.899,-5.041,-0.041,2.732,2,14,0,0.231,0,0,27.916,12.235,-8.098,-5.703,-0.703,1.672,2,14,0,0.208,0,0,29.000,4.850,29.602,0,0,0.332,-11.560,9.878,-1.482,-0.234
115.0,-16.234,-18.168,-4.964,0.036,2.941,2,14,0,0.286,0,0,27.704,-19.843,-15.023,-5.082,-0.082,2.975,2,14,0,0.723,0,0,27.590,11.862,-9.635,-5.666,-0.666,1.540,2,14,0,0.238,0,0,30.559,4.789,31.153,0,0,0.723,-13.019,9.534,-1.430,-0.453
116.0,-13.384,-19.024,-5.005,-0.005,3.017,2,14,0,0.237,0,0,27.407,-17.006,-15.873,-5.089,-0.089,2.989,2,14,0,0.309,0,0,27.402,11.156,-10.974,-5.625,-0.625,1.499,2,14,0,0.241,0,0,31.564,4.802,32.150,0,0,0.309,-14.409,8.975,-1.346,-0.661
117.0,-10.539,-19.661,-4.983,0.017,2.917,2,14,0,0.252,0,0,27.338,-14.207,-16.413,-5.118,-0.118,2.885,2,14,0,0.233,0,0,27.336,10.142,-12.063,-5.729,-0.729,1.548,2,14,0,0.207,0,0,31.980,4.901,32.562,0,0,0.252,-15.701,8.216,-1.232,-0.855
118.0,-7.727,-19.993,-5.012,-0.012,2.816,2,14,0,0.202,0,0,27.376,-11.435,-16.655,-5.136,-0.136,2.786,2,14,0,0.223,0,0,27.383,8.781,-12.903,-5.786,-0.786,1.699,2,14,0,0.263,0,0,31.768,4.992,32.339,0,0,0.263,-16.865,7.271,-1.091,-1.030
119.0,-4.980,-20.004,-4.975,0.025,2.716,2,14,0,0.252,0,0,27.468,-8.763,-16.605,-5.173,-0.173,2.679,2,14,0,0.212,0,0,27.483,7.095,-13.398,-5.769,-0.769,1.933,2,14,0,0.234,0,0,30.875,5.090,31.439,0,0,0.252,-17.874,6.164,-0.925,-1.181
120.0,-2.384,-19.675,-4.960,0.040,2.616,2,14,0,0.274,0,0,27.532,-6.169,-16.284,-5.098,-0.098,2.595,2,14,0,0.225,0,0,27.635,5.038,-13.608,-5.788,-0.788,2.241,2,14,0,0.309,0,0,29.291,5.083,29.850,0,0,0.309,-18.707,4.918,-0.738,-1.306
121.0,0.067,-19.070,-5.013,-0.013,2.548,2,14,0,0.230,0,0,27.599,-3.770,-15.586,-5.037,-0.037,2.527,2,14,0,0.227,0,0,27.668,2.626,-13.583,-5.685,-0.685,2.606,2,14,0,0.256,0,0,27.043,5.183,27.956,0,0,0.256,-19.344,3.562,-0.534,-1.402
122.0,2.408,-18.089,-4.955,0.045,2.514,2,14,0,0.226,0,0,27.585,-1.406,-14.638,-5.100,-0.100,2.512,2,14,0,0.225,0,0,27.776,-0.134,-13.219,-5.657,-0.657,2.983,2,14,0,0.230,0,0,24.137,1.985,27.866,0,0,0.230,-19.772,2.125,-0.319,-1.466
123.0,4.527,-16.812,-5.011,-0.011,2.521,2,14,0,0.224,0,0,27.501,0.725,-13.289,-5.142,-0.142,2.519,2,14,0,0.226,0,0,27.733,-3.059,-12.549,-5.717,-0.717,3.097,2,14,0,0.232,0,0,20.678,3.899,27.697,0,0,0.232,-19.979,0.641,-0.096,-1.497
124.0,6.438,-15.193,-5.009,-0.009,2.565,2,14,0,0.229,0,0,27.338,2.610,-11.603,-5.118,-0.118,2.582,2,14,0,0.226,0,0,27.591,-5.955,-11.708,-5.714,-0.714,3.090,2,14,0,0.284,0,0,17.016,5.249,27.524,0,0,0.284,-19.963,-0.857,0.129,-1.494
125.0,8.156,-13.277,-4.997,0.003,2.669,2,14,0,0.310,0,0,27.167,4.251,-9.629,-5.099,-0.099,2.679,2,14,0,0.282,0,0,27.407,-8.854,-10.630,-5.781,-0.781,3.094,2,14,0,0.232,0,0,13.061,5.345,27.326,0,0,0.310,-19.723,-2.337,0.351,-1.458
126.0,9.692,-10.984,-4.975,0.025,2.840,2,14,0,0.274,0,0,27.029,5.716,-7.291,-5.095,-0.095,2.855,2,14,0,0.250,0,0,27.274,-11.684,-9.444,-5.730,-0.730,3.081,2,14,0,0.335,0,0,9.027,5.427,27.180,0,0,0.335,-19.265,-3.763,0.565,-1.390
127.0,10.936,-8.353,-4.994,0.006,2.998,2,14,0,0.207,0,0,26.919,6.905,-4.591,-5.061,-0.061,2.972,2,14,0,0.202,0,0,27.190,-14.409,-8.196,-5.767,-0.767,3.056,2,14,0,0.313,0,0,5.134,5.514,27.084,0,0,0.313,-18.598,-5.106,0.766,-1.290
128.0,11.845,-5.643,-5.028,-0.028,2.859,2,14,0,0.202,0,0,26.874,7.871,-1.816,-5.097,-0.097,2.857,2,14,0,0.206,0,0,27.286,-17.277,-7.054,-5.799,-0.799,2.979,2,14,0,0.202,0,0,2.470,5.517,27.178,0,0,0.206,-17.739,-6.333,0.950,-1.161
129.0,12.530,-3.011,-4.995,0.005,2.717,2,14,0,0.226,0,0,26.969,8.449,0.834,-5.144,-0.144,2.709,2,14,0,0.253,0,0,27.362,-19.956,-6.061,-5.798,-0.798,2.781,2,14,0,0.206,0,0,4.725,5.609,27.248,0,0,0.253,-16.705,-7.419,1.113,-1.006
130.0,12.900,-0.405,-4.973,0.027,2.583,2,14,0,0.223,0,0,27.072,8.732,3.400,-5.096,-0.096,2.566,2,14,0,0.228,0,0,27.445,-22.471,-5.214,-5.731,-0.731,2.561,2,14,0,0.203,0,0,8.417,5.645,27.327,0,0,0.228,-15.522,-8.337,1.251,-0.828
131.0,13.024,2.076,-5.020,-0.020,2.448,2,14,0,0.270,0,0,27.181,8.794,5.845,-5.081,-0.081,2.434,2,14,0,0.226,0,0,27.555,-24.803,-4.493,-5.748,-0.748,2.326,2,14,0,0.318,0,0,12.113,5.666,27.428,0,0,0.318,-14.214,-9.069,1.360,-0.632
132.0,12.839,4.407,-5.088,-0.088,2.323,2,14,0,0.228,0,0,27.188,8.521,8.186,-5.089,-0.089,2.326,2,14,0,0.228,0,0,27.547,-26.889,-3.965,-5.719,-0.719,2.059,2,14,0,0.232,0,0,15.587,5.738,27.420,0,0,0.232,-12.811,-9.597,1.440,-0.422
133.0,12.288,6.531,-5.022,-0.022,2.213,2,14,0,0.283,0,0,26.985,7.946,10.355,-5.137,-0.137,2.233,2,14,0,0.257,0,0,27.408,-28.767,-3.627,-5.743,-0.743,1.798,2,14,0,0.295,0,0,18.800,5.787,27.283,0,0,0.295,-11.345,-9.909,1.486,-0.202
134.0,11.468,8.536,-4.954,0.046,2.165,2,14,0,0.257,0,0,26.698,7.015,12.346,-5.071,-0.071,2.186,2,14,0,0.229,0,0,27.087,-30.467,-3.489,-5.686,-0.686,1.549,2,14,0,0.314,0,0,21.757,5.861,26.966,0,0,0.314,-9.849,-9.999,1.500,0.023
135.0,10.347,10.355,-5.036,-0.036,2.171,2,14,0,0.227,0,0,26.266,5.817,14.149,-5.114,-0.114,2.199,2,14,0,0.231,0,0,26.654,-31.847,-3.668,-5.728,-0.728,1.311,2,14,0,0.262,0,0,24.277,5.909,26.538,0,0,0.262,-8.357,-9.864,1.480,0.246
136.0,8.850,11.974,-4.995,0.005,2.243,2,14,0,0.233,0,0,25.665,4.260,15.752,-5.122,-0.122,2.275,2,14,0,0.233,0,0,26.067,-32.964,-4.112,-5.755,-0.755,1.150,2,14,0,0.280,0,0,26.430,5.946,25.959,0,0,0.280,-6.901,-9.508,1.426,0.465
137.0,6.932,13.343,-4.983,0.017,2.390,2,14,0,0.276,0,0,24.891,2.319,17.066,-5.067,-0.067,2.424,2,14,0,0.227,0,0,25.298,-33.872,-4.783,-5.731,-0.731,1.104,2,14,0,0.254,0,0,28.297,5.928,27.693,0,0,0.276,-5.515,-8.938,1.341,0.673
138.0,4.680,14.454,-4.969,0.031,2.591,2,14,0,0.262,0,0,24.065,0.034,18.138,-5.061,-0.061,2.631,2,14,0,0.973,0,0,24.485,-34.491,-5.711,-5.800,-0.800,1.191,2,14,0,0.261,0,0,29.805,5.930,29.202,0,0,0.973,-4.230,-8.167,1.225,0.866
139.0,2.127,15.311,-5.011,-0.011,2.819,2,14,0,0.258,0,0,23.293,-2.551,18.950,-5.031,-0.031,2.835,2,14,0,0.226,0,0,23.724,-34.765,-6.927,-5.788,-0.788,1.406,2,14,0,0.284,0,0,30.931,5.927,30.328,0,0,0.284,-3.074,-7.213,1.082,1.039
140.0,-0.502,15.882,-5.024,-0.024,2.721,2,14,0,0.202,0,0,22.645,-5.254,19.502,-5.077,-0.077,2.747,2,14,0,0.311,0,0,23.117,-34.774,-8.334,-5.802,-0.802,1.397,2,14,0,0.278,0,0,31.796,5.975,31.202,0,0,0.311,-2.074,-6.097,0.915,1.189
141.0,-3.128,16.181,-5.021,-0.021,2.632,2,14,0,0.224,0,0,22.146,-7.873,19.758,-5.078,-0.078,2.649,2,14,0,0.281,0,0,22.628,-34.465,-9.635,-5.684,-0.684,1.377,2,14,0,0.236,0,0,32.372,5.942,31.789,0,0,0.281,-1.252,-4.845,0.727,1.312
142.0,-5.705,16.142,-4.992,0.008,2.548,2,14,0,0.279,0,0,21.714,-10.560,19.733,-5.073,-0.073,2.586,2,14,0,0.252,0,0,22.292,-33.763,-10.851,-5.689,-0.689,1.430,2,14,0,0.210,0,0,32.563,6.039,31.994,0,0,0.279,-0.626,-3.483,0.522,1.406
143.0,-8.138,15.846,-4.975,0.025,2.464,2,14,0,0.229,0,0,21.371,-13.010,19.396,-5.110,-0.110,2.505,2,14,0,0.235,0,0,21.966,-32.771,-11.929,-5.703,-0.703,1.550,2,14,0,0.265,0,0,32.446,6.030,31.904,0,0,0.265,-0.211,-2.043,0.306,1.468
144.0,-10.414,15.202,-4.934,0.066,2.398,2,14,0,0.251,0,0,21.006,-15.329,18.674,-5.075,-0.075,2.444,2,14,0,0.229,0,0,21.599,-31.466,-12.815,-5.735,-0.735,1.716,2,14,0,0.402,0,0,31.997,6.019,31.470,0,0,0.402,-0.016,-0.557,0.084,1.498
145.0,-12.468,14.201,-4.955,0.045,2.353,2,14,0,0.226,0,0,20.560,-17.400,17.641,-5.122,-0.122,2.386,2,14,0,0.225,0,0,21.178,-29.780,-13.530,-5.775,-0.775,1.979,2,14,0,0.227,0,0,31.136,6.016,30.631,0,0,0.227,-0.044,0.941,-0.141,1.493
146.0,-14.503,12.871,-4.994,0.006,2.400,2,14,0,0.295,0,0,20.242,-19.285,16.336,-5.088,-0.088,2.397,2,14,0,0.233,0,0,20.773,-27.759,-14.041,-5.806,-0.806,2.245,2,14,0,0.263,0,0,29.887,5.907,29.431,0,0,0.295,-0.297,2.418,-0.363,1.455
147.0,-16.371,11.317,-5.050,-0.050,2.443,2,14,0,0.255,0,0,20.047,-21.111,14.711,-5.129,-0.129,2.460,2,14,0,0.308,0,0,20.503,-25.361,-14.351,-5.755,-0.755,2.558,2,14,0,0.286,0,0,28.295,5.831,27.866,0,0,0.308,-0.767,3.841,-0.576,1.385
148.0,-17.993,9.418,-5.004,-0.004,2.552,2,14,0,0.299,0,0,19.883,-22.771,12.789,-5.117,-0.117,2.572,2,14,0,0.512,0,0,20.358,-22.662,-14.485,-5.752,-0.752,2.884,2,14,0,0.260,0,0,26.452,5.848,26.077,0,0,0.512,-1.445,5.178,-0.777,1.283
149.0,-19.384,7.245,-5.082,-0.082,2.591,2,14,0,0.341,0,0,19.851,-24.128,10.544,-5.115,-0.115,2.647,2,14,0,0.234,0,0,20.266,-19.690,-14.380,-5.733,-0.733,3.087,2,14,0,0.233,0,0,24.437,5.778,24.136,0,0,0.341,-2.315,6.398,-0.960,1.153
150.0,-20.417,5.035,-5.000,-0.000,2.441,2,14,0,0.309,0,0,19.867,-25.255,8.246,-5.049,-0.049,2.519,2,14,0,0.211,0,0,20.364,-16.711,-14.092,-5.708,-0.708,3.079,2,14,0,0.240,0,0,22.576,5.807,22.369,0,0,0.309,-3.357,7.475,-1.121,0.996
151.0,-21.181,2.816,-4.990,0.010,2.294,2,14,0,0.288,0,0,19.974,-26.131,5.974,-5.102,-0.102,2.371,2,14,0,0.366,0,0,20.574,-13.709,-13.567,-5.682,-0.682,3.093,2,14,0,0.492,0,0,20.910,5.873,20.813,0,0,0.492,-4.549,8.384,-1.258,0.818
152.0,-21.771,0.735,-5.006,-0.006,2.124,2,14,0,0.255,0,0,20.172,-26.694,3.733,-5.073,-0.073,2.218,2,14,0,0.256,0,0,20.783,-10.793,-12.748,-5.719,-0.719,3.070,2,14,0,0.228,0,0,19.515,5.765,20.910,0,0,0.256,-5.863,9.104,-1.366,0.621
153.0,-22.044,-1.244,-5.026,-0.026,1.955,2,14,0,0.223,0,0,20.266,-26.992,1.676,-5.123,-0.123,2.043,2,14,0,0.230,0,0,20.925,-7.908,-11.620,-5.710,-0.710,3.073,2,14,0,0.230,0,0,18.483,5.747,21.052,0,0,0.230,-7.270,9.620,-1.443,0.410
154.0,-22.043,-3.097,-4.986,0.014,1.805,2,14,0,0.230,0,0,20.252,-27.007,-0.288,-5.075,-0.075,1.903,2,14,0,0.229,0,0,20.973,-5.190,-10.214,-5.700,-0.700,3.066,2,14,0,0.210,0,0,17.937,5.704,21.099,0,0,0.230,-8.738,9.920,-1.488,0.189
155.0,-21.771,-4.761,-4.980,0.020,1.684,2,14,0,0.224,0,0,20.067,-26.675,-2.088,-5.135,-0.135,1.787,2,14,0,0.250,0,0,20.825,-2.696,-8.532,-5.789,-0.789,3.051,2,14,0,0.286,0,0,17.888,5.588,20.948,0,0,0.286,-10.235,9.997,-1.500,-0.035
156.0,-21.107,-6.284,-5.010,-0.010,1.635,2,14,0,0.279,0,0,19.663,-26.069,-3.657,-5.080,-0.080,1.712,2,14,0,0.291,0,0,20.481,-0.395,-6.519,-5.772,-0.772,3.054,2,14,0,0.229,0,0,18.301,5.615,20.599,0,0,0.291,-11.726,9.850,-1.477,-0.259
157.0,-20.180,-7.609,-4.964,0.036,1.654,2,14,0,0.251,0,0,19.111,-25.084,-5.059,-5.110,-0.110,1.722,2,14,0,0.252,0,0,19.939,1.534,-4.254,-5.816,-0.816,3.043,2,14,0,0.229,0,0,19.089,5.530,20.050,0,0,0.252,-13.179,9.481,-1.422,-0.477
158.0,-18.903,-8.675,-4.943,0.057,1.754,2,14,0,0.252,0,0,18.350,-23.867,-6.254,-5.113,-0.113,1.805,2,14,0,0.232,0,0,19.291,3.244,-1.733,-5.719,-0.719,3.054,2,14,0,0.294,0,0,20.294,5.526,20.909,0,0,0.294,-14.560,8.900,-1.335,-0.684
159.0,-17.331,-9.546,-4.950,0.050,1.934,2,14,0,0.258,0,0,17.538,-22.196,-7.260,-5.153,-0.153,1.992,2,14,0,0.307,0,0,18.530,4.728,0.903,-5.775,-0.775,3.051,2,14,0,0.419,0,0,21.928,5.379,22.545,0,0,0.419,-15.838,8.119,-1.218,-0.876
160.0,-15.381,-10.209,-5.023,-0.023,2.076,2,14,0,0.286,0,0,16.758,-20.246,-7.961,-5.095,-0.095,2.169,2,14,0,0.308,0,0,17.725,5.839,3.664,-5.786,-0.786,2.946,2,14,0,0.201,0,0,23.741,5.360,24.342,0,0,0.308,-16.986,7.155,-1.073,-1.048
161.0,-13.422,-10.607,-5.088,-0.088,1.979,2,14,0,0.231,0,0,16.096,-18.187,-8.404,-5.099,-0.099,2.080,2,14,0,0.478,0,0,17.028,6.626,6.414,-5.719,-0.719,2.775,2,14,0,0.205,0,0,25.700,5.250,26.273,0,0,0.478,-17.977,6.031,-0.905,-1.197
162.0,-11.526,-10.721,-5.058,-0.058,1.888,2,14,0,0.224,0,0,15.523,-16.240,-8.613,-5.107,-0.107,1.966,2,14,0,0.227,0,0,16.449,7.112,9.014,-5.698,-0.698,2.598,2,14,0,0.231,0,0,27.705,5.165,28.242,0,0,0.231,-18.789,4.771,-0.716,-1.318
163.0,-9.684,-10.510,-5.021,-0.021,1.823,2,14,0,0.231,0,0,14.994,-14.410,-8.515,-5.080,-0.080,1.866,2,14,0,0.278,0,0,15.892,7.302,11.478,-5.722,-0.722,2.420,2,14,0,0.257,0,0,29.653,5.131,30.156,0,0,0.278,-19.403,3.404,-0.511,-1.410
164.0,-7.958,-10.013,-4.973,0.027,1.782,2,14,0,0.227,0,0,14.538,-12.624,-8.078,-5.068,-0.068,1.807,2,14,0,0.231,0,0,15.340,7.280,13.813,-5.720,-0.720,2.274,2,14,0,0.259,0,0,31.578,5.052,32.030,0,0,0.259,-19.806,1.961,-0.294,-1.471
165.0,-6.395,-9.199,-4.976,0.024,1.784,2,14,0,0.238,0,0,14.120,-10.976,-7.328,-5.061,-0.061,1.803,2,14,0,0.229,0,0,14.823,6.857,15.931,-5.703,-0.703,2.143,2,14,0,0.208,0,0,33.198,4.949,33.608,0,0,0.238,-19.989,0.473,-0.071,-1.498
166.0,-4.945,-8.073,-5.003,-0.003,1.854,2,14,0,0.251,0,0,13.836,-9.539,-6.295,-5.062,-0.062,1.834,2,14,0,0.255,0,0,14.332,6.087,17.888,-5.783,-0.783,2.076,2,14,0,0.204,0,0,34.579,4.927,34.941,0,0,0.255,-19.947,-1.025,0.154,-1.492
167.0,-3.776,-6.632,-5.000,-0.000,1.962,2,14,0,0.246,0,0,13.623,-8.293,-4.976,-5.045,-0.045,1.925,2,14,0,0.256,0,0,13.934,5.025,19.614,-5.767,-0.767,2.059,2,14,0,0.229,0,0,35.710,4.811,36.021,0,0,0.256,-19.682,-2.500,0.375,-1.452
168.0,-2.846,-4.890,-4.918,0.082,1.957,2,14,0,0.225,0,0,13.617,-7.199,-3.312,-5.097,-0.097,2.064,2,14,0,0.300,0,0,13.748,3.617,21.084,-5.790,-0.790,2.106,2,14,0,0.197,0,0,36.528,4.634,36.785,0,0,0.300,-19.200,-3.919,0.588,-1.380
169.0,-1.995,-3.226,-5.001,-0.001,1.802,2,14,0,0.225,0,0,14.028,-6.346,-1.505,-5.095,-0.095,1.927,2,14,0,0.222,0,0,13.829,1.839,22.268,-5.765,-0.765,2.235,2,14,0,0.230,0,0,37.007,4.680,37.207,0,0,0.230,-18.511,-5.250,0.787,-1.277
170.0,-1.467,-1.652,-4.979,0.021,1.625,2,14,0,0.257,0,0,14.487,-5.799,0.171,-5.071,-0.071,1.754,2,14,0,0.349,0,0,14.046,-0.329,23.237,-5.701,-0.701,2.460,2,14,0,0.251,0,0,37.229,4.701,37.371,0,0,0.349,-17.631,-6.463,0.969,-1.145
171.0,-1.275,-0.159,-5.000,0.000,1.452,2,14,0,0.271,0,0,14.899,-5.393,1.774,-5.146,-0.146,1.597,2,14,0,0.282,0,0,14.477,-2.789,23.945,-5.707,-0.707,2.727,2,14,0,0.305,0,0,37.274,4.551,37.347,0,0,0.305,-16.580,-7.530,1.130,-0.987
172.0,-1.311,1.196,-5.054,-0.054,1.304,2,14,0,0.250,0,0,15.288,-5.279,3.349,-5.148,-0.148,1.474,2,14,0,0.245,0,0,14.919,-5.636,24.359,-5.658,-0.658,3.023,2,14,0,0.284,0,0,37.128,4.516,37.129,0,0,0.284,-15.381,-8.429,1.264,-0.807
173.0,-1.581,2.366,-5.000,-0.000,1.196,2,14,0,0.310,0,0,15.566,-5.526,4.744,-5.152,-0.152,1.362,2,14,0,0.257,0,0,15.215,-8.662,24.435,-5.692,-0.692,3.096,2,14,0,0.286,0,0,36.889,4.609,36.823,0,0,0.310,-14.061,-9.138,1.371,-0.609
174.0,-2.120,3.456,-4.999,0.001,1.188,2,14,0,0.259,0,0,15.793,-6.031,5.951,-5.136,-0.136,1.301,2,14,0,0.308,0,0,15.434,-11.715,24.211,-5.720,-0.720,3.083,2,14,0,0.280,0,0,36.672,4.641,36.533,0,0,0.308,-12.649,-9.643,1.446,-0.397
175.0,-3.022,4.368,-4.995,0.005,1.283,2,14,0,0.259,0,0,15.890,-6.785,6.989,-5.130,-0.130,1.319,2,14,0,0.304,0,0,15.583,-14.659,23.697,-5.784,-0.784,3.046,2,14,0,0.240,0,0,36.490,4.587,36.280,0,0,0.304,-11.179,-9.930,1.490,-0.177
176.0,-4.212,4.993,-4.968,0.032,1.448,2,14,0,0.356,0,0,15.864,-7.769,7.826,-5.096,-0.096,1.424,2,14,0,0.258,0,0,15.686,-17.491,22.898,-5.769,-0.769,3.025,2,14,0,0.242,0,0,36.325,4.549,36.047,0,0,0.356,-9.681,-9.995,1.499,0.048
177.0,-5.572,5.397,-5.028,-0.028,1.414,2,14,0,0.250,0,0,15.871,-9.045,8.428,-5.104,-0.104,1.455,2,14,0,0.406,0,0,15.746,-20.255,21.813,-5.834,-0.834,3.020,2,14,0,0.235,0,0,36.181,4.610,35.838,0,0,0.406,-8.191,-9.835,1.475,0.271
178.0,-6.846,5.493,-4.970,0.030,1.289,2,14,0,0.289,0,0,15.843,-10.379,8.781,-5.138,-0.138,1.326,2,14,0,0.235,0,0,15.827,-22.870,20.302,-5.769,-0.769,3.049,2,14,0,0.243,0,0,35.910,4.829,35.507,0,0,0.289,-6.742,-9.454,1.418,0.489
179.0,-8.037,5.346,-4.990,0.010,1.204,2,14,0,0.251,0,0,15.800,-11.629,8.837,-5.157,-0.157,1.209,2,14,0,0.235,0,0,15.857,-25.262,18.538,-5.767,-0.767,3.053,2,14,0,0.206,0,0,35.647,5.011,35.189,0,0,0.251,-5.366,-8.861,1.329,0.695
180.0,-9.168,4.983,-4.987,0.013,1.176,2,14,0,0.235,0,0,15.764,-12.762,8.624,-5.066,-0.066,1.131,2,14,0,0.238,0,0,15.819,-27.469,16.394,-5.718,-0.718,3.069,2,14,0,0.232,0,0,35.308,5.116,34.797,0,0,0.238,-4.093,-8.069,1.210,0.886
181.0,-10.118,4.258,-5.008,-0.008,1.222,2,14,0,0.223,0,0,15.552,-13.812,8.150,-5.033,-0.033,1.131,2,14,0,0.254,0,0,15.718,-29.322,13.998,-5.736,-0.736,3.061,2,14,0,0.231,0,0,34.898,5.366,34.347,0,0,0.254,-2.954,-7.096,1.064,1.057
182.0,-10.958,3.256,-5.000,-0.000,1.361,2,14,0,0.297,0,0,15.318,-14.703,7.343,-5.071,-0.071,1.218,2,14,0,0.230,0,0,15.481,-30.883,11.382,-5.770,-0.770,3.064,2,14,0,0.232,0,0,34.482,5.544,33.898,0,0,0.297,-1.973,-5.963,0.895,1.204
183.0,-11.592,1.964,-4.977,0.023,1.555,2,14,0,0.232,0,0,15.047,-15.375,6.277,-5.087,-0.087,1.371,2,14,0,0.265,0,0,15.158,-32.151,8.558,-5.754,-0.754,3.072,2,14,0,0.260,0,0,34.074,5.738,33.472,0,0,0.265,-1.172,-4.697,0.705,1.324
184.0,-12.027,0.321,-4.962,0.038,1.826,2,14,0,0.281,0,0,14.827,-15.787,4.941,-5.045,-0.045,1.586,2,14,0,0.334,0,0,14.765,-33.041,5.709,-5.729,-0.729,3.049,2,14,0,0.373,0,0,33.700,5.958,33.084,0,0,0.373,-0.569,-3.325,0.499,1.415
185.0,-12.251,-1.577,-5.006,-0.006,1.936,2,14,0,0.232,0,0,14.838,-16.056,3.258,-5.034,-0.034,1.864,2,14,0,0.305,0,0,14.502,-33.713,2.742,-5.745,-0.745,3.059,2,14,0,0.312,0,0,33.452,6.153,32.838,0,0,0.312,-0.178,-1.878,0.282,1.473
186.0,-12.168,-3.417,-5.034,-0.034,1.862,2,14,0,0.236,0,0,15.084,-16.034,1.461,-5.072,-0.072,1.820,2,14,0,0.252,0,0,14.432,-34.041,-0.297,-5.737,-0.737,3.029,2,14,0,0.263,0,0,33.245,6.224,32.644,0,0,0.263,-0.008,-0.389,0.058,1.499
187.0,-11.840,-5.149,-4.996,0.004,1.804,2,14,0,0.252,0,0,15.560,-15.745,-0.275,-5.159,-0.159,1.777,2,14,0,0.226,0,0,14.608,-34.007,-3.247,-5.751,-0.751,2.924,2,14,0,0.228,0,0,33.073,6.247,32.493,0,0,0.252,-0.062,1.108,-0.166,1.491
188.0,-11.226,-6.845,-5.008,-0.008,1.765,2,14,0,0.223,0,0,16.207,-15.193,-1.959,-5.138,-0.138,1.741,2,14,0,0.244,0,0,15.015,-33.660,-6.088,-5.714,-0.714,2.807,2,14,0,0.228,0,0,32.942,6.295,32.395,0,0,0.244,-0.339,2.581,-0.387,1.449
189.0,-10.333,-8.382,-5.034,-0.034,1.772,2,14,0,0.277,0,0,16.952,-14.405,-3.457,-5.111,-0.111,1.728,2,14,0,0.228,0,0,15.583,-32.981,-8.704,-5.720,-0.720,2.694,2,14,0,0.229,0,0,32.777,6.390,32.270,0,0,0.277,-0.833,3.996,-0.599,1.375
190.0,-9.142,-9.734,-5.012,-0.012,1.827,2,14,0,0.253,0,0,17.739,-13.401,-4.863,-5.108,-0.108,1.771,2,14,0,0.229,0,0,16.338,-32.041,-11.240,-5.727,-0.727,2.652,2,14,0,0.205,0,0,32.652,6.471,32.193,0,0,0.253,-1.533,5.321,-0.798,1.270
191.0,-7.695,-10.986,-5.016,-0.016,1.970,2,14,0,0.225,0,0,18.672,-12.067,-6.096,-5.077,-0.077,1.895,2,14,0,0.289,0,0,17.156,-30.734,-13.519,-5.696,-0.696,2.649,2,14,0,0.221,0,0,32.393,6.560,31.988,0,0,0.289,-2.423,6.526,-0.979,1.136
192.0,-5.977,-12.023,-4.982,0.018,2.115,2,14,0,0.267,0,0,19.671,-10.381,-7.164,-5.076,-0.076,2.049,2,14,0,0.283,0,0,18.076,-29.052,-15.573,-5.718,-0.718,2.695,2,14,0,0.227,0,0,31.998,6.558,31.655,0,0,0.283,-3.484,7.585,-1.138,0.977
193.0,-4.018,-12.831,-4.976,0.024,2.222,2,14,0,0.255,0,0,20.763,-8.437,-7.995,-5.139,-0.139,2.191,2,14,0,0.232,0,0,19.125,-27.119,-17.432,-5.776,-0.776,2.782,2,14,0,0.287,0,0,31.599,6.553,31.325,0,0,0.287,-4.690,8.474,-1.271,0.796
194.0,-1.930,-13.310,-4.966,0.034,2.096,2,14,0,0.271,0,0,21.880,-6.438,-8.607,-5.120,-0.120,2.057,2,14,0,0.259,0,0,20.350,-24.745,-19.023,-5.765,-0.765,2.950,2,14,0,0.209,0,0,31.053,6.517,30.855,0,0,0.271,-6.016,9.172,-1.376,0.598
195.0,0.082,-13.574,-4.952,0.048,1.982,2,14,0,0.228,0,0,23.094,-4.519,-8.932,-5.070,-0.070,1.919,2,14,0,0.230,0,0,21.611,-22.058,-20.332,-5.762,-0.762,3.062,2,14,0,0.309,0,0,30.490,6.537,30.381,0,0,0.309,-7.432,9.665,-1.450,0.385
196.0,1.991,-13.619,-5.014,-0.014,1.859,2,14,0,0.199,0,0,24.324,-2.723,-9.065,-5.116,-0.116,1.784,2,14,0,0.224,0,0,22.907,-19.140,-21.309,-5.796,-0.796,3.075,2,14,0,0.284,0,0,29.970,6.555,29.953,0,0,0.284,-8.905,9.940,-1.491,0.164
197.0,3.789,-13.354,-4.995,0.005,1.770,2,14,0,0.234,0,0,25.428,-1.026,-8.871,-5.123,-0.123,1.678,2,14,0,0.234,0,0,24.055,-16.214,-21.991,-5.725,-0.725,3.069,2,14,0,0.285,0,0,29.623,6.580,29.699,0,0,0.285,-10.403,9.992,-1.499,-0.060
198.0,5.394,-12.800,-5.005,-0.005,1.708,2,14,0,0.206,0,0,26.357,0.548,-8.383,-5.046,-0.046,1.615,2,14,0,0.277,0,0,25.050,-13.328,-22.333,-5.722,-0.722,2.988,2,14,0,0.236,0,0,29.388,6.556,29.555,0,0,0.277,-11.891,9.820,-1.473,-0.284
199.0,6.800,-11.951,-4.973,0.027,1.696,2,14,0,0.229,0,0,27.071,1.891,-7.640,-5.071,-0.071,1.588,2,14,0,0.226,0,0,25.842,-10.362,-22.362,-5.788,-0.788,2.907,2,14,0,0.208,0,0,29.276,6.534,29.532,0,0,0.229,-13.337,9.427,-1.414,-0.501
200.0,8.006,-10.875,-5.012,-0.012,1.732,2,14,0,0.260,0,0,27.611,3.020,-6.609,-5.110,-0.110,1.622,2,14,0,0.234,0,0,26.397,-7.569,-22.100,-5.791,-0.791,2.817,2,14,0,0.209,0,0,29.276,6.563,29.612,0,0,0.260,-14.709,8.822,-1.323,-0.706
201.0,8.988,-9.470,-5.001,-0.001,1.850,2,14,0,0.234,0,0,27.893,4.009,-5.263,-5.126,-0.126,1.754,2,14,0,0.230,0,0,26.768,-4.916,-21.527,-5.738,-0.738,2.747,2,14,0,0.237,0,0,29.329,6.519,29.731,0,0,0.237,-15.974,8.019,-1.203,-0.896
202.0,9.821,-7.713,-4.977,0.023,2.050,2,14,0,0.301,0,0,28.009,4.696,-3.533,-5.101,-0.101,1.958,2,14,0,0.227,0,0,26.834,-2.406,-20.567,-5.694,-0.694,2.704,2,14,0,0.234,0,0,29.332,6.615,29.795,0,0,0.301,-17.105,7.036,-1.055,-1.066
203.0,10.370,-5.597,-4.982,0.018,2.315,2,14,0,0.287,0,0,27.913,5.224,-1.490,-5.149,-0.149,2.230,2,14,0,0.260,0,0,26.818,-0.114,-19.226,-5.708,-0.708,2.702,2,14,0,0.232,0,0,29.255,6.586,29.768,0,0,0.287,-18.077,5.896,-0.884,-1.212
204.0,10.678,-3.145,-5.003,-0.003,2.623,2,14,0,0.261,0,0,27.746,5.491,0.857,-5.091,-0.091,2.533,2,14,0,0.288,0,0,26.723,2.015,-17.627,-5.679,-0.679,2.733,2,14,0,0.266,0,0,29.226,6.552,29.785,0,0,0.288,-18.868,4.622,-0.693,-1.330
205.0,10.702,-0.376,-5.041,-0.041,2.900,2,14,0,0.235,0,0,27.592,5.483,3.493,-5.089,-0.089,2.750,2,14,0,0.257,0,0,26.651,3.956,-15.659,-5.720,-0.720,2.830,2,14,0,0.241,0,0,29.187,6.497,29.777,0,0,0.257,-19.459,3.245,-0.487,-1.419
206.0,10.397,2.492,-5.005,-0.005,2.894,2,14,0,0.246,0,0,27.534,5.143,6.201,-5.081,-0.081,2.738,2,14,0,0.205,0,0,26.657,5.666,-13.358,-5.737,-0.737,2.970,2,14,0,0.258,0,0,29.172,6.432,29.780,0,0,0.258,-19.838,1.795,-0.269,-1.476
207.0,9.898,5.293,-4.979,0.021,2.874,2,14,0,0.236,0,0,27.737,4.527,8.835,-5.155,-0.155,2.728,2,14,0,0.271,0,0,26.812,7.083,-10.681,-5.740,-0.740,3.064,2,14,0,0.346,0,0,29.164,6.436,29.784,0,0,0.346,-19.995,0.305,-0.046,-1.499
208.0,9.119,7.986,-4.981,0.019,2.856,2,14,0,0.203,0,0,28.085,3.614,11.379,-5.135,-0.135,2.730,2,14,0,0.233,0,0,27.082,8.247,-7.803,-5.754,-0.754,3.080,2,14,0,0.462,0,0,29.331,6.468,29.946,0,0,0.462,-19.929,-1.192,0.179,-1.489
209.0,7.933,10.512,-4.992,0.008,2.858,2,14,0,0.248,0,0,28.422,2.434,13.751,-5.157,-0.157,2.730,2,14,0,0.239,0,0,27.450,9.067,-4.999,-5.763,-0.763,2.949,2,14,0,0.215,0,0,29.615,6.384,30.207,0,0,0.248,-19.639,-2.662,0.399,-1.446
